ID,MAKE,MODEL,MODEL YEAR
1,BMW,R 1250 GS,2019
2,BMW,R 1250 GS,2020
3,BMW,R 1250 GS ADVENTURE,2019
4,BMW,R 1250 GS ADVENTURE,2020
5,BMW,R 1250 R,2020
6,BMW,R 1250 RS,2020
7,BMW,R 1250 RT,2019
8,BMW,R 1250 RT,2020
9,BMW,R NINE T,2018
10,BMW,R NINE T,2019
11,BMW,R NINE T,2020
12,BMW,R NINE T PURE,2019
13,BMW,R NINE T PURE,2020
14,BMW,R NINE T RACER,2018
15,BMW,R NINE T SCRAMBLER,2018
16,BMW,R NINE T SCRAMBLER,2019
17,BMW,R NINE T SCRAMBLER,2020
18,LAND ROVER,RANGE ROVER EVOQUE,2020
19,LINCOLN,MKZ,2013
20,LINCOLN,MKZ,2014
21,LINCOLN,MKZ,2015
22,LINCOLN,MKZ,2016
23,VOLKSWAGEN,BEETLE,2012
24,VOLKSWAGEN,BEETLE,2013
25,VOLKSWAGEN,BEETLE,2014
26,VOLKSWAGEN,BEETLE,2015
27,VOLKSWAGEN,BEETLE,2016
28,VOLKSWAGEN,BEETLE,2017
29,VOLKSWAGEN,BEETLE,2018
30,VOLKSWAGEN,BEETLE,2019
31,VOLKSWAGEN,JETTA,2004
32,VOLKSWAGEN,JETTA,2005
33,VOLKSWAGEN,JETTA,2006
34,VOLKSWAGEN,JETTA,2007
35,VOLKSWAGEN,JETTA,2008
36,VOLKSWAGEN,JETTA,2009
37,VOLKSWAGEN,JETTA,2010
38,VOLKSWAGEN,JETTA,2011
39,VOLKSWAGEN,JETTA,2012
40,VOLKSWAGEN,JETTA,2013
41,VOLKSWAGEN,JETTA,2014
42,VOLKSWAGEN,JETTA,2015
43,VOLKSWAGEN,JETTA,2016
44,VOLKSWAGEN,JETTA,2017
45,VOLKSWAGEN,JETTA,2018
46,HONDA,RIDGELINE,2017
47,HONDA,RIDGELINE,2018
48,HONDA,RIDGELINE,2019
49,HONDA,RIDGELINE,2020
50,SPARTAN,METROSTAR,2018
51,SPARTAN,METROSTAR,2019
52,SPARTAN FIRE,GLADIATOR,2018
53,SPARTAN FIRE,GLADIATOR,2019
54,FORD,F-250 SD,2005
55,FORD,F-250 SD,2006
56,FORD,F-250 SD,2007
57,FORD,F-250 SD,2008
58,FORD,F-250 SD,2009
59,FORD,F-250 SD,2010
60,FORD,F-250 SD,2011
61,FORD,F-250 SD,2012
62,FORD,F-250 SD,2013
63,FORD,F-250 SD,2014
64,FORD,F-250 SD,2015
65,FORD,F-250 SD,2016
66,FORD,F-250 SD,2017
67,FORD,F-250 SD,2018
68,FORD,F-250 SD,2019
69,FORD,F-250 SD,2020
70,FORD,F-250 SD,2021
71,FORD,F-350 SD,2005
72,FORD,F-350 SD,2006
73,FORD,F-350 SD,2007
74,FORD,F-350 SD,2008
75,FORD,F-350 SD,2009
76,FORD,F-350 SD,2010
77,FORD,F-350 SD,2011
78,FORD,F-350 SD,2012
79,FORD,F-350 SD,2013
80,FORD,F-350 SD,2014
81,FORD,F-350 SD,2015
82,FORD,F-350 SD,2016
83,FORD,F-350 SD,2017
84,FORD,F-350 SD,2018
85,FORD,F-350 SD,2019
86,FORD,F-350 SD,2020
87,FORD,F-350 SD,2021
88,PORSCHE,911 CARRERA,1999
89,PORSCHE,911 CARRERA,2000
90,PORSCHE,911 CARRERA,2001
91,PORSCHE,911 CARRERA,2002
92,PORSCHE,911 CARRERA,2003
93,PORSCHE,911 CARRERA,2004
94,PORSCHE,911 CARRERA,2005
95,PORSCHE,911 CARRERA,2006
96,PORSCHE,911 CARRERA,2007
97,PORSCHE,911 CARRERA,2008
98,PORSCHE,911 CARRERA,2009
99,PORSCHE,911 CARRERA,2010
100,PORSCHE,911 CARRERA,2011
101,PORSCHE,911 CARRERA,2012
102,PORSCHE,911 TURBO,2001
103,PORSCHE,911 TURBO,2002
104,PORSCHE,911 TURBO,2003
105,PORSCHE,911 TURBO,2004
106,PORSCHE,911 TURBO,2005
107,PORSCHE,911 TURBO,2006
108,PORSCHE,911 TURBO,2007
109,PORSCHE,911 TURBO,2008
110,PORSCHE,911 TURBO,2009
111,PORSCHE,911 TURBO,2010
112,PORSCHE,911 TURBO,2011
113,PORSCHE,911 TURBO,2012
114,PORSCHE,911 TURBO,2013
115,SAAB,9-2X,2005
116,SAAB,9-2X,2006
117,SUBARU,BAJA,2003
118,SUBARU,BAJA,2004
119,SUBARU,BAJA,2005
120,SUBARU,BAJA,2006
121,SUBARU,FORESTER,2009
122,SUBARU,FORESTER,2010
123,SUBARU,FORESTER,2011
124,SUBARU,FORESTER,2012
125,SUBARU,FORESTER,2013
126,SUBARU,IMPREZA,2004
127,SUBARU,IMPREZA,2005
128,SUBARU,IMPREZA,2006
129,SUBARU,IMPREZA,2007
130,SUBARU,IMPREZA,2008
131,SUBARU,IMPREZA,2009
132,SUBARU,IMPREZA,2010
133,SUBARU,IMPREZA,2011
134,SUBARU,LEGACY,2003
135,SUBARU,LEGACY,2004
136,SUBARU,LEGACY,2005
137,SUBARU,LEGACY,2006
138,SUBARU,LEGACY,2007
139,SUBARU,LEGACY,2008
140,SUBARU,LEGACY,2009
141,SUBARU,LEGACY,2010
142,SUBARU,LEGACY,2011
143,SUBARU,LEGACY,2012
144,SUBARU,LEGACY,2013
145,SUBARU,LEGACY,2014
146,SUBARU,OUTBACK,2003
147,SUBARU,OUTBACK,2004
148,SUBARU,OUTBACK,2005
149,SUBARU,OUTBACK,2006
150,SUBARU,OUTBACK,2007
151,SUBARU,OUTBACK,2008
152,SUBARU,OUTBACK,2009
153,SUBARU,OUTBACK,2010
154,SUBARU,OUTBACK,2011
155,SUBARU,OUTBACK,2012
156,SUBARU,OUTBACK,2013
157,SUBARU,OUTBACK,2014
158,SUBARU,WRX,2004
159,SUBARU,WRX,2005
160,SUBARU,WRX,2006
161,SUBARU,WRX,2007
162,SUBARU,WRX,2008
163,SUBARU,WRX,2009
164,SUBARU,WRX,2010
165,SUBARU,WRX,2011
166,SUBARU,WRX,2012
167,SUBARU,WRX,2013
168,SUBARU,WRX,2014
169,MICRO BIRD,CT-SERIES,2015
170,MICRO BIRD,CT-SERIES,2016
171,MICRO BIRD,CT-SERIES,2017
172,MICRO BIRD,CT-SERIES,2018
173,MICRO BIRD,CT-SERIES,2019
174,MICRO BIRD,T-SERIES,2015
175,MICRO BIRD,T-SERIES TRANSIT BUS,2016
176,MICRO BIRD,T-SERIES TRANSIT BUS,2017
177,MICRO BIRD,T-SERIES TRANSIT BUS,2018
178,MICRO BIRD,T-SERIES TRANSIT BUS,2019
179,KME,FIRESTIX,2012
180,KME,FIRESTIX,2013
181,KME,FIRESTIX,2014
182,KME,FIRESTIX,2015
183,KME,FIRESTIX,2017
184,FERRARI,458 ITALIA,2010
185,FERRARI,458 ITALIA,2011
186,FERRARI,CALIFORNIA,2009
187,FERRARI,CALIFORNIA,2010
188,FERRARI,CALIFORNIA,2011
189,INFINITI,FX35,2003
190,INFINITI,FX35,2004
191,INFINITI,FX35,2005
192,INFINITI,FX35,2006
193,INFINITI,FX35,2007
194,INFINITI,FX35,2008
195,INFINITI,FX45,2003
196,INFINITI,FX45,2004
197,INFINITI,FX45,2005
198,INFINITI,FX45,2006
199,INFINITI,FX45,2007
200,INFINITI,FX45,2008
201,INFINITI,I30,2001
202,INFINITI,I30,2002
203,INFINITI,I30,2003
204,INFINITI,I30,2004
205,INFINITI,I35,2001
206,INFINITI,I35,2002
207,INFINITI,I35,2003
208,INFINITI,I35,2004
209,INFINITI,M35,2006
210,INFINITI,M35,2007
211,INFINITI,M35,2008
212,INFINITI,M35,2009
213,INFINITI,M35,2010
214,INFINITI,M45,2006
215,INFINITI,M45,2007
216,INFINITI,M45,2008
217,INFINITI,M45,2009
218,INFINITI,M45,2010
219,INFINITI,QX4,2002
220,INFINITI,QX4,2003
221,NISSAN,MAXIMA,2001
222,NISSAN,MAXIMA,2002
223,NISSAN,MAXIMA,2003
224,NISSAN,PATHFINDER,2002
225,NISSAN,PATHFINDER,2003
226,NISSAN,PATHFINDER,2004
227,NISSAN,SENTRA,2002
228,NISSAN,SENTRA,2003
229,NISSAN,SENTRA,2004
230,NISSAN,SENTRA,2005
231,NISSAN,SENTRA,2006
232,NISSAN,VERSA,2007
233,NISSAN,VERSA,2008
234,NISSAN,VERSA,2009
235,NISSAN,VERSA,2010
236,NISSAN,VERSA,2011
237,CHEVROLET,SILVERADO 2500,2007
238,CHEVROLET,SILVERADO 2500,2008
239,CHEVROLET,SILVERADO 3500,2007
240,CHEVROLET,SILVERADO 3500,2008
241,GMC,SIERRA 2500,2007
242,GMC,SIERRA 2500,2008
243,GMC,SIERRA 3500,2007
244,GMC,SIERRA 3500,2008
245,LEXUS,ES350,2018
246,LEXUS,ES350,2019
247,LEXUS,GS300,2018
248,LEXUS,GS300,2019
249,LEXUS,GS 350,2013
250,LEXUS,GS 350,2014
251,LEXUS,GS 350,2015
252,LEXUS,GS 350,2018
253,LEXUS,GS 350,2019
254,LEXUS,GX460,2014
255,LEXUS,GX460,2015
256,LEXUS,IS200T,2017
257,LEXUS,IS 300,2018
258,LEXUS,IS 300,2019
259,LEXUS,IS 350,2014
260,LEXUS,IS 350,2015
261,LEXUS,IS 350,2018
262,LEXUS,IS 350,2019
263,LEXUS,IS F,2014
264,LEXUS,LC500,2018
265,LEXUS,LC500,2019
266,LEXUS,LC HYBRID,2018
267,LEXUS,LC HYBRID,2019
268,LEXUS,LS460,2013
269,LEXUS,LS460,2014
270,LEXUS,LS460,2015
271,LEXUS,LS500,2018
272,LEXUS,LS500,2019
273,LEXUS,LS HYBRID,2018
274,LEXUS,LS HYBRID,2019
275,LEXUS,LX570,2014
276,LEXUS,LX570,2015
277,LEXUS,NX200T,2015
278,LEXUS,RC 200T,2017
279,LEXUS,RC 300,2018
280,LEXUS,RC 300,2019
281,LEXUS,RC 350,2015
282,LEXUS,RC 350,2018
283,LEXUS,RC 350,2019
284,LEXUS,RX350,2017
285,LEXUS,RX350,2018
286,LEXUS,RX350,2019
287,LEXUS,RX350L,2018
288,LEXUS,RX350L,2019
289,TOYOTA,4RUNNER,2014
290,TOYOTA,4RUNNER,2015
291,TOYOTA,AVALON,2018
292,TOYOTA,AVALON,2019
293,TOYOTA,CAMRY,2018
294,TOYOTA,CAMRY,2019
295,TOYOTA,COROLLA,2018
296,TOYOTA,COROLLA,2019
297,TOYOTA,FJ CRUISER,2014
298,TOYOTA,HIGHLANDER,2018
299,TOYOTA,HIGHLANDER,2019
300,TOYOTA,LAND CRUISER,2014
301,TOYOTA,LAND CRUISER,2015
302,TOYOTA,SEQUOIA,2018
303,TOYOTA,SEQUOIA,2019
304,TOYOTA,SIENNA,2017
305,TOYOTA,SIENNA,2018
306,TOYOTA,SIENNA,2019
307,TOYOTA,TACOMA,2018
308,TOYOTA,TACOMA,2019
309,TOYOTA,TUNDRA,2018
310,TOYOTA,TUNDRA,2019
311,AUTOCAR,XPEDITOR,2013
312,AUTOCAR,XPEDITOR,2014
313,AUTOCAR,XPEDITOR,2015
314,AUTOCAR,XPEDITOR,2016
315,AUTOCAR,XPEDITOR,2017
316,AUTOCAR,XPEDITOR,2018
317,AUTOCAR,XPEDITOR,2019
318,AUTOCAR,XPEDITOR,2020
319,TRIUMPH,SPEED TWIN,2019
320,TRIUMPH,SPEED TWIN,2020
321,TRIUMPH,THRUXTON,2016
322,TRIUMPH,THRUXTON,2017
323,TRIUMPH,THRUXTON,2018
324,TRIUMPH,THRUXTON R,2016
325,TRIUMPH,THRUXTON R,2017
326,TRIUMPH,THRUXTON R,2018
327,TRIUMPH,THRUXTON R,2019
328,TRIUMPH,THRUXTON TFC,2020
329,BMW,X5,2007
330,BMW,X5,2008
331,BMW,X5,2009
332,BMW,X5,2010
333,BMW,X5,2011
334,BMW,X5,2012
335,BMW,X6,2008
336,BMW,X6,2009
337,BMW,X6,2010
338,BMW,X6,2011
339,BMW,X6,2012
340,BMW,X6 ACTIVEHYBRID SAC,2010
341,BMW,X6 ACTIVEHYBRID SAC,2011
342,BMW,128I,2008
343,BMW,128I,2009
344,BMW,128I,2010
345,BMW,128I,2011
346,BMW,128I,2012
347,BMW,128I,2013
348,BMW,135I,2008
349,BMW,135I,2009
350,BMW,135I,2010
351,BMW,135I,2011
352,BMW,135I,2012
353,BMW,135I,2013
354,BMW,1 SERIES M,2008
355,BMW,1 SERIES M,2009
356,BMW,1 SERIES M,2010
357,BMW,1 SERIES M,2011
358,BMW,1 SERIES M,2012
359,BMW,1 SERIES M,2013
360,BMW,325I,2006
361,BMW,325I,2007
362,BMW,325I,2008
363,BMW,325I,2009
364,BMW,325I,2010
365,BMW,325I,2011
366,BMW,325XI,2006
367,BMW,325XI,2007
368,BMW,325XI,2008
369,BMW,325XI,2009
370,BMW,325XI,2010
371,BMW,325XI,2011
372,BMW,325XI,2012
373,BMW,328I,2006
374,BMW,328I,2007
375,BMW,328I,2008
376,BMW,328I,2009
377,BMW,328I,2010
378,BMW,328I,2011
379,BMW,328I,2012
380,BMW,328I,2013
381,BMW,328XI,2006
382,BMW,328XI,2007
383,BMW,328XI,2008
384,BMW,328XI,2009
385,BMW,328XI,2010
386,BMW,328XI,2011
387,BMW,328XI,2012
388,BMW,330I,2006
389,BMW,330I,2007
390,BMW,330I,2008
391,BMW,330I,2009
392,BMW,330I,2010
393,BMW,330I,2011
394,BMW,330XI,2006
395,BMW,330XI,2007
396,BMW,330XI,2008
397,BMW,330XI,2009
398,BMW,330XI,2010
399,BMW,330XI,2011
400,BMW,335D,2009
401,BMW,335D,2010
402,BMW,335D,2011
403,BMW,335I,2006
404,BMW,335I,2007
405,BMW,335I,2008
406,BMW,335I,2009
407,BMW,335I,2010
408,BMW,335I,2011
409,BMW,335I,2012
410,BMW,335I,2013
411,BMW,335IS,2007
412,BMW,335IS,2008
413,BMW,335IS,2009
414,BMW,335IS,2010
415,BMW,335IS,2011
416,BMW,335IS,2012
417,BMW,335IS,2013
418,BMW,335XI,2006
419,BMW,335XI,2007
420,BMW,335XI,2008
421,BMW,335XI,2009
422,BMW,335XI,2010
423,BMW,335XI,2011
424,BMW,M3,2006
425,BMW,M3,2007
426,BMW,M3,2008
427,BMW,M3,2009
428,BMW,M3,2010
429,BMW,M3,2011
430,BMW,M3,2012
431,BMW,M3,2013
432,BMW,X1,2013
433,BMW,X1,2014
434,BMW,X1,2015
435,BMW,X3,2007
436,BMW,X3,2008
437,BMW,X3,2009
438,BMW,X3,2010
439,BMW,X5,2013
440,BMW,X6,2013
441,BMW,X6,2014
442,BMW,320I,2000
443,BMW,320I,2001
444,BMW,320I,2002
445,BMW,320I,2003
446,BMW,320I,2004
447,BMW,320I,2005
448,BMW,323CI,2000
449,BMW,323CI,2001
450,BMW,323CI,2002
451,BMW,323CI,2003
452,BMW,323CI,2004
453,BMW,323CI,2005
454,BMW,323CI,2006
455,BMW,323I,2000
456,BMW,323I,2001
457,BMW,323I,2002
458,BMW,323I,2003
459,BMW,323I,2004
460,BMW,323I,2005
461,BMW,323IT,2000
462,BMW,323IT,2001
463,BMW,323IT,2002
464,BMW,323IT,2003
465,BMW,323IT,2004
466,BMW,323IT,2005
467,BMW,325CI,2000
468,BMW,325CI,2001
469,BMW,325CI,2002
470,BMW,325CI,2003
471,BMW,325CI,2004
472,BMW,325CI,2005
473,BMW,325CI,2006
474,BMW,325I,2000
475,BMW,325I,2001
476,BMW,325I,2002
477,BMW,325I,2003
478,BMW,325I,2004
479,BMW,325I,2005
480,BMW,325IT,2000
481,BMW,325IT,2001
482,BMW,325IT,2002
483,BMW,325IT,2003
484,BMW,325IT,2004
485,BMW,325IT,2005
486,BMW,325XI,2000
487,BMW,325XI,2001
488,BMW,325XI,2002
489,BMW,325XI,2003
490,BMW,325XI,2004
491,BMW,325XI,2005
492,BMW,325XIT,2000
493,BMW,325XIT,2001
494,BMW,325XIT,2002
495,BMW,325XIT,2003
496,BMW,325XIT,2004
497,BMW,325XIT,2005
498,BMW,328CI,2000
499,BMW,328CI,2001
500,BMW,328CI,2002
501,BMW,328CI,2003
502,BMW,328CI,2004
503,BMW,328CI,2005
504,BMW,328CI,2006
505,BMW,328I,2000
506,BMW,328I,2001
507,BMW,328I,2002
508,BMW,328I,2003
509,BMW,328I,2004
510,BMW,328I,2005
511,BMW,330CI,2000
512,BMW,330CI,2001
513,BMW,330CI,2002
514,BMW,330CI,2003
515,BMW,330CI,2004
516,BMW,330CI,2005
517,BMW,330CI,2006
518,BMW,330I,2000
519,BMW,330I,2001
520,BMW,330I,2002
521,BMW,330I,2003
522,BMW,330I,2004
523,BMW,330I,2005
524,BMW,330XI,2000
525,BMW,330XI,2001
526,BMW,330XI,2002
527,BMW,330XI,2003
528,BMW,330XI,2004
529,BMW,330XI,2005
530,BMW,M3,2000
531,BMW,M3,2001
532,BMW,M3,2002
533,BMW,M3,2003
534,BMW,M3,2004
535,BMW,M3,2005
536,MULTIQUIP,WT5C,2019
537,HYUNDAI,KONA,2020
538,TOYOTA,AVALON,2012
539,TOYOTA,AVALON,2013
540,TOYOTA,AVALON,2014
541,TOYOTA,AVALON,2015
542,TOYOTA,AVALON,2016
543,TOYOTA,AVALON,2017
544,TOYOTA,AVALON HYBRID,2013
545,TOYOTA,AVALON HYBRID,2014
546,TOYOTA,AVALON HYBRID,2015
547,TOYOTA,AVALON HYBRID,2016
548,TOYOTA,AVALON HYBRID,2017
549,TOYOTA,AVALON HYBRID,2018
550,TOYOTA,COROLLA,2011
551,TOYOTA,COROLLA,2012
552,TOYOTA,COROLLA,2013
553,TOYOTA,COROLLA,2014
554,TOYOTA,COROLLA,2015
555,TOYOTA,COROLLA,2016
556,TOYOTA,COROLLA,2017
557,TOYOTA,MATRIX,2011
558,TOYOTA,MATRIX,2012
559,TOYOTA,MATRIX,2013
560,CHEVROLET,4500HD,2019
561,CHEVROLET,4500HD,2020
562,CHEVROLET,4500XD,2020
563,CHEVROLET,5500HD,2020
564,CHEVROLET,5500XD,2020
565,ISUZU,NPR,2019
566,ISUZU,NPR HD,2019
567,ISUZU,NPR HD,2020
568,ISUZU,NPR XD,2020
569,ISUZU,NQR,2020
570,ISUZU,NRR,2020
571,ACURA,CL,1998
572,ACURA,CL,1999
573,ACURA,CL,2001
574,ACURA,MDX,2001
575,ACURA,RL,1998
576,ACURA,RL,1999
577,ACURA,RL,2000
578,ACURA,TL,1999
579,ACURA,TL,2000
580,HONDA,ACCORD,1998
581,HONDA,ACCORD,1999
582,HONDA,ACCORD,2000
583,HONDA,CIVIC,1996
584,HONDA,CIVIC,1997
585,HONDA,CIVIC,1998
586,HONDA,CIVIC,1999
587,HONDA,CIVIC,2000
588,HONDA,CR-V,1997
589,HONDA,CR-V,1998
590,HONDA,CR-V,1999
591,HONDA,CR-V,2000
592,HONDA,EV PLUS,1997
593,HONDA,EV PLUS,1998
594,HONDA,ODYSSEY,1998
595,HONDA,ODYSSEY,1999
596,HONDA,ODYSSEY,2000
597,ISUZU,OASIS,1998
598,ISUZU,OASIS,1999
599,ACURA,CL,2002
600,ACURA,MDX,2002
601,ACURA,RL,2001
602,ACURA,RL,2002
603,ACURA,RL,2003
604,ACURA,TL,2001
605,HONDA,CR-V,2001
606,HONDA,ODYSSEY,2001
607,ARCIMOTO,FUV,2019
608,TOYOTA,CELICA,1998
609,TOYOTA,CELICA,1999
610,TOYOTA,RAV4,1998
611,TOYOTA,RAV4,1999
612,TOYOTA,RAV4,2000
613,TOYOTA,SUPRA,1997
614,TOYOTA,SUPRA,1998
615,MITSUBISHI,MONTERO,1998
616,MITSUBISHI,MONTERO,1999
617,MITSUBISHI,MONTERO,2000
618,RAM,PROMASTER,2014
619,RAM,PROMASTER,2015
620,RAM,PROMASTER,2016
621,RAM,PROMASTER,2017
622,RAM,PROMASTER,2018
623,RAM,PROMASTER,2019
624,CROSSROADS,CAMEO,2020
625,CROSSROADS,CRUISER,2020
626,CROSSROADS,HAMPTON,2020
627,CROSSROADS,REDWOOD,2020
628,CROSSROADS,SUNSET,2020
629,CROSSROADS,VOLANTE,2020
630,CADILLAC,CTS-V,2014
631,CADILLAC,CTS-V,2015
632,PONTIAC,VIBE,2003
633,PONTIAC,VIBE,2004
634,ROSENBAUER,COMMANDER,2014
635,ROSENBAUER,COMMANDER,2015
636,ROSENBAUER,COMMANDER,2016
637,ROSENBAUER,COMMANDER,2017
638,ROSENBAUER,COMMANDER,2018
639,ROSENBAUER,COMMANDER,2019
640,JEEP,WRANGLER,2020
641,RAM,2500,2019
642,RAM,2500,2020
643,RAM,3500,2019
644,RAM,3500,2020
645,READING TRUCK,MASTER MECHANIC CRANE,2017
646,READING TRUCK,MASTER MECHANIC CRANE,2018
647,MERCEDES-BENZ,A 220,2019
648,MERCEDES-BENZ,AMG GT63,2019
649,MERCEDES-BENZ,AMG GT 63,2019
650,MERCEDES-BENZ,AMG E63,2018
651,MERCEDES-BENZ,AMG E63,2019
652,MERCEDES-BENZ,AMG E63S,2018
653,MERCEDES-BENZ,AMG E63S,2019
654,MERCEDES-BENZ,AMG G63,2019
655,MERCEDES-BENZ,AMG S63,2018
656,MERCEDES-BENZ,AMG S63,2019
657,VACTOR,2100I,2017
658,VACTOR,2100I,2018
659,VACTOR,2100I,2019
660,VACTOR,2100I,2020
661,KME,PREDATOR SS AERIAL,2015
662,KME,PREDATOR SS PUMPER,2015
663,KME,PREDATOR SS PUMPER,2016
664,KME,PREDATOR SS PUMPER,2017
665,KME,PREDATOR SS PUMPER,2018
666,KME,PREDATOR SS PUMPER,2019
667,KME,PREDATOR SS PUMPER,2020
668,KME,PREDATOR SS TDA,2015
669,KME,PREDATOR SS TDA,2016
670,KME,PREDATOR SS TDA,2017
671,KME,PREDATOR SS TDA,2018
672,BMW,X7,2020
673,LAND ROVER,DISCOVERY,2020
674,CHEVROLET,SILVERADO 1500,2019
675,GMC,SIERRA 1500,2019
676,AUDI,A4,1999
677,AUDI,A4,2000
678,AUDI,A6,1998
679,AUDI,A6,1999
680,AUDI,A6,2000
681,AUDI,A8,1999
682,AUDI,TT,2000
683,AUDI,TT,2001
684,VOLKSWAGEN,ATLAS,2018
685,KZRV,CONNECT,2020
686,VAC-TRON,LPSDT,2016
687,VAC-TRON,LPSDT,2017
688,VAC-TRON,LPSDT,2018
689,VAC-TRON,LPSDT,2019
690,VAC-TRON,LPSDT,2020
691,MCELRATH TRAILERS,VX30-800,2016
692,MCELRATH TRAILERS,VX30-800,2017
693,MCELRATH TRAILERS,VX30-800,2018
694,MCELRATH TRAILERS,VX30-800,2019
695,MCELRATH TRAILERS,VX30-800,2020
696,MCELRATH TRAILERS,VX50-800,2016
697,MCELRATH TRAILERS,VX50-800,2017
698,MCELRATH TRAILERS,VX50-800,2018
699,MCELRATH TRAILERS,VX50-800,2019
700,MCELRATH TRAILERS,VX50-800,2020
701,HYUNDAI,ELANTRA,2007
702,HYUNDAI,ELANTRA,2008
703,HYUNDAI,ELANTRA,2009
704,HYUNDAI,ELANTRA,2010
705,HYUNDAI,ELANTRA TOURING,2009
706,HYUNDAI,ELANTRA TOURING,2010
707,HYUNDAI,ELANTRA TOURING,2011
708,HYUNDAI,ENTOURAGE,2007
709,HYUNDAI,ENTOURAGE,2008
710,HYUNDAI,SANTA FE,2007
711,TESLA,MODEL X,2015
712,TESLA,MODEL X,2016
713,LEXUS,ES HYBRID,2020
714,TOYOTA,AVALON HYBRID,2020
715,TOYOTA,CAMRY,2020
716,TOYOTA,CAMRY HYBRID,2020
717,TOYOTA,RAV4,2019
718,TOYOTA,RAV4,2020
719,TOYOTA,RAV4 HYBRID,2019
720,TOYOTA,RAV4 HYBRID,2020
721,HONDA,ODYSSEY,2018
722,HONDA,ODYSSEY,2019
723,HONDA,ODYSSEY,2020
724,HONDA,PASSPORT,2020
725,HONDA,PILOT,2020
726,MERCEDES-BENZ,AMG C43,2020
727,MERCEDES-BENZ,AMG C63 S,2020
728,MERCEDES-BENZ,AMG CLS53,2020
729,MERCEDES-BENZ,AMG E53,2020
730,MERCEDES-BENZ,AMG GLC63,2020
731,MERCEDES-BENZ,AMG GT63,2020
732,MERCEDES-BENZ,AMG GT63S,2020
733,MERCEDES-BENZ,C 300,2020
734,MERCEDES-BENZ,E 350,2020
735,MERCEDES-BENZ,E 450,2020
736,MERCEDES-BENZ,GLC 300,2020
737,FORD,FLEX,2013
738,FORD,FLEX,2014
739,FORD,FLEX,2015
740,FORD,FLEX,2016
741,FORD,FLEX,2017
742,FORD,FLEX,2018
743,FORD,TAURUS,2013
744,FORD,TAURUS,2014
745,FORD,TAURUS,2015
746,FORD,TAURUS,2016
747,FORD,TAURUS,2017
748,FORD,TAURUS,2018
749,LINCOLN,MKT,2013
750,LINCOLN,MKT,2014
751,LINCOLN,MKT,2015
752,LINCOLN,MKT,2016
753,LINCOLN,MKT,2017
754,LINCOLN,MKT,2018
755,AUDI,TT,2016
756,AUDI,TT,2017
757,AUDI,TT,2018
758,AUDI,TT,2019
759,PORSCHE,MACAN,2015
760,PORSCHE,MACAN,2016
761,PORSCHE,MACAN,2017
762,PORSCHE,MACAN,2018
763,RAM,1500,2019
764,JAGUAR,XF,2010
765,JAGUAR,I-PACE,2020
766,BMW,C 400 X,2019
767,HEARTLAND,BIGHORN TRAVELER,2020
768,HEARTLAND,ELKRIDGE,2020
769,HEARTLAND,MILESTONE,2020
770,HEARTLAND,PIONEER,2020
771,VERMEER,AX19,2016
772,VERMEER,AX19,2017
773,VERMEER,AX19,2018
774,VERMEER,AX19,2019
775,VERMEER,AX19,2020
776,VERMEER,BC1000XL,2010
777,VERMEER,BC1000XL,2011
778,VERMEER,BC1000XL,2012
779,VERMEER,BC1000XL,2013
780,VERMEER,BC1000XL,2014
781,VERMEER,BC1000XL,2015
782,VERMEER,BC1000XL,2016
783,VERMEER,BC1000XL,2017
784,VERMEER,BC1000XL,2018
785,VERMEER,BC1000XL,2019
786,VERMEER,BC1000XL,2020
787,VERMEER,BC1200XL,2016
788,VERMEER,BC1200XL,2017
789,VERMEER,BC1200XL,2018
790,VERMEER,BC1200XL,2019
791,VERMEER,BC1200XL,2020
792,VERMEER,BC1500,2016
793,VERMEER,BC1500,2017
794,VERMEER,BC1500,2018
795,VERMEER,BC1500,2019
796,VERMEER,BC1500,2020
797,KIA,SEDONA,2006
798,KIA,SEDONA,2007
799,KIA,SEDONA,2008
800,KIA,SEDONA,2009
801,KIA,SEDONA,2010
802,KIA,SORENTO,2007
803,KIA,SORENTO,2008
804,KIA,SORENTO,2009
805,MERCEDES-BENZ,AMG CLA35,2020
806,MERCEDES-BENZ,AMG GLE53,2021
807,MERCEDES-BENZ,AMG GLE63 S,2021
808,MERCEDES-BENZ,AMG GLS63,2021
809,MERCEDES-BENZ,CLA 250,2020
810,MERCEDES-BENZ,GLE 350,2020
811,MERCEDES-BENZ,GLE 350,2021
812,MERCEDES-BENZ,GLE 450,2020
813,MERCEDES-BENZ,GLE 450,2021
814,MERCEDES-BENZ,GLS450,2020
815,MERCEDES-BENZ,GLS450,2021
816,MERCEDES-BENZ,GLS580,2021
817,MERCEDES-BENZ,GLS 580,2020
818,MERCEDES-BENZ,MAYBACH GLS600,2021
819,MERCEDES-BENZ,AMG G63,2020
820,MERCEDES-BENZ,G 550,2019
821,MERCEDES-BENZ,G 550,2020
822,JAYCO,PINNACLE,2015
823,JAYCO,SEISMIC,2013
824,JAYCO,SEISMIC,2014
825,JAYCO,SEISMIC,2015
826,BENTLEY,BENTAYGA,2018
827,BENTLEY,BENTAYGA,2019
828,BENTLEY,BENTAYGA,2020
829,AUDI,Q7,2019
830,BMW,M6,2014
831,BMW,M6,2015
832,BMW,M6,2016
833,BMW,M6,2017
834,BMW,M6,2018
835,BMW,M6,2019
836,BMW,X6,2020
837,FORD,F-150,2018
838,FORD,F-150,2019
839,FORD,F-150,2020
840,FORD,F-150,2015
841,FORD,F-150,2016
842,FORD,E-350,2021
843,FORD,E-450,2021
844,FORD,F-550,2020
845,KIA,OPTIMA,2013
846,KIA,OPTIMA,2014
847,KIA,SEDONA,2011
848,KIA,SEDONA,2012
849,TEREX,TM-SERIES,2011
850,TEREX,TM-SERIES,2012
851,TEREX,TM-SERIES,2013
852,TEREX,TM-SERIES,2014
853,TEREX,TM-SERIES,2015
854,TEREX,TM-SERIES,2016
855,TEREX,TM-SERIES,2017
856,TEREX,TM-SERIES,2018
857,TEREX,TM-SERIES,2019
858,TEREX,TM-SERIES,2020
859,KEYSTONE,CROSSROADS ZINGER,2020
860,KEYSTONE,HIDEOUT,2020
861,KEYSTONE,SPRINGDALE,2020
862,SMART,FORTWO,2019
863,NISSAN,VERSA,2020
864,THOMAS BUILT BUSES,SAF-T-LINER C2,2020
865,THOMAS BUILT BUSES,SAF-T-LINER C2,2021
866,CHEVROLET,SILVERADO 1500,2020
867,GMC,SIERRA 1500,2020
868,KEYSTONE,BULLET,2020
869,HYUNDAI,SONATA,2013
870,HYUNDAI,SONATA,2014
871,HYUNDAI,SONATA,2020
872,JEEP,GLADIATOR,2020
873,JEEP,WRANGLER,2018
874,JEEP,WRANGLER,2019
875,THOMAS BUILT BUSES,SAF-T-LINER C2,2019
876,THOMAS BUILT BUSES,SAF-T-LINER EFX,2019
877,THOMAS BUILT BUSES,SAF-T-LINER EFX,2020
878,THOMAS BUILT BUSES,SAF-T-LINER HDX,2019
879,THOMAS BUILT BUSES,SAF-T-LINER HDX,2020
880,FCCC,S2,2019
881,FCCC,S2,2020
882,FCCC,XBP,2019
883,FCCC,XBP,2020
884,FCCC,XBR,2019
885,FCCC,XBR,2020
886,FCCC,XBS,2019
887,FCCC,XBS,2020
888,FCCC,XCL,2019
889,FCCC,XCL,2020
890,FCCC,XCM,2019
891,FCCC,XCM,2020
892,FCCC,XCR,2019
893,FCCC,XCR,2020
894,FCCC,XCS,2019
895,FCCC,XCS,2020
896,FREIGHTLINER,108SD,2019
897,FREIGHTLINER,108SD,2020
898,FREIGHTLINER,114SD,2019
899,FREIGHTLINER,114SD,2020
900,FREIGHTLINER,BUSINESS CLASS M2,2019
901,FREIGHTLINER,BUSINESS CLASS M2,2020
902,FREIGHTLINER,CASCADIA,2019
903,FREIGHTLINER,CASCADIA,2020
904,WESTERN STAR,4700,2019
905,WESTERN STAR,4700,2020
906,WESTERN STAR,5700,2019
907,WESTERN STAR,5700,2020
908,MICRO BIRD,G5,2004
909,MICRO BIRD,G5,2005
910,MICRO BIRD,G5,2006
911,MICRO BIRD,G5,2007
912,MICRO BIRD,G5,2008
913,MICRO BIRD,G5,2009
914,MICRO BIRD,G5,2010
915,MICRO BIRD,G5,2011
916,MICRO BIRD,G5,2012
917,MICRO BIRD,G5,2013
918,MICRO BIRD,G5,2014
919,MICRO BIRD,G5,2015
920,MICRO BIRD,G5 SCHOOL BUS,2016
921,MICRO BIRD,G5 SCHOOL BUS,2017
922,MICRO BIRD,G5 SCHOOL BUS,2018
923,MICRO BIRD,G5 SCHOOL BUS,2019
924,MICRO BIRD,G5 SCHOOL BUS,2020
925,MICRO BIRD,G5 SCHOOL BUS,2021
926,MICRO BIRD,G5 TRANSIT BUS,2016
927,MICRO BIRD,G5 TRANSIT BUS,2017
928,MICRO BIRD,G5 TRANSIT BUS,2018
929,MICRO BIRD,G5 TRANSIT BUS,2019
930,MICRO BIRD,MB II,2004
931,MICRO BIRD,MB II,2005
932,MICRO BIRD,MB II,2006
933,MICRO BIRD,MB II,2007
934,MICRO BIRD,MB II,2008
935,MICRO BIRD,MB II,2009
936,MICRO BIRD,MB II,2010
937,MICRO BIRD,MB II,2011
938,MICRO BIRD,MB II,2012
939,MICRO BIRD,MB II,2013
940,MICRO BIRD,MB II,2014
941,MICRO BIRD,MB II,2015
942,MICRO BIRD,MB II SCHOOL BUS,2016
943,MICRO BIRD,MB II SCHOOL BUS,2017
944,MICRO BIRD,MB II SCHOOL BUS,2018
945,MICRO BIRD,MB II SCHOOL BUS,2019
946,MICRO BIRD,MB II SCHOOL BUS,2020
947,MICRO BIRD,MB II SCHOOL BUS,2021
948,MICRO BIRD,MB II TRANSIT BUS,2016
949,MICRO BIRD,MB II TRANSIT BUS,2017
950,MICRO BIRD,MB II TRANSIT BUS,2018
951,MICRO BIRD,MB II TRANSIT BUS,2019
952,MICRO BIRD,T-SERIES,2004
953,MICRO BIRD,T-SERIES,2005
954,MICRO BIRD,T-SERIES,2006
955,MICRO BIRD,T-SERIES,2007
956,MICRO BIRD,T-SERIES,2008
957,MICRO BIRD,T-SERIES,2009
958,MICRO BIRD,T-SERIES,2010
959,MICRO BIRD,T-SERIES,2011
960,MICRO BIRD,T-SERIES,2012
961,MICRO BIRD,T-SERIES,2013
962,MICRO BIRD,T-SERIES,2014
963,MICRO BIRD,T-SERIES SCHOOL BUS,2016
964,MICRO BIRD,T-SERIES SCHOOL BUS,2017
965,MICRO BIRD,T-SERIES SCHOOL BUS,2018
966,MICRO BIRD,T-SERIES SCHOOL BUS,2019
967,MICRO BIRD,T-SERIES SCHOOL BUS,2020
968,MICRO BIRD,T-SERIES SCHOOL BUS,2021
969,VOLKSWAGEN,ARTEON,2019
970,ARCIMOTO,FUV,2020
971,FORD,RANGER,2019
972,SPARTAN,GLADIATOR,2019
973,SPARTAN,GLADIATOR,2020
974,SPARTAN,METROSTAR,2020
975,TURTLE TOP,ODYSSEY,2019
976,CHEVROLET,SILVERADO 2500,2020
977,CHEVROLET,SILVERADO 3500,2020
978,GMC,SIERRA 2500,2020
979,GMC,SIERRA 3500,2020
980,LAND ROVER,DISCOVERY,2017
981,LAND ROVER,DISCOVERY,2018
982,INFINITI,Q60,2020
983,BMW,F 750 GS,2020
984,BMW,F 850 GS,2020
985,BMW,F 850 GS ADVENTURE,2020
986,BMW,F 900 R,2020
987,BMW,F 900 XR,2020
988,BMW,S1000 R,2019
989,BMW,S1000 R,2020
990,BMW,S1000 RR,2020
991,THOR,SEQUENCE,2020
992,THOR MOTOR COACH,TELLARO,2020
993,THOR MOTOR COACH,TELLARO,2021
994,AUDI,Q7,2017
995,AUDI,Q7,2018
996,AUDI,Q8,2019
997,TRIUMPH,TROPHY,2013
998,TRIUMPH,TROPHY,2014
999,TRIUMPH,TROPHY SE A1,2015
1000,TRIUMPH,TROPHY SE A1,2016
1001,TRIUMPH,TROPHY SE A1,2017
1002,LAMBORGHINI,AVENTADOR SVJ COUPE,2020
1003,LAMBORGHINI,AVENTADOR SVJ ROADSTER,2020
1004,BMW,X3,2018
1005,BMW,X3,2019
1006,BMW,X3,2020
1007,BMW,X4,2019
1008,BMW,X4,2020
1009,AUDI,A6,2019
1010,AUDI,A6,2020
1011,TOYOTA,HIGHLANDER,2020
1012,BMW,330I,2020
1013,BMW,840I,2020
1014,BMW,M340I,2020
1015,BMW,M850I,2020
1016,BMW,M8 GRAN COUPE,2020
1017,THOR MOTOR COACH,ARIA,2019
1018,THOR MOTOR COACH,ARIA,2020
1019,THOR MOTOR COACH,VENETIAN,2019
1020,THOR MOTOR COACH,VENETIAN,2020
1021,TEREX,SML,2009
1022,TEREX,SML,2010
1023,TEREX,SML,2011
1024,TEREX,SML,2012
1025,TEREX,SML,2013
1026,TEREX,SML,2014
1027,TEREX,SML,2015
1028,TEREX,SML,2016
1029,TEREX,TCX,2009
1030,TEREX,TCX,2010
1031,TEREX,TCX,2011
1032,TEREX,TCX,2012
1033,TEREX,TCX,2013
1034,TEREX,TCX,2014
1035,TEREX,TCX,2015
1036,TEREX,TCX,2016
1037,HUSQVARNA,SVARTPILEN 701,2019
1038,HUSQVARNA,SVARTPILEN 701,2020
1039,HUSQVARNA,VITPILEN 701,2018
1040,HUSQVARNA,VITPILEN 701,2019
1041,HUSQVARNA,VITPILEN 701,2020
1042,MERCEDES-BENZ,GLS 450,2020
1043,MERCEDES-BENZ,S560,2018
1044,MERCEDES-BENZ,S560,2019
1045,MERCEDES-MAYBACH,S 560,2018
1046,MERCEDES-MAYBACH,S 560,2019
1047,FORD,FIESTA,2014
1048,FORD,FIESTA,2015
1049,FORD,FUSION,2014
1050,FORD,FUSION,2015
1051,FORD,FUSION,2016
1052,THOR MOTOR COACH,AXIS,2020
1053,THOR MOTOR COACH,CHATEAU,2020
1054,THOR MOTOR COACH,FOUR WINDS,2020
1055,THOR MOTOR COACH,FOUR WINDS,2021
1056,THOR MOTOR COACH,QUANTUM,2020
1057,THOR MOTOR COACH,VEGAS,2020
1058,INDIAN,CHALLENGER,2020
1059,DODGE,DURANGO,2019
1060,JEEP,GRAND CHEROKEE,2019
1061,CHEVROLET,BOLT EV,2019
1062,CHEVROLET,BOLT EV,2020
1063,BMW,328D,2013
1064,BMW,328D,2014
1065,BMW,328D,2015
1066,BMW,328D,2016
1067,CAN-AM,SPYDER RT,2020
1068,INFINITI,QX56,2011
1069,INFINITI,QX56,2012
1070,NISSAN,ARMADA,2013
1071,NISSAN,ARMADA,2014
1072,NISSAN,ARMADA,2015
1073,NISSAN,NV,2012
1074,NISSAN,NV,2013
1075,NISSAN,NV,2014
1076,NISSAN,NV,2015
1077,NISSAN,NV,2016
1078,NISSAN,NV,2017
1079,NISSAN,TITAN,2013
1080,NISSAN,TITAN,2014
1081,NISSAN,TITAN,2015
1082,SUBARU,CROSSTREK,2019
1083,CHRYSLER,PACIFICA,2019
1084,CHRYSLER,PACIFICA,2020
1085,DODGE,CHALLENGER,2019
1086,DODGE,DURANGO,2020
1087,JEEP,CHEROKEE,2020
1088,JEEP,GRAND CHEROKEE,2020
1089,JEEP,RENEGADE,2019
1090,JEEP,RENEGADE,2020
1091,RAM,1500,2020
1092,KME,COMMERCIALCAB/ CHASSIS,2016
1093,KME,COMMERCIALCAB/ CHASSIS,2017
1094,KME,COMMERCIALCAB/ CHASSIS,2018
1095,KME,COMMERCIALCAB/ CHASSIS,2019
1096,KME,PREDATOR,2016
1097,KME,PREDATOR,2017
1098,KME,PREDATOR,2018
1099,KME,PREDATOR,2019
1100,KME,PREDATOR,2020
1101,KME,PREDATOR PANTHER,2016
1102,KME,PREDATOR PANTHER,2017
1103,KME,PREDATOR PANTHER,2018
1104,KME,PREDATOR PANTHER,2019
1105,KME,PREDATOR PANTHER,2020
1106,CROSSROADS,HAMPTON,2018
1107,CROSSROADS,HAMPTON,2019
1108,CHEVROLET,6500XD,2018
1109,CHEVROLET,6500XD,2019
1110,CHEVROLET,6500XD,2020
1111,ISUZU,FTR,2018
1112,ISUZU,FTR,2019
1113,ISUZU,FTR,2020
1114,FORD,EXPEDITION,2020
1115,FORD,RANGER,2020
1116,KTM,790 ADVENTURE,2019
1117,KTM,790 ADVENTURE,2020
1118,KTM,790 ADVENTURE R,2019
1119,KTM,790 ADVENTURE R,2020
1120,KENWORTH,T170,2008
1121,KENWORTH,T170,2009
1122,KENWORTH,T170,2010
1123,KENWORTH,T170,2011
1124,KENWORTH,T170,2012
1125,KENWORTH,T170,2013
1126,KENWORTH,T170,2014
1127,KENWORTH,T170,2015
1128,KENWORTH,T170,2016
1129,KENWORTH,T170,2017
1130,KENWORTH,T170,2018
1131,KENWORTH,T170,2019
1132,KENWORTH,T170,2020
1133,KENWORTH,T270,2008
1134,KENWORTH,T270,2009
1135,KENWORTH,T270,2010
1136,KENWORTH,T270,2011
1137,KENWORTH,T270,2012
1138,KENWORTH,T270,2013
1139,KENWORTH,T270,2014
1140,KENWORTH,T270,2015
1141,KENWORTH,T270,2016
1142,KENWORTH,T270,2017
1143,KENWORTH,T270,2018
1144,KENWORTH,T270,2019
1145,KENWORTH,T270,2020
1146,KENWORTH,T370,2008
1147,KENWORTH,T370,2009
1148,KENWORTH,T370,2010
1149,KENWORTH,T370,2011
1150,KENWORTH,T370,2012
1151,KENWORTH,T370,2013
1152,KENWORTH,T370,2014
1153,KENWORTH,T370,2015
1154,KENWORTH,T370,2016
1155,KENWORTH,T370,2017
1156,KENWORTH,T370,2018
1157,KENWORTH,T370,2019
1158,KENWORTH,T370,2020
1159,KENWORTH,T660,2008
1160,KENWORTH,T660,2009
1161,KENWORTH,T660,2010
1162,KENWORTH,T660,2011
1163,KENWORTH,T660,2012
1164,KENWORTH,T660,2013
1165,KENWORTH,T660,2014
1166,KENWORTH,T660,2015
1167,KENWORTH,T660,2016
1168,KENWORTH,T660,2017
1169,KENWORTH,T660,2018
1170,KENWORTH,T660,2019
1171,KENWORTH,T680,2011
1172,KENWORTH,T680,2012
1173,KENWORTH,T680,2013
1174,KENWORTH,T680,2014
1175,KENWORTH,T680,2015
1176,KENWORTH,T680,2016
1177,KENWORTH,T680,2017
1178,KENWORTH,T680,2018
1179,KENWORTH,T680,2019
1180,KENWORTH,T680,2020
1181,KENWORTH,T800,2008
1182,KENWORTH,T800,2009
1183,KENWORTH,T800,2010
1184,KENWORTH,T800,2011
1185,KENWORTH,T800,2012
1186,KENWORTH,T800,2013
1187,KENWORTH,T800,2014
1188,KENWORTH,T800,2015
1189,KENWORTH,T800,2016
1190,KENWORTH,T800,2017
1191,KENWORTH,T800,2018
1192,KENWORTH,T800,2019
1193,KENWORTH,T800,2020
1194,KENWORTH,T880,2011
1195,KENWORTH,T880,2012
1196,KENWORTH,T880,2013
1197,KENWORTH,T880,2014
1198,KENWORTH,T880,2015
1199,KENWORTH,T880,2016
1200,KENWORTH,T880,2017
1201,KENWORTH,T880,2018
1202,KENWORTH,T880,2019
1203,KENWORTH,T880,2020
1204,KENWORTH,W900,2008
1205,KENWORTH,W900,2009
1206,KENWORTH,W900,2010
1207,KENWORTH,W900,2011
1208,KENWORTH,W900,2012
1209,KENWORTH,W900,2013
1210,KENWORTH,W900,2014
1211,KENWORTH,W900,2015
1212,KENWORTH,W900,2016
1213,KENWORTH,W900,2017
1214,KENWORTH,W900,2018
1215,KENWORTH,W900,2019
1216,KENWORTH,W900,2020
1217,PETERBILT,330,2008
1218,PETERBILT,330,2009
1219,PETERBILT,330,2010
1220,PETERBILT,330,2011
1221,PETERBILT,330,2012
1222,PETERBILT,330,2013
1223,PETERBILT,330,2014
1224,PETERBILT,330,2015
1225,PETERBILT,330,2016
1226,PETERBILT,330,2017
1227,PETERBILT,330,2018
1228,PETERBILT,330,2019
1229,PETERBILT,335,2008
1230,PETERBILT,335,2009
1231,PETERBILT,335,2010
1232,PETERBILT,335,2011
1233,PETERBILT,337,2008
1234,PETERBILT,337,2009
1235,PETERBILT,337,2010
1236,PETERBILT,337,2011
1237,PETERBILT,337,2012
1238,PETERBILT,337,2013
1239,PETERBILT,337,2014
1240,PETERBILT,337,2015
1241,PETERBILT,337,2016
1242,PETERBILT,337,2017
1243,PETERBILT,337,2018
1244,PETERBILT,337,2019
1245,PETERBILT,340,2008
1246,PETERBILT,340,2009
1247,PETERBILT,340,2010
1248,PETERBILT,340,2011
1249,PETERBILT,348,2008
1250,PETERBILT,348,2009
1251,PETERBILT,348,2010
1252,PETERBILT,348,2011
1253,PETERBILT,348,2012
1254,PETERBILT,348,2013
1255,PETERBILT,348,2014
1256,PETERBILT,348,2015
1257,PETERBILT,348,2016
1258,PETERBILT,348,2017
1259,PETERBILT,348,2018
1260,PETERBILT,348,2019
1261,PETERBILT,365,2008
1262,PETERBILT,365,2009
1263,PETERBILT,365,2010
1264,PETERBILT,365,2011
1265,PETERBILT,365,2012
1266,PETERBILT,365,2013
1267,PETERBILT,365,2014
1268,PETERBILT,365,2015
1269,PETERBILT,365,2016
1270,PETERBILT,365,2017
1271,PETERBILT,365,2018
1272,PETERBILT,365,2019
1273,PETERBILT,367,2008
1274,PETERBILT,367,2009
1275,PETERBILT,367,2010
1276,PETERBILT,367,2011
1277,PETERBILT,367,2012
1278,PETERBILT,367,2013
1279,PETERBILT,367,2014
1280,PETERBILT,367,2015
1281,PETERBILT,367,2016
1282,PETERBILT,367,2017
1283,PETERBILT,367,2018
1284,PETERBILT,367,2019
1285,PETERBILT,384,2008
1286,PETERBILT,384,2009
1287,PETERBILT,384,2010
1288,PETERBILT,384,2011
1289,PETERBILT,384,2012
1290,PETERBILT,384,2013
1291,PETERBILT,384,2014
1292,PETERBILT,384,2015
1293,PETERBILT,384,2016
1294,PETERBILT,384,2017
1295,PETERBILT,384,2018
1296,PETERBILT,384,2019
1297,PETERBILT,386,2008
1298,PETERBILT,386,2009
1299,PETERBILT,386,2010
1300,PETERBILT,386,2011
1301,PETERBILT,386,2012
1302,PETERBILT,386,2013
1303,PETERBILT,386,2014
1304,PETERBILT,386,2015
1305,PETERBILT,386,2016
1306,PETERBILT,386,2017
1307,PETERBILT,386,2018
1308,PETERBILT,386,2019
1309,PETERBILT,387,2008
1310,PETERBILT,387,2009
1311,PETERBILT,387,2010
1312,PETERBILT,387,2011
1313,PETERBILT,387,2012
1314,PETERBILT,387,2013
1315,PETERBILT,387,2014
1316,PETERBILT,387,2015
1317,PETERBILT,387,2016
1318,PETERBILT,388,2008
1319,PETERBILT,388,2009
1320,PETERBILT,388,2010
1321,PETERBILT,388,2011
1322,PETERBILT,388,2012
1323,PETERBILT,388,2013
1324,PETERBILT,388,2014
1325,PETERBILT,388,2015
1326,PETERBILT,388,2016
1327,PETERBILT,388,2017
1328,PETERBILT,388,2018
1329,PETERBILT,388,2019
1330,PETERBILT,389,2008
1331,PETERBILT,389,2009
1332,PETERBILT,389,2010
1333,PETERBILT,389,2011
1334,PETERBILT,389,2012
1335,PETERBILT,389,2013
1336,PETERBILT,389,2014
1337,PETERBILT,389,2015
1338,PETERBILT,389,2016
1339,PETERBILT,389,2017
1340,PETERBILT,389,2018
1341,PETERBILT,389,2019
1342,PETERBILT,567,2008
1343,PETERBILT,567,2009
1344,PETERBILT,567,2010
1345,PETERBILT,567,2011
1346,PETERBILT,567,2012
1347,PETERBILT,567,2013
1348,PETERBILT,567,2014
1349,PETERBILT,567,2015
1350,PETERBILT,567,2016
1351,PETERBILT,567,2017
1352,PETERBILT,567,2018
1353,PETERBILT,567,2019
1354,PETERBILT,579,2008
1355,PETERBILT,579,2009
1356,PETERBILT,579,2010
1357,PETERBILT,579,2011
1358,PETERBILT,579,2012
1359,PETERBILT,579,2013
1360,PETERBILT,579,2014
1361,PETERBILT,579,2015
1362,PETERBILT,579,2016
1363,PETERBILT,579,2017
1364,PETERBILT,579,2018
1365,PETERBILT,579,2019
1366,PETERBILT,587,2008
1367,PETERBILT,587,2009
1368,PETERBILT,587,2010
1369,PETERBILT,587,2011
1370,PETERBILT,587,2012
1371,PETERBILT,587,2013
1372,PETERBILT,587,2014
1373,PETERBILT,587,2015
1374,PETERBILT,587,2016
1375,PETERBILT,587,2017
1376,PETERBILT,587,2018
1377,PETERBILT,587,2019
1378,TEREX,DIGGER DERRICK,2018
1379,TEREX,DIGGER DERRICK,2019
1380,VAC-TRON,MC 533 SDT,2012
1381,VAC-TRON,MC 533 SDT,2013
1382,VAC-TRON,MC 533 SDT,2014
1383,VAC-TRON,MC 533 SDT,2015
1384,VAC-TRON,MC 533 SDT,2016
1385,VAC-TRON,MC 533 SDT,2017
1386,VAC-TRON,MC 533 SDT,2018
1387,VAC-TRON,MC 533 SDT,2019
1388,VAC-TRON,MC 533 SDT,2020
1389,VAC-TRON,MC 535,2012
1390,VAC-TRON,MC 535,2013
1391,VAC-TRON,MC 535,2014
1392,VAC-TRON,MC 535,2015
1393,VAC-TRON,MC 535,2016
1394,VAC-TRON,MC 535,2017
1395,VAC-TRON,MC 535,2018
1396,VAC-TRON,MC 535,2019
1397,VAC-TRON,MC 535,2020
1398,VAC-TRON,MC 555 SDT,2012
1399,VAC-TRON,MC 555 SDT,2013
1400,VAC-TRON,MC 555 SDT,2014
1401,VAC-TRON,MC 555 SDT,2015
1402,VAC-TRON,MC 555 SDT,2016
1403,VAC-TRON,MC 555 SDT,2017
1404,VAC-TRON,MC 555 SDT,2018
1405,VAC-TRON,MC 555 SDT,2019
1406,VAC-TRON,MC 555 SDT,2020
1407,VAC-TRON,MC 573 SDT,2012
1408,VAC-TRON,MC 573 SDT,2013
1409,VAC-TRON,MC 573 SDT,2014
1410,VAC-TRON,MC 573 SDT,2015
1411,VAC-TRON,MC 573 SDT,2016
1412,VAC-TRON,MC 573 SDT,2017
1413,VAC-TRON,MC 573 SDT,2018
1414,VAC-TRON,MC 573 SDT,2019
1415,VAC-TRON,MC 573 SDT,2020
1416,VAC-TRON,MINICOMBO,2019
1417,VAC-TRON,MINICOMBO,2020
1418,GREAT DANE,EVEREST,2020
1419,GREAT DANE,EVEREST,2021
1420,VAC-TRON,MC 833 SDT,2012
1421,VAC-TRON,MC 833 SDT,2013
1422,VAC-TRON,MC 833 SDT,2014
1423,VAC-TRON,MC 833 SDT,2015
1424,VAC-TRON,MC 833 SDT,2016
1425,VAC-TRON,MC 833 SDT,2017
1426,VAC-TRON,MC 833 SDT,2018
1427,VAC-TRON,MC 833 SDT,2019
1428,VAC-TRON,MC 833 SDT,2020
1429,VAC-TRON,MC 835 SDT,2012
1430,VAC-TRON,MC 835 SDT,2013
1431,VAC-TRON,MC 835 SDT,2014
1432,VAC-TRON,MC 835 SDT,2015
1433,VAC-TRON,MC 835 SDT,2016
1434,VAC-TRON,MC 835 SDT,2017
1435,VAC-TRON,MC 835 SDT,2018
1436,VAC-TRON,MC 835 SDT,2019
1437,VAC-TRON,MC 835 SDT,2020
1438,VAC-TRON,MC 855 SDT,2012
1439,VAC-TRON,MC 855 SDT,2013
1440,VAC-TRON,MC 855 SDT,2014
1441,VAC-TRON,MC 855 SDT,2015
1442,VAC-TRON,MC 855 SDT,2016
1443,VAC-TRON,MC 855 SDT,2017
1444,VAC-TRON,MC 855 SDT,2018
1445,VAC-TRON,MC 855 SDT,2019
1446,VAC-TRON,MC 855 SDT,2020
1447,VAC-TRON,MC 873 SDT,2012
1448,VAC-TRON,MC 873 SDT,2013
1449,VAC-TRON,MC 873 SDT,2014
1450,VAC-TRON,MC 873 SDT,2015
1451,VAC-TRON,MC 873 SDT,2016
1452,VAC-TRON,MC 873 SDT,2017
1453,VAC-TRON,MC 873 SDT,2018
1454,VAC-TRON,MC 873 SDT,2019
1455,VAC-TRON,MC 873 SDT,2020
1456,TOYOTA,COROLLA HATCHBACK,2020
1457,JEEP,COMPASS,2019
1458,JEEP,COMPASS,2020
1459,FREIGHTLINER,114SD,2021
1460,FREIGHTLINER,CORONADO,2020
1461,FREIGHTLINER,CORONADO,2021
1462,WESTERN STAR,4700,2021
1463,WESTERN STAR,4900,2020
1464,WESTERN STAR,4900,2021
1465,HYUNDAI,NEXO,2020
1466,FREIGHTLINER,122SD,2014
1467,FREIGHTLINER,122SD,2015
1468,FREIGHTLINER,122SD,2016
1469,FREIGHTLINER,122SD,2017
1470,FREIGHTLINER,122SD,2018
1471,FREIGHTLINER,122SD,2019
1472,FREIGHTLINER,122SD,2020
1473,FREIGHTLINER,122SD,2021
1474,FREIGHTLINER,ARGOSY,2006
1475,FREIGHTLINER,BUSINESS CLASS M2,2006
1476,FREIGHTLINER,BUSINESS CLASS M2,2007
1477,FREIGHTLINER,BUSINESS CLASS M2,2008
1478,FREIGHTLINER,BUSINESS CLASS M2,2009
1479,FREIGHTLINER,BUSINESS CLASS M2,2010
1480,FREIGHTLINER,BUSINESS CLASS M2,2011
1481,FREIGHTLINER,BUSINESS CLASS M2,2012
1482,FREIGHTLINER,BUSINESS CLASS M2,2013
1483,FREIGHTLINER,BUSINESS CLASS M2,2014
1484,FREIGHTLINER,BUSINESS CLASS M2,2015
1485,FREIGHTLINER,BUSINESS CLASS M2,2016
1486,FREIGHTLINER,BUSINESS CLASS M2,2017
1487,FREIGHTLINER,BUSINESS CLASS M2,2018
1488,FREIGHTLINER,BUSINESS CLASS M2,2021
1489,FREIGHTLINER,CASCADIA,2008
1490,FREIGHTLINER,CASCADIA,2009
1491,FREIGHTLINER,CASCADIA,2010
1492,FREIGHTLINER,CASCADIA,2011
1493,FREIGHTLINER,CASCADIA,2012
1494,FREIGHTLINER,CASCADIA,2013
1495,FREIGHTLINER,CASCADIA,2014
1496,FREIGHTLINER,CASCADIA,2015
1497,FREIGHTLINER,CASCADIA,2016
1498,FREIGHTLINER,CASCADIA,2017
1499,FREIGHTLINER,CASCADIA,2018
1500,FREIGHTLINER,CASCADIA,2021
1501,FREIGHTLINER,CENTURY CLASS,2006
1502,FREIGHTLINER,CENTURY CLASS,2007
1503,FREIGHTLINER,CENTURY CLASS,2008
1504,FREIGHTLINER,CENTURY CLASS,2009
1505,FREIGHTLINER,CENTURY CLASS,2010
1506,FREIGHTLINER,CENTURY CLASS,2011
1507,FREIGHTLINER,CLASSIC XL,2006
1508,FREIGHTLINER,CLASSIC XL,2007
1509,FREIGHTLINER,CLASSIC XL,2008
1510,FREIGHTLINER,COLUMBIA,2006
1511,FREIGHTLINER,COLUMBIA,2007
1512,FREIGHTLINER,COLUMBIA,2008
1513,FREIGHTLINER,COLUMBIA,2009
1514,FREIGHTLINER,COLUMBIA,2010
1515,FREIGHTLINER,COLUMBIA,2011
1516,FREIGHTLINER,COLUMBIA,2012
1517,FREIGHTLINER,COLUMBIA,2013
1518,FREIGHTLINER,COLUMBIA,2014
1519,FREIGHTLINER,COLUMBIA,2015
1520,FREIGHTLINER,COLUMBIA,2016
1521,FREIGHTLINER,COLUMBIA,2017
1522,FREIGHTLINER,COLUMBIA,2018
1523,FREIGHTLINER,COLUMBIA,2019
1524,FREIGHTLINER,COLUMBIA,2020
1525,FREIGHTLINER,CORONADO,2007
1526,FREIGHTLINER,CORONADO,2008
1527,FREIGHTLINER,CORONADO,2009
1528,FREIGHTLINER,CORONADO,2010
1529,FREIGHTLINER,CORONADO,2011
1530,FREIGHTLINER,CORONADO,2012
1531,FREIGHTLINER,CORONADO,2013
1532,FREIGHTLINER,CORONADO,2014
1533,FREIGHTLINER,CORONADO,2015
1534,FREIGHTLINER,CORONADO,2016
1535,FREIGHTLINER,CORONADO,2017
1536,FREIGHTLINER,CORONADO,2018
1537,FREIGHTLINER,CORONADO,2019
1538,FREIGHTLINER,FLD,2006
1539,FREIGHTLINER,FLD,2007
1540,FREIGHTLINER,FLD,2008
1541,FREIGHTLINER,FLD,2009
1542,FREIGHTLINER,FLD,2010
1543,STERLING,9500,2007
1544,STERLING,AT9500,2006
1545,STERLING,AT9500,2007
1546,WESTERN STAR,5700,2017
1547,UTILIMASTER,TRUCK BODY,2020
1548,UTILIMASTER,TRUCK BODY,2021
1549,SUBARU,ASCENT,2019
1550,SUBARU,IMPREZA,2019
1551,SUBARU,LEGACY,2019
1552,SUBARU,OUTBACK,2019
1553,IC BUS,1300 FBC,2018
1554,IC BUS,1300 FBC,2019
1555,IC BUS,CE,2018
1556,IC BUS,CE,2019
1557,IC BUS,CE,2020
1558,IC BUS,CE,2021
1559,IC BUS,HC,2018
1560,IC BUS,HC,2019
1561,IC BUS,TC,2019
1562,IC BUS,TC,2020
1563,IC BUS,TC,2021
1564,INTERNATIONAL,DURASTAR,2017
1565,INTERNATIONAL,DURASTAR,2018
1566,INTERNATIONAL,DURASTAR,2019
1567,INTERNATIONAL,DURASTAR,2020
1568,INTERNATIONAL,HV,2018
1569,INTERNATIONAL,HV,2019
1570,INTERNATIONAL,HV,2020
1571,INTERNATIONAL,HV,2021
1572,INTERNATIONAL,MV,2018
1573,INTERNATIONAL,MV,2019
1574,INTERNATIONAL,MV,2020
1575,INTERNATIONAL,MV,2021
1576,INTERNATIONAL,WORKSTAR,2017
1577,INTERNATIONAL,WORKSTAR,2018
1578,INTERNATIONAL,WORKSTAR,2019
1579,INTERNATIONAL,WORKSTAR,2020
1580,IC BUS,CE,2017
1581,IC BUS,CESB,2017
1582,IC BUS,CESB,2018
1583,IC BUS,CESB,2019
1584,IC BUS,CESB,2020
1585,FORD,TRANSIT,2019
1586,FORD,TRANSIT,2020
1587,MERCEDES-BENZ,AMG GT,2020
1588,LODE KING,PRESTIGE,2015
1589,LODE KING,PRESTIGE,2016
1590,LODE KING,PRESTIGE,2017
1591,LODE KING,PRESTIGE,2018
1592,LODE KING,PRESTIGE,2019
1593,LODE KING,PRESTIGE,2020
1594,LODE KING,PRESTIGE,2021
1595,MCLAREN,570 GT,2017
1596,MCLAREN,570 GT,2018
1597,MCLAREN,570 GT,2019
1598,MCLAREN,720S,2016
1599,MCLAREN,720S,2017
1600,MCLAREN,720S,2018
1601,MCLAREN,720S,2019
1602,MCLAREN,720S,2020
1603,MCLAREN,GT,2020
1604,MCLAREN,SENNA,2019
1605,DUCATI,1299 SUPERLEGGERA,2017
1606,MCI,J3500,2018
1607,MCI,J3500,2019
1608,MCI,J4500,2014
1609,MCI,J4500,2015
1610,MCI,J4500,2016
1611,MCI,J4500,2017
1612,MCI,J4500,2018
1613,MCI,J4500,2019
1614,TRIUMPH,SPEED TRIPLE RS,2018
1615,TRIUMPH,SPEED TRIPLE RS,2019
1616,TRIUMPH,SPEED TRIPLE S,2019
1617,TRIUMPH,SPEED TRIPLE S,2020
1618,TRIUMPH,STREET TRIPLE RS,2018
1619,TRIUMPH,STREET TRIPLE RS,2019
1620,TRIUMPH,STREET TRIPLE RS,2020
1621,TRIUMPH,TIGER 1200 ALPINE EDITION,2020
1622,TRIUMPH,TIGER 1200 DESERT EDITION,2020
1623,TRIUMPH,TIGER 1200 XCA,2018
1624,TRIUMPH,TIGER 1200 XCA,2019
1625,TRIUMPH,TIGER 1200 XCA,2020
1626,TRIUMPH,TIGER 1200 XCX,2018
1627,TRIUMPH,TIGER 1200 XCX,2019
1628,TRIUMPH,TIGER 1200 XCX,2020
1629,TRIUMPH,TIGER 1200 XR,2018
1630,TRIUMPH,TIGER 1200 XR,2019
1631,TRIUMPH,TIGER 1200 XRT,2018
1632,TRIUMPH,TIGER 1200 XRT,2019
1633,TRIUMPH,TIGER 1200 XRX,2018
1634,TRIUMPH,TIGER 1200 XRX,2019
1635,TRIUMPH,XRX (LRH),2018
1636,TRIUMPH,XRX (LRH),2019
1637,TEREX,TL80,2019
1638,TEREX,TL80,2020
1639,TEREX,TL80/112,2019
1640,TEREX,TL80/112,2020
1641,VOLVO,VNL,2020
1642,VOLVO,VNL,2021
1643,VOLVO,VNR,2020
1644,VOLVO,VNR,2021
1645,MCI,D4000,2015
1646,MCI,D4000,2016
1647,MCI,D4005,2017
1648,MCI,D4500,2015
1649,MCI,D4500,2016
1650,MCI,D4500,2017
1651,MCI,D4500,2018
1652,MCI,D4500,2019
1653,MCI,D4500,2020
1654,MCI,D4505,2015
1655,MCI,D4505,2016
1656,MCI,D4505,2017
1657,MCI,D4505,2018
1658,MCI,D4505,2019
1659,MCI,D4505,2020
1660,MCI,J4500,2020
1661,BMW,530E,2017
1662,BMW,530E,2018
1663,BMW,530I,2017
1664,BMW,540I,2017
1665,HINO,NE8A,2020
1666,HINO,NE8A,2021
1667,HINO,NE8C,2020
1668,HINO,NE8C,2021
1669,HINO,NE8G,2020
1670,HINO,NE8G,2021
1671,HINO,NE8J,2020
1672,HINO,NE8J,2021
1673,HINO,NJ8A,2020
1674,HINO,NJ8A,2021
1675,HINO,NJ8C,2020
1676,HINO,NJ8C,2021
1677,HINO,NJ8J,2020
1678,HINO,NJ8J,2021
1679,HINO,NV8A,2020
1680,HINO,NV8A,2021
1681,HINO,NV8G,2020
1682,HINO,NV8G,2021
1683,HINO,NV8J,2020
1684,HINO,NV8J,2021
1685,MERCEDES-BENZ,GLB 250,2020
1686,MERCEDES-BENZ,G63,2019
1687,MERCEDES-BENZ,G63,2020
1688,HYUNDAI,GENESIS COUPE,2016
1689,THOMAS BUILT BUSES,SAF-T-LINER HDX,2010
1690,THOMAS BUILT BUSES,SAF-T-LINER HDX,2011
1691,THOMAS BUILT BUSES,SAF-T-LINER HDX,2012
1692,THOMAS BUILT BUSES,SAF-T-LINER HDX,2013
1693,THOMAS BUILT BUSES,SAF-T-LINER HDX,2014
1694,THOMAS BUILT BUSES,SAF-T-LINER HDX,2015
1695,THOMAS BUILT BUSES,SAF-T-LINER HDX,2016
1696,THOMAS BUILT BUSES,SAF-T-LINER HDX,2017
1697,THOMAS BUILT BUSES,SAF-T-LINER HDX,2018
1698,CHEVROLET,CAPRICE POLICE PURSUIT,2015
1699,CHEVROLET,CAPRICE POLICE PURSUIT,2016
1700,CHEVROLET,CHEVEROLET SS,2015
1701,CHEVROLET,CHEVEROLET SS,2016
1702,INTERNATIONAL,LT,2018
1703,INTERNATIONAL,LT,2019
1704,INTERNATIONAL,LT,2020
1705,INTERNATIONAL,RH,2019
1706,INTERNATIONAL,RH,2020
1707,FORD,TRANSIT CONNECT,2014
1708,FORD,TRANSIT CONNECT,2015
1709,FORD,TRANSIT CONNECT,2016
1710,FORD,TRANSIT CONNECT,2017
1711,LINCOLN,NAVIGATOR,2020
1712,FORD,EXPEDITION,2019
1713,FORD,MUSTANG,2019
1714,FORD,MUSTANG,2020
1715,PORSCHE,CAYENNE S HYBRID,2020
1716,PORSCHE,CAYENNE TURBO,2019
1717,PORSCHE,CAYENNE TURBO,2020
1718,PORSCHE,CAYENNE TURBO COUPE,2020
1719,PORSCHE,CAYENNE TURBO S HYB COUPE,2020
1720,PORSCHE,CAYENNE,2020
1721,AUDI,Q8,2020
1722,AUDI,Q3,2019
1723,AUDI,A7,2020
1724,AUDI,ALLROAD,2020
1725,MITSUBISHI,LANCER,2008
1726,MITSUBISHI,LANCER,2009
1727,MITSUBISHI,LANCER,2010
1728,MITSUBISHI,LANCER SPORTBACK,2009
1729,MITSUBISHI,LANCER SPORTBACK,2010
1730,MITSUBISHI,OUTLANDER,2008
1731,MITSUBISHI,OUTLANDER,2009
1732,MITSUBISHI,OUTLANDER,2010
1733,MITSUBISHI,OUTLANDER,2011
1734,MITSUBISHI,OUTLANDER,2012
1735,MITSUBISHI,OUTLANDER,2013
1736,MITSUBISHI,OUTLANDER SPORT,2011
1737,MITSUBISHI,OUTLANDER SPORT,2012
1738,MITSUBISHI,OUTLANDER SPORT,2013
1739,MITSUBISHI,OUTLANDER SPORT,2014
1740,MITSUBISHI,OUTLANDER SPORT,2015
1741,MITSUBISHI,OUTLANDER SPORT,2016
1742,MITSUBISHI,OUTLANDER,2019
1743,MITSUBISHI,OUTLANDER,2020
1744,MITSUBISHI,OUTLANDER PHEV,2019
1745,WESTERN STAR,5700,2021
1746,BMW,X1,2020
1747,BMW,X2,2020
1748,MINI,COOPER,2020
1749,MINI,COOPER,2021
1750,MINI,COOPER S,2020
1751,MINI,COOPER S,2021
1752,MINI,COOPER S CLUBMAN,2020
1753,MINI,JCW CONVERTIBLE,2021
1754,INTERNATIONAL,CV,2019
1755,INTERNATIONAL,CV,2020
1756,VAC-TRON,CS 870 GT,2016
1757,VAC-TRON,CS 870 GT,2017
1758,VAC-TRON,CS 870 GT,2018
1759,VAC-TRON,CS 870 GT,2019
1760,VAC-TRON,CS 870 GT,2020
1761,VAC-TRON,CS 873 GT,2016
1762,VAC-TRON,CS 873 GT,2017
1763,VAC-TRON,CS 873 GT,2018
1764,VAC-TRON,CS 873 GT,2019
1765,VAC-TRON,CS 873 GT,2020
1766,VAC-TRON,LP MINI 373 DT,2016
1767,VAC-TRON,LP MINI 373 DT,2017
1768,VAC-TRON,LP MINI 373 DT,2018
1769,VAC-TRON,LP MINI 373 DT,2019
1770,VAC-TRON,LP MINI 373 DT,2020
1771,VAC-TRON,LP MINI 373 GT,2016
1772,VAC-TRON,LP MINI 373 GT,2017
1773,VAC-TRON,LP MINI 373 GT,2018
1774,VAC-TRON,LP MINI 373 GT,2019
1775,VAC-TRON,LP MINI 373 GT,2020
1776,VAC-TRON,CS 1270 GT,2016
1777,VAC-TRON,CS 1270 GT,2017
1778,VAC-TRON,CS 1270 GT,2018
1779,VAC-TRON,CS 1270 GT,2019
1780,VAC-TRON,CS 1270 GT,2020
1781,VAC-TRON,CS 1270 SGT,2016
1782,VAC-TRON,CS 1270 SGT,2017
1783,VAC-TRON,CS 1270 SGT,2018
1784,VAC-TRON,CS 1270 SGT,2019
1785,VAC-TRON,CS 1270 SGT,2020
1786,VAC-TRON,CS 1273 GT,2016
1787,VAC-TRON,CS 1273 GT,2017
1788,VAC-TRON,CS 1273 GT,2018
1789,VAC-TRON,CS 1273 GT,2019
1790,VAC-TRON,CS 1273 GT,2020
1791,VAC-TRON,CS 500 DT,2016
1792,VAC-TRON,CS 500 DT,2017
1793,VAC-TRON,CS 500 DT,2018
1794,VAC-TRON,CS 500 DT,2019
1795,VAC-TRON,CS 500 DT,2020
1796,VAC-TRON,CS 570 GT,2016
1797,VAC-TRON,CS 570 GT,2017
1798,VAC-TRON,CS 570 GT,2018
1799,VAC-TRON,CS 570 GT,2019
1800,VAC-TRON,CS 570 GT,2020
1801,VAC-TRON,CS 573 GT,2016
1802,VAC-TRON,CS 573 GT,2017
1803,VAC-TRON,CS 573 GT,2018
1804,VAC-TRON,CS 573 GT,2019
1805,VAC-TRON,CS 573 GT,2020
1806,VAC-TRON,CS 800 DT,2016
1807,VAC-TRON,CS 800 DT,2017
1808,VAC-TRON,CS 800 DT,2018
1809,VAC-TRON,CS 800 DT,2019
1810,VAC-TRON,CS 800 DT,2020
1811,VAC-TRON,CV 1273 GT,2016
1812,VAC-TRON,CV 1273 GT,2017
1813,VAC-TRON,CV 1273 GT,2018
1814,VAC-TRON,CV 1273 GT,2019
1815,VAC-TRON,CV 1273 GT,2020
1816,VAC-TRON,CV 1273 SGT,2016
1817,VAC-TRON,CV 1273 SGT,2017
1818,VAC-TRON,CV 1273 SGT,2018
1819,VAC-TRON,CV 1273 SGT,2019
1820,VAC-TRON,CV 1273 SGT,2020
1821,VAC-TRON,LP 1273 XDT,2016
1822,VAC-TRON,LP 1273 XDT,2017
1823,VAC-TRON,LP 1273 XDT,2018
1824,VAC-TRON,LP 1273 XDT,2019
1825,VAC-TRON,LP 1273 XDT,2020
1826,VAC-TRON,CS 800 GT,2016
1827,VAC-TRON,CS 800 GT,2017
1828,VAC-TRON,CS 800 GT,2018
1829,VAC-TRON,CS 800 GT,2019
1830,VAC-TRON,CS 800 GT,2020
1831,CHEVROLET,TRAILBLAZER,2021
1832,KZRV,ESCAPE,2018
1833,MERCEDES BENZ,C250,2012
1834,MERCEDES BENZ,C300,2012
1835,MERCEDES BENZ,C63 AMG,2012
1836,MERCEDES-BENZ,C350,2012
1837,KEYSTONE,COUGAR,2020
1838,KEYSTONE,COUGAR,2021
1839,THOR MOTOR COACH,CHATEAU,2021
1840,THOR MOTOR COACH,QUANTUM,2021
1841,KAWASAKI,ZX1002E,2019
1842,KAWASAKI,ZX1002E,2020
1843,KAWASAKI,ZX1002F,2019
1844,KAWASAKI,ZX1002F,2020
1845,KAWASAKI,ZX1002G,2019
1846,KAWASAKI,ZX1002G,2020
1847,THOR,DAYBREAK,2020
1848,THOR MOTOR COACH,CHATEAU CITATION,2020
1849,THOR MOTOR COACH,COMPASS,2020
1850,THOR MOTOR COACH,DAYBREAK,2020
1851,THOR MOTOR COACH,DELANO,2020
1852,THOR MOTOR COACH,FOUR WINDS SIESTA,2020
1853,THOR MOTOR COACH,FREEDOM ELITE,2020
1854,THOR MOTOR COACH,GEMINI,2020
1855,THOR MOTOR COACH,SIESTA,2020
1856,THOR MOTOR COACH,SYNERGY,2020
1857,THOR MOTOR COACH,TIBURON,2020
1858,BENTLEY,CONTINENTAL GT,2020
1859,FRAZER,RAM 4500 CHASSIS,2019
1860,FRAZER,RAM 4500 CHASSIS,2020
1861,FRAZER,RAM 5500 CHASSIS,2019
1862,FRAZER,RAM 5500 CHASSIS,2020
1863,ACURA,NSX,2018
1864,ACURA,NSX,2019
1865,ACURA,RDX,2019
1866,ACURA,RLX,2019
1867,ACURA,RLX HYBRID,2019
1868,HONDA,ACCORD,2018
1869,HONDA,ACCORD,2019
1870,HONDA,CIVIC,2018
1871,HONDA,CIVIC,2019
1872,HONDA,FIT,2019
1873,HONDA,HR-V,2018
1874,HONDA,HR-V,2019
1875,HONDA,INSIGHT,2019
1876,HONDA,INSIGHT,2020
1877,NISSAN,ALTIMA,2013
1878,NISSAN,ALTIMA,2014
1879,NISSAN,ALTIMA,2015
1880,NISSAN,ALTIMA,2016
1881,NISSAN,ALTIMA,2017
1882,NISSAN,ALTIMA,2018
1883,BRAUN AMBULANCES,CHIEF XL TYPE I,2019
1884,BRAUN AMBULANCES,LIBERTY TYPE I,2019
1885,INTERNATIONAL MOTORS,CHEVY 4500HD,2019
1886,INTERNATIONAL MOTORS,CHEVY 4500HD,2020
1887,INTERNATIONAL MOTORS,CHEVY 5500HD,2019
1888,INTERNATIONAL MOTORS,CHEVY 5500HD,2020
1889,INTERNATIONAL MOTORS,CHEVY 6500HD,2019
1890,INTERNATIONAL MOTORS,CHEVY 6500HD,2020
1891,LAND ROVER,RANGE ROVER,2016
1892,LAND ROVER,RANGE ROVER SPORT,2016
1893,HONDA,CLARITY ELECTRIC,2019
1894,HONDA,CLARITY FUEL CELL,2019
1895,HONDA,CLARITY PLUG-IN HYBRID,2019
1896,ENTEGRA,QWEST,2019
1897,ENTEGRA,QWEST,2020
1898,JAYCO,MELBOURNE,2019
1899,JAYCO,MELBOURNE,2020
1900,JAYCO,MELBOURNE,2021
1901,JAYCO,MELBOURNE PRESTIGE,2019
1902,JAYCO,MELBOURNE PRESTIGE,2020
1903,JAYCO,MELBOURNE PRESTIGE,2021
1904,MERCEDES-BENZ,AMG E63S,2020
1905,MERCEDES-BENZ,AMG GLC43,2020
1906,MERCEDES-BENZ,AMG GT53,2020
1907,FORD,C-MAX,2013
1908,FORD,C-MAX,2014
1909,FORD,C-MAX,2015
1910,FORD,ESCAPE,2013
1911,FORD,ESCAPE,2014
1912,FORD,ESCAPE,2015
1913,FORD,FIESTA,2011
1914,FORD,FIESTA,2012
1915,FORD,FIESTA,2013
1916,FORD,FOCUS,2012
1917,FORD,FOCUS,2013
1918,FORD,FOCUS,2014
1919,FORD,FOCUS,2015
1920,FORD,FUSION,2013
1921,FORD,MUSTANG,2015
1922,LINCOLN,MKC,2015
1923,FORD,F-150,2014
1924,FORD,F-150,2017
1925,CHRYSLER,PACIFICA PLUG-IN HYBRID,2017
1926,CHRYSLER,PACIFICA PLUG-IN HYBRID,2018
1927,CHRYSLER,PACIFICA PLUG-IN HYBRID,2019
1928,CHRYSLER,PACIFICA PLUG-IN HYBRID,2020
1929,ARBOC,SPIRIT OF AMERICA,2016
1930,ARBOC,SPIRIT OF AMERICA,2017
1931,ARBOC,SPIRIT OF AMERICA,2018
1932,ARBOC,SPIRIT OF AMERICA,2019
1933,ARBOC,SPIRIT OF AMERICA,2020
1934,ARBOC,SPIRIT OF LIBERTY,2014
1935,ARBOC,SPIRIT OF LIBERTY,2015
1936,ARBOC,SPIRIT OF LIBERTY,2016
1937,ARBOC,SPIRIT OF LIBERTY,2017
1938,ARBOC,SPIRIT OF LIBERTY,2018
1939,ARBOC,SPIRIT OF LIBERTY,2019
1940,JAYCO,EAGLE,2020
1941,JAYCO,EAGLE HT,2020
1942,JAYCO,JAY FLIGHT,2020
1943,JAYCO,NORTHPOINT,2020
1944,JAYCO,OCTANE SUPER LITE,2020
1945,JAYCO,PINNACLE,2020
1946,JAYCO,SEISMIC,2020
1947,JAYCO,TALON,2020
1948,ENTEGRA,ACCOLADE,2020
1949,ENTEGRA,EMBLEM,2020
1950,ENTEGRA,ESTEEM,2020
1951,ENTEGRA,REDUNDANT ODYSSEY,2020
1952,ENTEGRA,VISION,2020
1953,JAYCO,ALANTE,2020
1954,JAYCO,GREYHAWK,2020
1955,JAYCO,PRECEPT,2020
1956,JAYCO,REDHAWK,2020
1957,JAYCO,SENECA,2020
1958,HIGHLAND RIDGE,MESA RIDGE,2020
1959,HIGHLAND RIDGE,OPEN RANGE,2020
1960,HIGHLAND RIDGE,SILVERSTAR,2020
1961,THOR MOTOR COACH,ACE,2020
1962,THOR MOTOR COACH,ACE,2021
1963,THOR MOTOR COACH,HURRICANE,2020
1964,THOR MOTOR COACH,OUTLAW,2020
1965,THOR MOTOR COACH,WINDSPORT,2020
1966,KME,COMMERCIALCAB/ CHASSIS,2014
1967,KME,PREDATOR,2011
1968,KME,PREDATOR,2013
1969,KME,PREDATOR,2014
1970,KME,PREDATOR PANTHER,2015
1971,KME,PREDATOR SS,2011
1972,KME,PREDATOR SS,2013
1973,KME,PREDATOR SS,2014
1974,KME,PREDATOR SS,2015
1975,KME,PREDATOR SS,2016
1976,KME,PREDATOR SS,2017
1977,KME,PREDATOR SS,2018
1978,KME,PREDATOR SS,2019
1979,KME,PREDATOR SS,2020
1980,JEEP,CHEROKEE,2014
1981,JEEP,CHEROKEE,2015
1982,JEEP,CHEROKEE,2016
1983,JEEP,CHEROKEE,2017
1984,AIRSTREAM,BASECAMP,2017
1985,AIRSTREAM,BASECAMP,2018
1986,DUTCHMEN,VOLTAGE,2020
1987,KEYSTONE,ALPINE,2020
1988,KEYSTONE,AVALANCHE,2020
1989,KEYSTONE,FUZION,2020
1990,KEYSTONE,LAREDO,2020
1991,KEYSTONE,MONTANA,2020
1992,KEYSTONE,RAPTOR,2020
1993,MCI,D4000,2018
1994,MCI,D4000,2019
1995,MCI,D4000,2020
1996,MCI,D4005,2018
1997,MCI,D4005,2019
1998,MCI,D4005,2020
1999,MCI,D45 CRT LE,2018
2000,MCI,D45 CRT LE,2019
2001,MCI,D45 CRT LE,2020
2002,NOVA BUS,LFS,2016
2003,NOVA BUS,LFS,2017
2004,NOVA BUS,LFS,2018
2005,NOVA BUS,LFS,2019
2006,BMW,330I,2019
2007,BMW,M340I,2019
2008,BMW,Z4,2019
2009,TOYOTA,SUPRA,2020
2010,VOLKSWAGEN,JETTA,2020
2011,FOREST RIVER,SURVEYOR,2020
2012,FORD,F-550 SD,2020
2013,VAC-TRON,CVGT,2020
2014,VAC-TRON,CVGTLC,2020
2015,VAC-TRON,CVSGT,2020
2016,VAC-TRON,LPSGT,2020
2017,VAC-TRON,LPXDT,2020
2018,TOYOTA,PRIUS,2013
2019,TOYOTA,PRIUS,2014
2020,TOYOTA,PRIUS,2015
2021,TOYOTA,PRIUS V,2014
2022,TOYOTA,PRIUS V,2015
2023,TOYOTA,PRIUS V,2016
2024,TOYOTA,PRIUS V,2017
2025,WONDER,W24FTB,2020
2026,WONDER,W24MB,2020
2027,WONDER,W24RTB,2020
2028,VOLKSWAGEN,GOLF,2018
2029,RAM,PROMASTER,2020
2030,VOLVO,S60,2011
2031,VOLVO,S60,2012
2032,VOLVO,S60,2013
2033,VOLVO,S60,2014
2034,VOLVO,S60,2015
2035,VOLVO,S60,2016
2036,VOLVO,S60,2017
2037,VOLVO,S60,2018
2038,VOLVO,S60CC,2016
2039,VOLVO,S60CC,2017
2040,VOLVO,S60CC,2018
2041,VOLVO,S60L,2014
2042,VOLVO,S60L,2015
2043,VOLVO,S60L,2016
2044,VOLVO,S60L,2017
2045,VOLVO,S60L,2018
2046,VOLVO,S60L,2019
2047,VOLVO,S60L,2020
2048,VOLVO,S80,2007
2049,VOLVO,S80,2008
2050,VOLVO,S80,2009
2051,VOLVO,S80,2010
2052,VOLVO,S80,2011
2053,VOLVO,S80,2012
2054,VOLVO,S80,2013
2055,VOLVO,S80,2014
2056,VOLVO,S80,2015
2057,VOLVO,S80,2016
2058,VOLVO,S80L,2009
2059,VOLVO,S80L,2010
2060,VOLVO,S80L,2011
2061,VOLVO,S80L,2012
2062,VOLVO,S80L,2013
2063,VOLVO,S80L,2014
2064,VOLVO,S80L,2015
2065,VOLVO,V60,2011
2066,VOLVO,V60,2012
2067,VOLVO,V60,2013
2068,VOLVO,V60,2014
2069,VOLVO,V60,2015
2070,VOLVO,V60,2016
2071,VOLVO,V60,2017
2072,VOLVO,V60,2018
2073,VOLVO,V60CC,2015
2074,VOLVO,V60CC,2016
2075,VOLVO,V60CC,2017
2076,VOLVO,V60CC,2018
2077,VOLVO,V70,2008
2078,VOLVO,V70,2009
2079,VOLVO,V70,2010
2080,VOLVO,V70,2011
2081,VOLVO,V70,2012
2082,VOLVO,V70,2013
2083,VOLVO,V70,2014
2084,VOLVO,V70,2015
2085,VOLVO,V70,2016
2086,VOLVO,XC60,2009
2087,VOLVO,XC60,2010
2088,VOLVO,XC60,2011
2089,VOLVO,XC60,2012
2090,VOLVO,XC60,2013
2091,VOLVO,XC60,2014
2092,VOLVO,XC60,2015
2093,VOLVO,XC60,2016
2094,VOLVO,XC70,2008
2095,VOLVO,XC70,2009
2096,VOLVO,XC70,2010
2097,VOLVO,XC70,2011
2098,VOLVO,XC70,2012
2099,VOLVO,XC70,2013
2100,VOLVO,XC70,2014
2101,VOLVO,XC70,2015
2102,VOLVO,XC70,2016
2103,BMW,740LI,2020
2104,BMW,740LI,2021
2105,BMW,750LI,2020
2106,BMW,750LI,2021
2107,BMW,B7 ALPINA,2020
2108,BMW,B7 ALPINA,2021
2109,BMW,M760I,2020
2110,BMW,M760I,2021
2111,PORSCHE,911 CARRERA,2020
2112,VOLVO,VNL,2018
2113,VOLVO,VNL,2019
2114,VOLVO,VNR,2018
2115,VOLVO,VNR,2019
2116,JAYCO,NORTHPOINT,2017
2117,LAND ROVER,RANGE ROVER,2013
2118,LAND ROVER,RANGE ROVER,2014
2119,LAND ROVER,RANGE ROVER,2015
2120,LAND ROVER,RANGE ROVER SPORT,2014
2121,LAND ROVER,RANGE ROVER SPORT,2015
2122,ENTEGRA,QWEST,2021
2123,KIA,SOUL EV,2015
2124,KIA,SOUL EV,2016
2125,AIRSTREAM,ATLAS,2020
2126,AIRSTREAM,ATLAS,2021
2127,AIRSTREAM,INTERSTATE,2020
2128,AIRSTREAM,INTERSTATE,2021
2129,HYUNDAI,ACCENT,2012
2130,HYUNDAI,ELANTRA,2011
2131,HYUNDAI,ELANTRA,2012
2132,HYUNDAI,SONATA HYBRID,2011
2133,HYUNDAI,SONATA HYBRID,2012
2134,HYUNDAI,VELOSTER,2012
2135,SETRA,S407 CC,2018
2136,SETRA,S417 TC,2020
2137,MERCEDES-BENZ,AMG C63,2019
2138,MERCEDES-BENZ,AMG C63,2020
2139,MERCEDES-BENZ,AMG C63 S,2019
2140,MERCEDES-BENZ,AMG GLC63 S,2020
2141,MERCEDES-BENZ,AMG GT53,2019
2142,MERCEDES-BENZ,AMG GT63S,2019
2143,CHRYSLER,TOWN AND COUNTRY,2008
2144,CHRYSLER,TOWN AND COUNTRY,2009
2145,CHRYSLER,TOWN AND COUNTRY,2010
2146,DODGE,GRAND CARAVAN,2008
2147,DODGE,GRAND CARAVAN,2009
2148,DODGE,GRAND CARAVAN,2010
2149,DODGE,NITRO,2007
2150,DODGE,NITRO,2008
2151,DODGE,NITRO,2009
2152,DODGE,NITRO,2010
2153,DODGE,NITRO,2011
2154,AUDI,A8,2013
2155,AUDI,A8,2014
2156,AUDI,A8,2015
2157,AUDI,A8,2016
2158,AUDI,A8,2017
2159,AUDI,A8,2018
2160,AUDI,S8,2013
2161,AUDI,S8,2014
2162,AUDI,S8,2015
2163,AUDI,S8,2016
2164,AUDI,S8,2017
2165,AUDI,S8,2018
2166,KEYSTONE,CARBON,2019
2167,KEYSTONE,CARBON,2020
2168,KEYSTONE,COUGAR,2019
2169,KEYSTONE,FUZION,2019
2170,KEYSTONE,IMPACT,2019
2171,KEYSTONE,IMPACT,2020
2172,KEYSTONE,RAPTOR,2019
2173,KIA,SEDONA,2020
2174,MITSUBISHI,OUTLANDER,2014
2175,MITSUBISHI,OUTLANDER,2015
2176,MITSUBISHI,OUTLANDER,2016
2177,MITSUBISHI,OUTLANDER,2017
2178,MITSUBISHI,OUTLANDER,2018
2179,MITSUBISHI,OUTLANDER PHEV,2018
2180,FCCC,XBP,2018
2181,FCCC,XBR,2018
2182,FCCC,XBS,2017
2183,FCCC,XBS,2018
2184,FCCC,XCL,2016
2185,FCCC,XCL,2017
2186,FCCC,XCL,2018
2187,FCCC,XCM,2016
2188,FCCC,XCM,2017
2189,FCCC,XCM,2018
2190,FCCC,XCP,2017
2191,FCCC,XCP,2018
2192,FCCC,XCP,2019
2193,FCCC,XCP,2020
2194,FCCC,XCR,2016
2195,FCCC,XCR,2017
2196,FCCC,XCR,2018
2197,FCCC,XCS,2017
2198,FCCC,XCS,2018
2199,JAYCO,ENVOY 100,2018
2200,JAYCO,ENVOY 200,2018
2201,JAYCO,GREYHAWK,2016
2202,JAYCO,GREYHAWK,2017
2203,JAYCO,GREYHAWK,2018
2204,JAYCO,REDHAWK,2016
2205,JAYCO,REDHAWK,2017
2206,JAYCO,REDHAWK,2018
2207,TOYOTA,TUNDRA,2020
2208,NISSAN,LEAF,2020
2209,FORD,F-650 SD,2021
2210,FORD,F-750 SD,2021
2211,LINCOLN,MKX,2016
2212,LINCOLN,MKX,2017
2213,LINCOLN,MKX,2018
2214,LINCOLN,NAUTILUS,2019
2215,LINCOLN,NAUTILUS,2020
2216,FORD,ESCAPE,2020
2217,THOR MOTOR COACH,ARIA,2017
2218,THOR MOTOR COACH,ARIA,2018
2219,THOR MOTOR COACH,PALAZZO,2017
2220,THOR MOTOR COACH,PALAZZO,2018
2221,THOR MOTOR COACH,PALAZZO,2019
2222,THOR MOTOR COACH,TUSCANY,2017
2223,THOR MOTOR COACH,TUSCANY,2018
2224,THOR MOTOR COACH,TUSCANY,2019
2225,THOR MOTOR COACH,TUSCANY,2020
2226,THOR MOTOR COACH,TUSCANY XTE,2017
2227,THOR MOTOR COACH,VENETIAN,2017
2228,THOR MOTOR COACH,VENETIAN,2018
2229,THOR MOTOR COACH,DAYBREAK,2021
2230,THOR MOTOR COACH,FREEDOM ELITE,2021
2231,KIA,STINGER,2020
2232,THOR MOTOR COACH,FREEDOM ELITE,2019
2233,THOR MOTOR COACH,SEQUENCE,2020
2234,THOR MOTOR COACH,SEQUENCE,2021
2235,TROPOS,ABLE,2019
2236,TROPOS,ABLE,2020
2237,KEYSTONE,FUZION,2021
2238,KEYSTONE,IMPACT,2021
2239,GREAT DANE,TRUCK BODY,2018
2240,GREAT DANE,TRUCK BODY,2019
2241,GREAT DANE,TRUCK BODY,2020
2242,HIGH ALTITUDE TRAILER,XT50,2019
2243,HIGH ALTITUDE TRAILER,XT50,2020
2244,TIFFIN,BUS,2019
2245,TIFFIN,BUS,2020
2246,TIFFIN,ZEPHYR,2018
2247,TIFFIN,ZEPHYR,2019
2248,TIFFIN,ZEPHYR,2020
2249,BMW,X5,2019
2250,BMW,X5,2020
2251,BMW,X6 M,2020
2252,KIA,TELLURIDE,2020
2253,HONDA,PASSPORT,2019
2254,HONDA,PILOT,2019
2255,HONDA,PILOT,2021
2256,WINNEBAGO,MINNIE WINNIE,2019
2257,WINNEBAGO,MINNIE WINNIE,2020
2258,FLEETWOOD,PACE ARROW,2019
2259,FLEETWOOD,PACE ARROW,2020
2260,THOR MOTOR COACH,DELANO,2021
2261,THOR MOTOR COACH,TIBURON,2021
2262,BUICK,ENCLAVE,2020
2263,CADILLAC,XT5,2020
2264,CADILLAC,XT6,2020
2265,CHEVROLET,BLAZER,2020
2266,CHEVROLET,TRAVERSE,2020
2267,GMC,ACADIA,2020
2268,XTREME OUTDOORS,LITTLE GUY MINI MAX,2020
2269,MERCEDES-BENZ,C 300,2019
2270,MERCEDES-BENZ,CLS 450,2019
2271,MERCEDES-BENZ,E300,2017
2272,MERCEDES-BENZ,E 300,2018
2273,MERCEDES-BENZ,E 300,2019
2274,MERCEDES-BENZ,E 400,2018
2275,MERCEDES-BENZ,E 450,2019
2276,MERCEDES-BENZ,S 450,2019
2277,AUTOCAR,XPEDITOR,2021
2278,TRIUMPH,TIGER 900,2020
2279,TRIUMPH,TIGER 900 GT,2020
2280,TRIUMPH,TIGER 900 RALLY,2020
2281,BENTLEY,FLYING SPUR,2020
2282,FREIGHTLINER,SPRINTER (VS30),2019
2283,MERCEDES-BENZ,SPRINTER (VS30),2019
2284,INDIAN,SCOUT,2019
2285,INDIAN,SCOUT BOBBER,2019
2286,INDIAN,SCOUT SIXTY,2019
2287,NOVA BUS,LFS ARTIC,2016
2288,THOR MOTOR COACH,CHATEAU,2018
2289,THOR MOTOR COACH,CHATEAU,2019
2290,THOR MOTOR COACH,FOUR WINDS,2018
2291,THOR MOTOR COACH,FOUR WINDS,2019
2292,KIA,FORTE,2019
2293,DUCATI,STREETFIGHTER V4,2021
2294,DUCATI,STREETFIGHTER V4 S,2021
2295,CHEVROLET,CORVETTE,2020
2296,FORD,EDGE,2015
2297,FORD,EDGE,2016
2298,FORD,EDGE,2017
2299,FORD,EDGE,2018
2300,LINCOLN,CORSAIR,2020
2301,BMW,HP2 ENDURO,2006
2302,BMW,HP2 MEGAMOTO,2007
2303,BMW,HP2 MEGAMOTO,2008
2304,BMW,HP2 MEGAMOTO,2009
2305,BMW,HP2 MEGA MOTO US,2009
2306,BMW,HP2 SPORT,2007
2307,BMW,HP2 SPORT,2008
2308,BMW,HP2 SPORT,2009
2309,BMW,HP2 SPORT,2010
2310,BMW,K1200 GT,2005
2311,BMW,K1200 GT,2006
2312,BMW,K1200 GT,2007
2313,BMW,K1200 GT,2008
2314,BMW,K1200 R,2005
2315,BMW,K1200 R,2006
2316,BMW,K1200 R,2007
2317,BMW,K1200 R,2008
2318,BMW,K1200 R SPORT,2005
2319,BMW,K1200 R SPORT,2006
2320,BMW,K1200 R SPORT,2007
2321,BMW,K1200 R SPORT,2008
2322,BMW,K1200 S,2005
2323,BMW,K1200 S,2006
2324,BMW,K1200 S,2007
2325,BMW,K1200 S,2008
2326,BMW,K 1300 GT,2009
2327,BMW,K 1300 GT,2010
2328,BMW,K 1300 GT,2011
2329,BMW,K 1300 S,2009
2330,BMW,K 1300 S,2010
2331,BMW,K 1300 S,2011
2332,BMW,K 1600 GT,2012
2333,BMW,K 1600 GTL,2012
2334,BMW,R1200 GS,2005
2335,BMW,R1200 GS,2006
2336,BMW,R1200 GS,2007
2337,BMW,R1200 GS,2008
2338,BMW,R1200 GS,2009
2339,BMW,R1200 GS,2010
2340,BMW,R1200 GS,2011
2341,BMW,R 1200 GS ADVENTURE,2005
2342,BMW,R1200 GS ADVENTURE,2006
2343,BMW,R1200 GS ADVENTURE,2007
2344,BMW,R1200 GS ADVENTURE,2008
2345,BMW,R1200 GS ADVENTURE,2009
2346,BMW,R1200 GS ADVENTURE,2010
2347,BMW,R1200 GS ADVENTURE,2011
2348,BMW,R1200 HP2,2006
2349,BMW,R1200 HP2,2007
2350,BMW,R1200 HP2,2008
2351,BMW,R 1200 R,2009
2352,BMW,R 1200 R,2010
2353,BMW,R1200 R,2006
2354,BMW,R1200 R,2007
2355,BMW,R1200 R,2008
2356,BMW,R1200 R,2011
2357,BMW,R1200 RT,2005
2358,BMW,R1200 RT,2006
2359,BMW,R1200 RT,2007
2360,BMW,R1200 RT,2008
2361,BMW,R1200 RT,2009
2362,BMW,R1200 RT,2010
2363,BMW,R1200 RT,2011
2364,BMW,R1200 S,2006
2365,BMW,R1200 S,2007
2366,BMW,R1200 S,2008
2367,BMW,R1200 ST,2005
2368,BMW,R1200 ST,2006
2369,BMW,R1200 ST,2007
2370,BMW,R1200 ST,2008
2371,BMW,S1000 RR,2010
2372,BMW,S1000 RR,2011
2373,TRIUMPH,STREET SCRAMBLER,2019
2374,TRIUMPH,STREET SCRAMBLER,2020
2375,TRIUMPH,STREET TWIN,2019
2376,TRIUMPH,STREET TWIN,2020
2377,JEEP,GRAND CHEROKEE,2014
2378,JEEP,GRAND CHEROKEE,2015
2379,JEEP,GRAND CHEROKEE,2016
2380,RAM,1500,2014
2381,RAM,1500,2015
2382,RAM,1500,2016
2383,RAM,1500,2017
2384,RAM,1500,2018
2385,BMW,S 1000 RR,2020
2386,BMW,S 1000 XR,2020
2387,COACHMEN,BEYOND,2020
2388,COACHMEN,CROSSFIT,2017
2389,COACHMEN,CROSSFIT,2018
2390,COACHMEN,CROSSFIT,2019
2391,COACHMEN,GALLERIA,2016
2392,COACHMEN,GALLERIA,2017
2393,COACHMEN,GALLERIA,2018
2394,COACHMEN,GALLERIA,2019
2395,COACHMEN,GALLERIA,2020
2396,FOREST RIVER,SALEM,2019
2397,FOREST RIVER,SALEM,2020
2398,FOREST RIVER,SALEM,2021
2399,FOREST RIVER,WILDWOOD,2019
2400,FOREST RIVER,WILDWOOD,2020
2401,FOREST RIVER,WILDWOOD,2021
2402,BMW,X5,2021
2403,BMW,X6,2021
2404,FCCC,XCM,2015
2405,HEARTLAND,MALLARD,2021
2406,KME,COMMERCIAL PUMPER,2017
2407,KME,COMMERCIAL PUMPER,2018
2408,KME,COMMERCIAL PUMPER,2019
2409,KME,COMMERCIAL PUMPER,2020
2410,KME,COMMERCIAL RESCUE,2016
2411,KME,COMMERCIAL SKID,2018
2412,KME,COMMERCIAL TANKER,2015
2413,KME,COMMERCIAL TANKER,2016
2414,KME,COMMERCIAL TANKER,2017
2415,KME,COMMERCIAL TANKER,2018
2416,KME,COMMERCIAL TANKER,2019
2417,KME,COMMERCIAL WILDLAND,2018
2418,KME,COMMERCIAL WILDLAND,2019
2419,KME,PREDATOR PANTHER AERIAL,2016
2420,KME,PREDATOR PANTHER PUMPER,2018
2421,KME,PREDATOR PANTHER TANKER,2020
2422,KME,PREDATOR SS AERIAL,2018
2423,KME,PREDATOR SS AERIAL,2019
2424,KME,PREDATOR SS AERIAL,2020
2425,KME,PREDATOR SS CHASSIS,2017
2426,KME,PREDATOR SS PUMPER,2021
2427,KME,PREDATOR SS RESCUE,2017
2428,KME,PREDATOR SS RESCUE,2018
2429,KME,PREDATOR SS RESCUE,2019
2430,KME,PREDATOR SS RESCUE,2020
2431,BMW,330E,2021
2432,BMW,X3,2021
2433,MINI,COUNTRYMAN,2020
2434,KEYSTONE,OUTBACK,2021
2435,INTERNATIONAL,HX,2020
2436,INTERNATIONAL,HX,2021
2437,BMW,R 1250 GS,2021
2438,BMW,R 1250 GS ADVENTURE,2021
2439,BMW,R 1250 R,2021
2440,BMW,R 1250 RS,2021
2441,BMW,R 1250 RT,2021
2442,FORD,EXPLORER,2020
2443,LINCOLN,AVIATOR,2020
2444,THOR MOTOR COACH,HURRICANE,2019
2445,THOR MOTOR COACH,HURRICANE,2021
2446,THOR MOTOR COACH,WINDSPORT,2019
2447,THOR MOTOR COACH,WINDSPORT,2021
2448,VOLVO,XC60,2018
2449,VOLVO,XC60,2019
2450,VOLVO,XC60,2020
2451,VOLKSWAGEN,ATLAS,2021
2452,VOLKSWAGEN,ATLAS CROSS SPORT,2020
2453,AUDI,Q5,2020
2454,AUDI,SQ5,2020
2455,VOLKSWAGEN,TIGUAN,2020
2456,VAC-TRON,HTV 373 PTO,2016
2457,VAC-TRON,HTV 373 PTO,2017
2458,VAC-TRON,HTV 373 PTO,2018
2459,VAC-TRON,HTV 373 PTO,2019
2460,VAC-TRON,HTV 373 PTO,2020
2461,VAC-TRON,HTV 573 PTO,2015
2462,VAC-TRON,HTV 573 PTO,2016
2463,VAC-TRON,HTV 573 PTO,2017
2464,VAC-TRON,HTV 573 PTO,2018
2465,VAC-TRON,HTV 573 PTO,2019
2466,VAC-TRON,HTV 573 PTO,2020
2467,VAC-TRON,HTV 873 PTO,2016
2468,VAC-TRON,HTV 873 PTO,2017
2469,VAC-TRON,HTV 873 PTO,2018
2470,VAC-TRON,HTV 873 PTO,2019
2471,VAC-TRON,HTV 873 PTO,2020
2472,VAC-TRON,JTV 873 PTO,2016
2473,VAC-TRON,JTV 873 PTO,2017
2474,VAC-TRON,JTV 873 PTO,2018
2475,VAC-TRON,JTV 873 PTO,2019
2476,VAC-TRON,JTV 873 PTO,2020
2477,VAC-TRON,HTV 873 PTO,2021
2478,VAC-TRON,HTV 873 PTO,2022
2479,RAM,4500,2019
2480,RAM,4500,2020
2481,RAM,5500,2019
2482,RAM,5500,2020
2483,DODGE,CHARGER,2018
2484,DODGE,CHARGER,2019
2485,DODGE,CHARGER,2020
2486,BMW,X7,2021
2487,CHEVROLET,CAPRICE POLICE PURSUIT,2014
2488,BMW,Z4,2020
2489,KIA,STINGER,2018
2490,KIA,STINGER,2019
2491,KIA,STINGER,2021
2492,KIA,OPTIMA,2015
2493,KIA,SORENTO,2014
2494,KIA,SORENTO,2015
2495,HYUNDAI,SANTA FE SPORT,2013
2496,HYUNDAI,SANTA FE SPORT,2014
2497,HYUNDAI,SANTA FE SPORT,2015
2498,HEARTLAND,BIGHORN TRAVELER,2021
2499,HEARTLAND,CYCLONE,2019
2500,HEARTLAND,CYCLONE,2020
2501,HEARTLAND,CYCLONE,2021
2502,HEARTLAND,ELKRIDGE,2021
2503,PJ TRAILERS,DE,2020
2504,PJ TRAILERS,DE,2021
2505,PIAGGIO,MP3 500,2019
2506,PIAGGIO,MP3 500,2020
2507,FREIGHTLINER,108SD,2018
2508,FREIGHTLINER,108SD,2021
2509,FREIGHTLINER,114SD,2018
2510,FCCC,MC,2018
2511,FCCC,MC,2019
2512,FCCC,MC,2020
2513,FCCC,MC,2021
2514,FCCC,XCM,2021
2515,FCCC,XCR,2021
2516,FCCC,XCS,2021
2517,VOLKSWAGEN,PASSAT,2020
2518,VOLVO,VHD,2021
2519,VOLVO,VAH,2020
2520,VOLVO,VAH,2021
2521,VOLVO,VHD,2020
2522,BUICK,ENCORE,2020
2523,DUTCHMEN,YUKON,2020
2524,DUTCHMEN,YUKON,2021
2525,PLEASURE WAY,TOFINO,2019
2526,PLEASURE WAY,TOFINO,2020
2527,PLEASURE WAY,TOFINO,2021
2528,HYUNDAI,TUCSON,2016
2529,HYUNDAI,TUCSON,2017
2530,HYUNDAI,TUCSON,2018
2531,HYUNDAI,TUCSON,2019
2532,HYUNDAI,TUCSON,2020
2533,HYUNDAI,TUCSON,2021
2534,ENTEGRA,REATTA,2019
2535,ENTEGRA,REATTA,2020
2536,ENTEGRA,REATTA XL,2020
2537,JAYCO,EMBARK,2019
2538,JAYCO,EMBARK,2020
2539,ENTEGRA,ESTEEM,2019
2540,ENTEGRA,ODYSSEY,2018
2541,ENTEGRA,ODYSSEY,2019
2542,JAYCO,ENVOY 200,2017
2543,JAYCO,ESTEEM,2018
2544,JAYCO,GREYHAWK,2019
2545,JAYCO,GREYHAWK PRESTIGE,2018
2546,JAYCO,GREYHAWK PRESTIGE,2019
2547,JAYCO,REDHAWK,2019
2548,FORD,EDGE,2019
2549,FORD,EDGE,2020
2550,FORD,TRANSIT CONNECT,2019
2551,FORD,TRANSIT CONNECT,2020
2552,LINCOLN,MKX,2019
2553,LINCOLN,MKX,2020
2554,GENIE,TZ-50,2020
2555,CHEVROLET,6500XD,2021
2556,ISUZU,FTR,2021
2557,NISSAN,TITAN,2019
2558,JAGUAR,XJ,2010
2559,JAGUAR,XJ,2011
2560,JAGUAR,XJ,2017
2561,THOR MOTOR COACH,ARIA,2021
2562,THOR MOTOR COACH,PALAZZO,2020
2563,THOR MOTOR COACH,PALAZZO,2021
2564,THOR MOTOR COACH,TUSCANY,2021
2565,THOR MOTOR COACH,VENETIAN,2021
2566,VOLKSWAGEN,EGOLF,2017
2567,VOLKSWAGEN,GOLF ALLTRACK,2017
2568,VOLKSWAGEN,GOLF R,2018
2569,VOLKSWAGEN,PASSAT,2016
2570,VOLKSWAGEN,PASSAT,2017
2571,VOLKSWAGEN,PASSAT,2018
2572,FOREST RIVER,SALEM,2018
2573,FOREST RIVER,SONOMA,2020
2574,FOREST RIVER,WILDWOOD,2018
2575,NOVA BUS,LFS,2020
2576,NOVA BUS,LFS,2021
2577,NOVA BUS,LFS ARTIC,2019
2578,NOVA BUS,LFS ARTIC,2020
2579,NOVA BUS,LFS ARTIC,2021
2580,GENESIS,G70,2021
2581,NISSAN,ALTIMA,2020
2582,NISSAN,MAXIMA,2020
2583,FORD,F-450 SD,2020
2584,FORD,F-250,2019
2585,FORD,F-350,2019
2586,LAND ROVER,RANGE ROVER SPORT,2020
2587,LAND ROVER,RANGE ROVER SPORT,2021
2588,BUICK,ENCORE GX,2020
2589,BUICK,ENCORE GX,2021
2590,CADILLAC,CT4,2020
2591,CADILLAC,CT5,2020
2592,CADILLAC,XT4,2020
2593,STOUGHTON,DVW,2016
2594,STOUGHTON,DVW,2017
2595,STOUGHTON,DVW,2018
2596,STOUGHTON,DVW,2019
2597,VOLVO BUS,9700,2020
2598,BMW,530I,2020
2599,BMW,530I,2021
2600,BMW,540I,2020
2601,BMW,540I,2021
2602,BMW,550E,2020
2603,BMW,550E,2021
2604,BMW,M5,2020
2605,BMW,M5,2021
2606,BMW,M550I,2020
2607,BMW,M550I,2021
2608,BMW,X4,2021
2609,FORD,F-350,2020
2610,ENTEGRA,ANTHEM,2021
2611,ENTEGRA,ASPIRE,2021
2612,ENTEGRA,CORNERSTONE,2021
2613,ENTEGRA,REATTA XL,2021
2614,BMW,530E,2020
2615,BMW,530E,2021
2616,BMW,745LE,2021
2617,BMW,I8,2020
2618,MINI,COUNTRYMAN,2021
2619,JAYCO,JAY FEATHER,2021
2620,CADILLAC,ESCALADE,2018
2621,CHEVROLET,SILVERADO 1500,2018
2622,CHEVROLET,TAHOE,2018
2623,GMC,SIERRA 1500,2018
2624,GMC,YUKON,2018
2625,ASTON MARTIN,DB11,2017
2626,ASTON MARTIN,DB11,2019
2627,ASTON MARTIN,DBS SUPERLEGGERA,2019
2628,ASTON MARTIN,DBS SUPERLEGGERA,2020
2629,ASTON MARTIN,VANTAGE,2019
2630,ASTON MARTIN,VANTAGE,2020
2631,MERCEDES-BENZ,GLC 350 E,2020
2632,SUZUKI,GSX250R,2018
2633,SUZUKI,GSX250RZ,2018
2634,FERRARI,812 SUPERFAST,2018
2635,FERRARI,812 SUPERFAST,2019
2636,FERRARI,812 SUPERFAST,2020
2637,FLEETWOOD,BOUNDER,2020
2638,FLEETWOOD,BOUNDER,2021
2639,FLEETWOOD,FLAIR,2020
2640,FLEETWOOD,FLAIR,2021
2641,FLEETWOOD,FORTIS,2020
2642,FLEETWOOD,FORTIS,2021
2643,FLEETWOOD,SOUTHWIND,2020
2644,FLEETWOOD,SOUTHWIND,2021
2645,HOLIDAY RAMBLER,ADMIRAL,2020
2646,HOLIDAY RAMBLER,ADMIRAL,2021
2647,HOLIDAY RAMBLER,INVICTA,2020
2648,HOLIDAY RAMBLER,INVICTA,2021
2649,HOLIDAY RAMBLER,VACATIONER,2020
2650,HOLIDAY RAMBLER,VACATIONER,2021
2651,VESPA,GTS 300,2020
2652,VESPA,GTS 300,2021
2653,VESPA,GTV 300,2020
2654,VESPA,GTV 300,2021
2655,LANCE,TRAVEL TRAILER,2018
2656,LANCE,TRAVEL TRAILER,2019
2657,LANCE,TRAVEL TRAILER,2020
2658,LANCE,TRAVEL TRAILER,2021
2659,LAND ROVER,RANGE ROVER SPORT,2010
2660,LAND ROVER,RANGE ROVER SPORT,2011
2661,HARLEY-DAVIDSON/LIVEWIRE,ELW (LIVEWIRE),2020
2662,TORO,LOG SPLITTER,2017
2663,TORO,LOG SPLITTER,2018
2664,TORO,LOG SPLITTER,2019
2665,TORO,LOG SPLITTER,2020
2666,MERCEDES-BENZ,GLE 580,2020
2667,HYUNDAI,KONA ELECTRIC,2019
2668,HYUNDAI,KONA ELECTRIC,2020
2669,CAN-AM,RYKER,2020
2670,TOYOTA,HIGHLANDER HYBRID,2020
2671,CHEVROLET,CHEVEROLET SS,2014
2672,ZERO,DS,2021
2673,ZERO,DSR,2021
2674,ZERO,FX,2021
2675,ZERO,FXS,2021
2676,ZERO,S,2021
2677,ZERO,SR,2021
2678,WESTERN STAR,4700,2018
2679,WESTERN STAR,4900,2018
2680,WESTERN STAR,4900,2019
2681,WESTERN STAR,5700,2018
2682,HEARTLAND,MILESTONE,2019
2683,AUDI,Q3,2020
2684,MITSUBISHI FUSO,FEC7T,2019
2685,MITSUBISHI FUSO,FEC7T,2020
2686,MITSUBISHI FUSO,FEC7T,2021
2687,MITSUBISHI FUSO,FEC9T,2019
2688,MITSUBISHI FUSO,FEC9T,2020
2689,MITSUBISHI FUSO,FEC9T,2021
2690,MITSUBISHI FUSO,FECZT,2019
2691,MITSUBISHI FUSO,FECZT,2020
2692,MITSUBISHI FUSO,FECZT,2021
2693,BRAUN AMBULANCES,CHIEF XL TYPE III,2019
2694,BRAUN AMBULANCES,CHIEF XL TYPE III,2020
2695,BRAUN AMBULANCES,EXPRESS PLUS TYPE I,2018
2696,BRAUN AMBULANCES,EXPRESS PLUS TYPE I,2019
2697,BRAUN AMBULANCES,EXPRESS PLUS TYPE I,2020
2698,BRAUN AMBULANCES,EXPRESS TYPE III,2019
2699,BRAUN AMBULANCES,RAIDER TYPE I,2019
2700,BRAUN AMBULANCES,SUPER CHIEF,2019
2701,FOREST RIVER,CHEROKEE,2019
2702,FOREST RIVER,CHEROKEE,2020
2703,FOREST RIVER,CHEROKEE,2021
2704,JEEP,CHEROKEE,2021
2705,AUDI,Q7,2020
2706,ENTEGRA,EMBLEM,2021
2707,JAYCO,ALANTE,2021
2708,JAYCO,PRECEPT,2021
2709,JAYCO,PRECEPT PRESTIGE,2021
2710,JAYCO,VISION,2021
2711,JAYCO,VISION XL,2021
2712,JAYCO,NORTHPOINT,2021
2713,BMW,M2,2020
2714,BMW,M2,2021
2715,BMW,M4,2020
2716,ENTEGRA,VISION,2021
2717,ENTEGRA,VISION XL,2020
2718,ENTEGRA,VISION XL,2021
2719,JAYCO,PRECEPT PRESTIGE,2020
2720,BUICK,ENCLAVE,2019
2721,BUICK,ENCORE,2019
2722,BUICK,LACROSSE,2018
2723,BUICK,LACROSSE,2019
2724,CADILLAC,XT4,2019
2725,CHEVROLET,BLAZER,2019
2726,CHEVROLET,CRUZE,2018
2727,CHEVROLET,CRUZE,2019
2728,CHEVROLET,EQUINOX,2018
2729,CHEVROLET,EQUINOX,2019
2730,CHEVROLET,EQUINOX,2020
2731,CHEVROLET,MALIBU,2018
2732,CHEVROLET,TRAVERSE,2018
2733,CHEVROLET,TRAVERSE,2019
2734,GMC,ACADIA,2019
2735,GMC,TERRAIN,2018
2736,GMC,TERRAIN,2019
2737,GMC,TERRAIN,2020
2738,SERENITY,S24CB,2019
2739,SERENITY,S24CB,2020
2740,TRIPLE E,UNITY,2019
2741,TRIPLE E,UNITY,2020
2742,TRIPLE E,UNITY,2021
2743,TRIPLE E RV,WONDER,2019
2744,TRIPLE E RV,WONDER,2020
2745,TRIPLE E RV,WONDER,2021
2746,MERCEDES-BENZ,AMG GLE63,2021
2747,MERCEDES-BENZ,GLA 250,2019
2748,MERCEDES-BENZ,AMG E53,2019
2749,MERCEDES-BENZ,AMG E53,2021
2750,MERCEDES-BENZ,AMG E63,2021
2751,MERCEDES-BENZ,E 350,2021
2752,MERCEDES-BENZ,E 450,2021
2753,MERCEDES-BENZ,E63 AMG,2020
2754,FORD,EXPLORER,2013
2755,FORD,EXPLORER,2014
2756,FORD,EXPLORER,2015
2757,FORD,EXPLORER,2016
2758,FORD,EXPLORER,2017
2759,KAWASAKI,NINJA,2018
2760,KAWASAKI,NINJA,2019
2761,KAWASAKI,NINJA,2020
2762,KAWASAKI,NINJA H2 SX,2018
2763,KAWASAKI,NINJA H2 SX,2020
2764,KAWASAKI,ZX1002A,2018
2765,KAWASAKI,ZX1002A,2019
2766,KAWASAKI,ZX1002A,2020
2767,KAWASAKI,ZX1002B,2019
2768,KAWASAKI,ZX1002B,2020
2769,KAWASAKI,ZX1002D,2019
2770,FOUR WINDS,MONTECITO,2010
2771,FOUR WINDS,MONTECITO,2011
2772,TRANSCRAFT,PLATFORM TRAILER,2016
2773,TRANSCRAFT,PLATFORM TRAILER,2017
2774,TRANSCRAFT,PLATFORM TRAILER,2018
2775,TRANSCRAFT,PLATFORM TRAILER,2019
2776,TRANSCRAFT,PLATFORM TRAILER,2020
2777,TRANSCRAFT,PLATFORM TRAILER,2021
2778,VOLVO,S60,2001
2779,VOLVO,S60,2002
2780,VOLVO,S60,2003
2781,VOLVO,S80,2001
2782,VOLVO,S80,2002
2783,VOLVO,S80,2003
2784,LEXUS,ES350,2020
2785,LEXUS,GS 200T,2017
2786,LEXUS,GS 350,2017
2787,LEXUS,GX460,2018
2788,LEXUS,GX460,2019
2789,LEXUS,LC500,2020
2790,LEXUS,LC HYBRID,2020
2791,LEXUS,LS500,2020
2792,LEXUS,LX570,2018
2793,LEXUS,LX570,2019
2794,LEXUS,NX300,2018
2795,LEXUS,NX300,2019
2796,LEXUS,RX350,2020
2797,LEXUS,RX350L,2020
2798,LEXUS,UX200,2019
2799,TOYOTA,4RUNNER,2018
2800,TOYOTA,4RUNNER,2019
2801,TOYOTA,AVALON,2020
2802,TOYOTA,COROLLA,2020
2803,TOYOTA,COROLLA HATCHBACK,2019
2804,TOYOTA,HIGHLANDER,2017
2805,TOYOTA,LAND CRUISER,2018
2806,TOYOTA,LAND CRUISER,2019
2807,TOYOTA,SEQUOIA,2020
2808,TOYOTA,SIENNA,2020
2809,TOYOTA,TACOMA,2017
2810,TOYOTA,TACOMA,2020
2811,LAND ROVER,DISCOVERY SPORT,2020
2812,CHEVROLET,SILVERADO 1500,2021
2813,GMC,SIERRA 1500,2021
2814,FREIGHTLINER,ECONIC SD,2019
2815,FREIGHTLINER,ECONIC SD,2020
2816,FREIGHTLINER,ECONIC SD,2021
2817,AUTOCAR,LEGEND,2020
2818,AUTOCAR,LEGEND,2021
2819,THOMAS BUILT BUSES,MINOTOUR,2008
2820,THOMAS BUILT BUSES,MINOTOUR,2009
2821,THOMAS BUILT BUSES,MINOTOUR,2010
2822,THOMAS BUILT BUSES,MINOTOUR,2011
2823,THOMAS BUILT BUSES,MINOTOUR,2012
2824,THOMAS BUILT BUSES,MINOTOUR,2013
2825,THOMAS BUILT BUSES,MINOTOUR,2014
2826,THOMAS BUILT BUSES,MINOTOUR,2015
2827,THOMAS BUILT BUSES,MINOTOUR,2016
2828,THOMAS BUILT BUSES,MINOTOUR,2017
2829,THOMAS BUILT BUSES,MINOTOUR,2018
2830,THOMAS BUILT BUSES,MINOTOUR,2019
2831,THOMAS BUILT BUSES,MINOTOUR,2020
2832,THOMAS BUILT BUSES,MINOTOUR,2021
2833,FORD,F-650,2021
2834,FORD,F-750,2021
2835,FORD,EDGE,2014
2836,LAND ROVER,DISCOVERY,2019
2837,TEREX,TL100,2019
2838,TEREX,TL100,2020
2839,TOYOTA,RAV4 PRIME,2021
2840,JEEP,GRAND CHEROKEE,2017
2841,JEEP,GRAND CHEROKEE,2018
2842,BMW,Z4,2021
2843,TOYOTA,SUPRA,2021
2844,CHEVROLET,BOLT EV,2017
2845,CHEVROLET,BOLT EV,2018
2846,VOLKSWAGEN,ATLAS CROSS SPORT,2021
2847,ZERO,SR/F,2020
2848,ZERO,SR/S,2020
2849,HYUNDAI,VERACRUZ,2007
2850,HYUNDAI,VERACRUZ,2008
2851,HYUNDAI,VERACRUZ,2009
2852,HYUNDAI,VERACRUZ,2010
2853,HYUNDAI,VERACRUZ,2011
2854,HYUNDAI,VERACRUZ,2012
2855,FLEETWOOD,DISCOVERY,2021
2856,FLEETWOOD,DISCOVERY LXE,2021
2857,FLEETWOOD,PACE ARROW,2021
2858,FLEETWOOD,PACE ARROW LXE,2021
2859,HOLIDAY RAMBLER,ARMADA,2021
2860,HOLIDAY RAMBLER,ENDEAVOR,2021
2861,HOLIDAY RAMBLER,NAUTICA,2021
2862,HOLIDAY RAMBLER,NAVIGATOR,2021
2863,LAMBORGHINI,URUS,2019
2864,LAMBORGHINI,URUS,2020
2865,ALFA ROMEO,GIULIA,2020
2866,KEYSTONE,OUTBACK,2019
2867,KEYSTONE,OUTBACK,2020
2868,VOLKSWAGEN,ARTEON,2021
2869,VOLKSWAGEN,GOLF,2021
2870,VOLKSWAGEN,JETTA,2021
2871,VOLKSWAGEN,TIGUAN,2021
2872,NEWMAR,BAY STAR,2019
2873,NEWMAR,BAY STAR,2020
2874,NEWMAR,BAY STAR SPORT,2021
2875,NEWMAR,CANYON STAR,2020
2876,NEWMAR,DUTCH STAR,2020
2877,NEWMAR,KOUNTRY STAR,2020
2878,NEWMAR,SUPER STAR,2020
2879,NEWMAR,VENTANA,2019
2880,NEWMAR,VENTANA,2020
2881,NEWMAR,VENTANA LE,2019
2882,CHEVROLET,LOW CAB FORWARD 4500,2020
2883,KAWASAKI,ZX1400J,2021
2884,VOLKSWAGEN,TIGUAN,2018
2885,LINCOLN,AVIATOR,2021
2886,ROSENBAUER,AERIAL,2018
2887,ROSENBAUER,AERIAL,2019
2888,ROSENBAUER,AERIAL,2020
2889,BUGATTI,CHIRON,2020
2890,BUGATTI,DIVO,2020
2891,BUGATTI,CHIRON,2017
2892,BUGATTI,CHIRON,2018
2893,BUGATTI,CHIRON,2019
2894,BUGATTI,CHIRON SPORT,2018
2895,BUGATTI,CHIRON SPORT,2019
2896,BUGATTI,CHIRON SPORT,2020
2897,BUGATTI,DIVO,2021
2898,RENEGADE,CLASSIC,2019
2899,RENEGADE,CLASSIC,2020
2900,RENEGADE,CLASSIC,2021
2901,RENEGADE,VALENCIA,2019
2902,RENEGADE,VALENCIA,2020
2903,RENEGADE,VALENCIA,2021
2904,RENEGADE,VERONA,2019
2905,RENEGADE,VERONA,2020
2906,RENEGADE,VERONA,2021
2907,RENEGADE,VERONA LE,2019
2908,RENEGADE,VERONA LE,2020
2909,RENEGADE,VERONA LE,2021
2910,TOYOTA,AVALON,2021
2911,CHEVROLET,SUBURBAN,2021
2912,CHEVROLET,TAHOE,2021
2913,GMC,YUKON,2021
2914,GMC,YUKON XL,2021
2915,CHEVROLET,SILVERADO 1500,2015
2916,CHEVROLET,SILVERADO 1500,2016
2917,CHEVROLET,SILVERADO 2500,2015
2918,CHEVROLET,SILVERADO 3500,2015
2919,GMC,SIERRA 1500,2015
2920,GMC,SIERRA 1500,2016
2921,GMC,SIERRA 2500,2015
2922,GMC,SIERRA 3500,2015
2923,AUDI,A5,2020
2924,AUDI,A5,2021
2925,AUDI,RS 5,2021
2926,AUDI,S5,2020
2927,AUDI,S5,2021
2928,TRIUMPH,ROCKET 3 GT,2020
2929,TRIUMPH,ROCKET 3 GT,2021
2930,TRIUMPH,ROCKET 3 R,2020
2931,TRIUMPH,ROCKET 3 R,2021
2932,TRIUMPH,ROCKET 3 TFC,2020
2933,VAC-TRON,LP 873 SGT,2015
2934,VAC-TRON,LP 873 SGT,2016
2935,VAC-TRON,LP 873 SGT,2017
2936,VAC-TRON,LP 873 SGT,2018
2937,VAC-TRON,LP 873 SGT,2019
2938,VAC-TRON,LP 873 SGT,2020
2939,VAC-TRON,LP 873 XDT,2016
2940,VAC-TRON,LP 873 XDT,2017
2941,VAC-TRON,LP 873 XDT,2018
2942,VAC-TRON,LP 873 XDT,2019
2943,VAC-TRON,LP 873 XDT,2020
2944,VAC-TRON,LPSGT,2019
2945,VAC-TRON,LPXDT,2019
2946,HYUNDAI,SANTA FE,2012
2947,HYUNDAI,SONATA HYBRID,2013
2948,HYUNDAI,SONATA HYBRID,2016
2949,HYUNDAI,VELOSTER,2015
2950,HYUNDAI,VELOSTER,2016
2951,HYUNDAI,KONA ELECTRIC,2021
2952,HYUNDAI,NEXO,2019
2953,AUDI,A6,2021
2954,AUDI,Q7,2021
2955,AUDI,RS 6 AVANT,2021
2956,AUDI,RS 7,2021
2957,KIA,FORTE,2012
2958,KIA,FORTE,2013
2959,KIA,FORTE,2014
2960,KIA,FORTE,2015
2961,KIA,FORTE KOUP,2012
2962,KIA,FORTE KOUP,2013
2963,KIA,FORTE KOUP,2014
2964,KIA,FORTE KOUP,2015
2965,KIA,OPTIMA HYBRID,2011
2966,KIA,OPTIMA HYBRID,2012
2967,KIA,OPTIMA HYBRID,2013
2968,KIA,SORENTO,2012
2969,KIA,SORENTO,2013
2970,KIA,SOUL,2014
2971,KIA,SOUL,2015
2972,KIA,SPORTAGE,2012
2973,EAST TO WEST,DELLA TERRA,2021
2974,EAST TO WEST,SILVER LAKE,2021
2975,INFINITI,M35 HYBRID,2012
2976,INFINITI,M35 HYBRID,2013
2977,INFINITI,M56,2011
2978,INFINITI,M56,2012
2979,INFINITI,M56,2013
2980,INFINITI,Q70,2014
2981,INFINITI,Q70 HYBRID,2014
2982,NISSAN,TITAN,2020
2983,AUDI,RS 5,2018
2984,AUDI,RS 5,2019
2985,BMW,840I,2021
2986,BMW,M340I,2021
2987,BMW,M440I,2021
2988,SPARTAN FIRE,GLADIATOR,2020
2989,SPARTAN FIRE,GLADIATOR,2021
2990,SPARTAN FIRE,METROSTAR,2019
2991,SPARTAN FIRE,METROSTAR,2020
2992,SPARTAN FIRE,METROSTAR,2021
2993,BUICK,LACROSSE,2010
2994,BUICK,LACROSSE,2011
2995,BUICK,LACROSSE,2012
2996,BUICK,LACROSSE,2013
2997,BUICK,REGAL,2012
2998,BUICK,REGAL,2013
2999,CHEVROLET,MALIBU,2013
3000,SUBARU,LEGACY,2020
3001,SUBARU,OUTBACK,2020
3002,HONDA,CR-V,2002
3003,HONDA,CR-V,2003
3004,HONDA,CR-V,2004
3005,HONDA,CR-V,2005
3006,HONDA,CR-V,2006
3007,HONDA,ACCORD,2013
3008,HONDA,ACCORD,2014
3009,HONDA,ACCORD,2015
3010,ACURA,ILX,2013
3011,ACURA,ILX,2014
3012,ACURA,ILX,2015
3013,ACURA,ILX HYBRID,2013
3014,HONDA,CIVIC HYBRID,2012
3015,HONDA,FIT,2007
3016,HONDA,FIT,2008
3017,HONDA,FIT,2009
3018,HONDA,FIT,2010
3019,HONDA,FIT,2011
3020,HONDA,FIT,2012
3021,HONDA,FIT,2013
3022,HONDA,ACCORD,2020
3023,HONDA,ACCORD HYBRID,2018
3024,HONDA,ACCORD HYBRID,2019
3025,HONDA,ACCORD HYBRID,2020
3026,KAWASAKI,EX400G,2021
3027,KAWASAKI,NINJA 400,2021
3028,KAWASAKI,Z400,2021
3029,MERCEDES-BENZ,AMG GLC63,2018
3030,MERCEDES-BENZ,AMG GLC63,2019
3031,ROSENBAUER,AVENGER,2020
3032,ROSENBAUER,COMMANDER,2020
3033,ROSENBAUER,COMMANDER,2021
3034,ROSENBAUER,WARRIOR,2020
3035,ENTEGRA,ESTEEM,2021
3036,ENTEGRA,ODYSSEY,2021
3037,JAYCO,GREYHAWK,2021
3038,JAYCO,GREYHAWK PRESTIGE,2020
3039,JAYCO,GREYHAWK PRESTIGE,2021
3040,JAYCO,REDHAWK,2021
3041,JAYCO,REDHAWK SE,2020
3042,JAYCO,REDHAWK SE,2021
3043,DUCATI,SCRAMBLER,2018
3044,DUCATI,SCRAMBLER,2019
3045,DUCATI,SCRAMBLER,2020
3046,DUCATI,SCRAMBLER,2021
3047,AEV,FREIGHTLINER M2 AMBULANCE,2021
3048,AEV,TRAUMAHAWK,2020
3049,AEV,TRAUMAHAWK,2021
3050,AEV,TYPE 1 F-SERIES AMBULANCE,2020
3051,VOLKSWAGEN,BEETLE CONVERTIBLE,2012
3052,VOLKSWAGEN,BEETLE CONVERTIBLE,2013
3053,VOLKSWAGEN,BEETLE CONVERTIBLE,2014
3054,FORD,EXPLORER,2021
3055,IC BUS,CE,2022
3056,CADILLAC,ESCALADE NA,2021
3057,FORD,ECOSPORT,2020
3058,CHEVROLET,SILVERADO 2500,2021
3059,CHEVROLET,SILVERADO 3500,2021
3060,GMC,SIERRA 2500,2021
3061,GMC,SIERRA 3500,2021
3062,JAYCO,SENECA,2015
3063,JAYCO,SENECA,2016
3064,JAYCO,SENECA,2017
3065,JAYCO,SENECA,2018
3066,JAYCO,SENECA,2019
3067,HONDA,CRF1000L,2018
3068,HONDA,CRF1000L,2019
3069,HONDA,CRF1100L,2020
3070,HONDA,CR-V HYBRID,2020
3071,HONDA,INSIGHT,2021
3072,THOR MOTOR COACH,HURRICANE,2018
3073,THOR MOTOR COACH,WINDSPORT,2018
3074,THOMAS BUILT BUSES,SAF-T-LINER C2,2022
3075,FCCC,MBC,2021
3076,FCCC,MT55,2021
3077,FCCC,S2,2021
3078,INTERNATIONAL,DURASTAR,2014
3079,INTERNATIONAL,DURASTAR,2015
3080,INTERNATIONAL,DURASTAR,2016
3081,INTERNATIONAL,WORKSTAR,2015
3082,INTERNATIONAL,WORKSTAR,2016
3083,CADILLAC,ESCALADE ESV,2021
3084,CHEVROLET,BLAZER,2021
3085,CHEVROLET,CAMARO,2021
3086,CHEVROLET,COLORADO,2021
3087,CHEVROLET,EQUINOX,2021
3088,GMC,CANYON,2021
3089,FORD,FUSION,2010
3090,FORD,FUSION,2011
3091,FORD,FUSION,2012
3092,FORD,MUSTANG,2005
3093,FORD,MUSTANG,2006
3094,FORD,MUSTANG,2007
3095,FORD,MUSTANG,2008
3096,FORD,MUSTANG,2009
3097,FORD,MUSTANG,2010
3098,FORD,MUSTANG,2011
3099,FORD,MUSTANG,2012
3100,FORD,MUSTANG,2013
3101,FORD,MUSTANG,2014
3102,FORD,RANGER,2007
3103,FORD,RANGER,2008
3104,FORD,RANGER,2009
3105,FORD,RANGER,2010
3106,FORD,RANGER,2011
3107,LINCOLN,MKX,2007
3108,LINCOLN,MKX,2008
3109,LINCOLN,MKX,2009
3110,LINCOLN,MKX,2010
3111,LINCOLN,MKZ,2010
3112,LINCOLN,MKZ,2011
3113,LINCOLN,MKZ,2012
3114,MERCURY,MILAN,2010
3115,MERCURY,MILAN,2011
3116,TOYOTA,SEQUOIA,2008
3117,TOYOTA,SEQUOIA,2009
3118,TOYOTA,SEQUOIA,2010
3119,TOYOTA,SEQUOIA,2011
3120,TOYOTA,SEQUOIA,2012
3121,TOYOTA,SEQUOIA,2013
3122,TOYOTA,SEQUOIA,2014
3123,TOYOTA,SEQUOIA,2015
3124,TOYOTA,SEQUOIA,2016
3125,TOYOTA,SEQUOIA,2017
3126,TOYOTA,SEQUOIA,2021
3127,TOYOTA,SEQUOIA,2022
3128,TOYOTA,TUNDRA,2007
3129,TOYOTA,TUNDRA,2008
3130,TOYOTA,TUNDRA,2009
3131,TOYOTA,TUNDRA,2010
3132,TOYOTA,TUNDRA,2011
3133,TOYOTA,TUNDRA,2012
3134,TOYOTA,TUNDRA,2013
3135,TOYOTA,TUNDRA,2014
3136,TOYOTA,TUNDRA,2015
3137,TOYOTA,TUNDRA,2016
3138,TOYOTA,TUNDRA,2017
3139,TOYOTA,TUNDRA,2021
3140,VOLVO,V60,2021
3141,VOLVO,V60CC,2021
3142,VOLVO,V90,2021
3143,VOLVO,V90CC,2021
3144,VOLVO,XC60,2021
3145,VOLVO,XC90,2021
3146,CRESTLINE COACH,CCL150 TYPE I,2019
3147,CRESTLINE COACH,CCL150 TYPE I,2020
3148,CRESTLINE COACH,CCL150 TYPE III,2019
3149,CRESTLINE COACH,CCL150 TYPE III,2020
3150,CRESTLINE COACH,CCL150 TYPE III,2021
3151,SMEAL,AERIAL,2020
3152,SMEAL,PUMPER,2020
3153,FREIGHTLINER,CASCADIA,2022
3154,JEEP,GRAND WAGONEER,2022
3155,JEEP,WAGONEER,2022
3156,TESLA,MODEL S,2014
3157,TESLA,MODEL S,2015
3158,TESLA,MODEL S,2016
3159,TESLA,MODEL S,2017
3160,TESLA,MODEL S,2018
3161,TESLA,MODEL S,2019
3162,TESLA,MODEL S,2020
3163,TESLA,MODEL S,2021
3164,TESLA,MODEL 3,2017
3165,TESLA,MODEL 3,2018
3166,TESLA,MODEL 3,2019
3167,TESLA,MODEL 3,2020
3168,SCHWARZE,A7 CNG STREET SWEEPER,2012
3169,SCHWARZE,A7 CNG STREET SWEEPER,2013
3170,SCHWARZE,A7 CNG STREET SWEEPER,2014
3171,SCHWARZE,A7 CNG STREET SWEEPER,2015
3172,SCHWARZE,A7 CNG STREET SWEEPER,2016
3173,SCHWARZE,A7 CNG STREET SWEEPER,2017
3174,SCHWARZE,A7 CNG STREET SWEEPER,2018
3175,SCHWARZE,A7 CNG STREET SWEEPER,2019
3176,SCHWARZE,A7 CNG STREET SWEEPER,2020
3177,SCHWARZE,A7 CNG STREET SWEEPER,2021
3178,SCHWARZE,A8 CNG STREET SWEEPER,2012
3179,SCHWARZE,A8 CNG STREET SWEEPER,2013
3180,SCHWARZE,A8 CNG STREET SWEEPER,2014
3181,SCHWARZE,A8 CNG STREET SWEEPER,2015
3182,SCHWARZE,A8 CNG STREET SWEEPER,2016
3183,SCHWARZE,A8 CNG STREET SWEEPER,2017
3184,SCHWARZE,A8 CNG STREET SWEEPER,2018
3185,SCHWARZE,A8 CNG STREET SWEEPER,2019
3186,SCHWARZE,A8 CNG STREET SWEEPER,2020
3187,SCHWARZE,A8 CNG STREET SWEEPER,2021
3188,SCHWARZE,A9 CNG STREET SWEEPER,2012
3189,SCHWARZE,A9 CNG STREET SWEEPER,2013
3190,SCHWARZE,A9 CNG STREET SWEEPER,2014
3191,SCHWARZE,A9 CNG STREET SWEEPER,2015
3192,SCHWARZE,A9 CNG STREET SWEEPER,2016
3193,SCHWARZE,A9 CNG STREET SWEEPER,2017
3194,SCHWARZE,A9 CNG STREET SWEEPER,2018
3195,SCHWARZE,A9 CNG STREET SWEEPER,2019
3196,SCHWARZE,A9 CNG STREET SWEEPER,2020
3197,SCHWARZE,A9 CNG STREET SWEEPER,2021
3198,FCCC,XBR,2017
3199,FCCC,XBS,2021
3200,FCCC,XBS,2022
3201,FCCC,XCM,2022
3202,FCCC,XCP,2021
3203,FCCC,XCR,2022
3204,FCCC,XCR,2023
3205,FCCC,XCS,2022
3206,FCCC,XCS,2023
3207,MERCEDES-BENZ,EQS 450,2022
3208,MERCEDES-BENZ,S 500,2022
3209,MERCEDES-BENZ,S 580,2022
3210,HYUNDAI,SANTA FE HYBRID,2022
3211,HYUNDAI,SANTA FE PLUG-IN HYBRID,2022
3212,HYUNDAI,ELANTRA,2021
3213,HYUNDAI,SANTA FE,2020
3214,HYUNDAI,SANTA FE,2021
3215,HYUNDAI,SONATA,2021
3216,KENWORTH,T280,2021
3217,KENWORTH,T440,2018
3218,KENWORTH,T440,2019
3219,KENWORTH,T440,2020
3220,KENWORTH,T680,2021
3221,KENWORTH,T680,2022
3222,KENWORTH,T880,2021
3223,PETERBILT,536,2021
3224,PETERBILT,536,2022
3225,PETERBILT,567,2020
3226,PETERBILT,567,2021
3227,PETERBILT,567,2022
3228,PETERBILT,579,2020
3229,PETERBILT,579,2021
3230,PETERBILT,579,2022
3231,HONDA,ODYSSEY,2021
3232,FORD,BRONCO SPORT,2021
3233,FORD,EDGE,2021
3234,LINCOLN,CORSAIR,2021
3235,KZRV,ESCAPE,2021
3236,KZRV,SONIC,2021
3237,KZRV,SPORTSMEN CLASSIC,2021
3238,FORD,EXPLORER POLICE INTERCEPT,2020
3239,KEYSTONE,CROSSROADS REDWOOD,2021
3240,THOMAS BUILT BUSES,SAF-T-LINER EFX,2021
3241,THOMAS BUILT BUSES,SAF-T-LINER HDX,2021
3242,FCCC,XCL,2021
3243,NISSAN,PATHFINDER,2013
3244,NISSAN,PATHFINDER,2014
3245,NISSAN,PATHFINDER,2015
3246,DUTCHMEN,VOLTAGE,2021
3247,SUBARU,IMPREZA,2021
3248,SUBARU,OUTBACK,2021
3249,INFINITI,QX50,2020
3250,JEEP,GLADIATOR,2021
3251,JEEP,WRANGLER,2021
3252,SMEAL,AERIAL,2008
3253,SMEAL,AERIAL,2009
3254,SMEAL,AERIAL,2010
3255,SMEAL,AERIAL,2011
3256,SMEAL,AERIAL,2012
3257,SMEAL,AERIAL,2013
3258,SMEAL,AERIAL,2014
3259,SMEAL,AERIAL,2015
3260,SMEAL,AERIAL,2016
3261,SMEAL,AERIAL,2017
3262,SMEAL,AERIAL,2018
3263,SMEAL,AERIAL,2019
3264,MERCEDES-BENZ,AMG C43,2017
3265,MERCEDES-BENZ,AMG C43,2018
3266,MERCEDES-BENZ,AMG C43,2019
3267,MERCEDES-BENZ,AMG C63,2017
3268,MERCEDES-BENZ,AMG C63,2018
3269,MERCEDES-BENZ,C300,2017
3270,MERCEDES-BENZ,C 300,2018
3271,MERCEDES-BENZ,C 300,2021
3272,MERCEDES-BENZ,A 220,2021
3273,MERCEDES-BENZ,AMG A35,2021
3274,MERCEDES-BENZ,CLA 250,2021
3275,TESLA,MODEL S,2012
3276,TESLA,MODEL S,2013
3277,TESLA,MODEL X,2017
3278,TESLA,MODEL X,2018
3279,RAM,1500,2021
3280,SPARTAN,K2,2020
3281,SPARTAN,K2,2021
3282,SPARTAN,K3,2020
3283,SPARTAN,K3,2021
3284,SPARTAN,K4,2020
3285,SPARTAN,K4,2021
3286,LEXUS,RX350,2021
3287,ROYAL ENFIELD,CONTINENTAL GT 650,2018
3288,ROYAL ENFIELD,CONTINENTAL GT 650,2019
3289,ROYAL ENFIELD,CONTINENTAL GT 650,2020
3290,ROYAL ENFIELD,INTERCEPTOR 650,2018
3291,ROYAL ENFIELD,INTERCEPTOR 650,2019
3292,ROYAL ENFIELD,INTERCEPTOR 650,2020
3293,BIGFOOT,2500 SERIES,2020
3294,BIGFOOT,2500 SERIES,2021
3295,JAYCO,EAGLE,2021
3296,CADILLAC,ESCALADE,2007
3297,CADILLAC,ESCALADE,2008
3298,CADILLAC,ESCALADE,2009
3299,CADILLAC,ESCALADE,2010
3300,CADILLAC,ESCALADE,2011
3301,CADILLAC,ESCALADE ESV,2007
3302,CADILLAC,ESCALADE ESV,2008
3303,CADILLAC,ESCALADE ESV,2009
3304,CADILLAC,ESCALADE ESV,2010
3305,CADILLAC,ESCALADE ESV,2011
3306,CADILLAC,ESCALADE EXT,2007
3307,CADILLAC,ESCALADE EXT,2008
3308,CADILLAC,ESCALADE EXT,2009
3309,CADILLAC,ESCALADE EXT,2010
3310,CADILLAC,ESCALADE EXT,2011
3311,CHEVROLET,AVALANCHE,2007
3312,CHEVROLET,AVALANCHE,2008
3313,CHEVROLET,AVALANCHE,2009
3314,CHEVROLET,AVALANCHE,2010
3315,CHEVROLET,AVALANCHE,2011
3316,CHEVROLET,SILVERADO 1500,2007
3317,CHEVROLET,SILVERADO 1500,2008
3318,CHEVROLET,SILVERADO 1500,2009
3319,CHEVROLET,SILVERADO 1500,2010
3320,CHEVROLET,SILVERADO 1500,2011
3321,CHEVROLET,SILVERADO 2500,2009
3322,CHEVROLET,SILVERADO 2500,2010
3323,CHEVROLET,SILVERADO 2500,2011
3324,CHEVROLET,SILVERADO 3500,2009
3325,CHEVROLET,SILVERADO 3500,2010
3326,CHEVROLET,SILVERADO 3500,2011
3327,CHEVROLET,SUBURBAN,2007
3328,CHEVROLET,SUBURBAN,2008
3329,CHEVROLET,SUBURBAN,2009
3330,CHEVROLET,SUBURBAN,2010
3331,CHEVROLET,SUBURBAN,2011
3332,CHEVROLET,TAHOE,2007
3333,CHEVROLET,TAHOE,2008
3334,CHEVROLET,TAHOE,2009
3335,CHEVROLET,TAHOE,2010
3336,CHEVROLET,TAHOE,2011
3337,GMC,SIERRA 1500,2007
3338,GMC,SIERRA 1500,2008
3339,GMC,SIERRA 1500,2009
3340,GMC,SIERRA 1500,2010
3341,GMC,SIERRA 1500,2011
3342,GMC,SIERRA 2500,2009
3343,GMC,SIERRA 2500,2010
3344,GMC,SIERRA 2500,2011
3345,GMC,SIERRA 3500,2009
3346,GMC,SIERRA 3500,2010
3347,GMC,SIERRA 3500,2011
3348,GMC,YUKON,2007
3349,GMC,YUKON,2008
3350,GMC,YUKON,2009
3351,GMC,YUKON,2010
3352,GMC,YUKON,2011
3353,GMC,YUKON XL,2007
3354,GMC,YUKON XL,2008
3355,GMC,YUKON XL,2009
3356,GMC,YUKON XL,2010
3357,GMC,YUKON XL,2011
3358,CADILLAC,ESCALADE,2012
3359,CADILLAC,ESCALADE ESV,2012
3360,CADILLAC,ESCALADE EXT,2012
3361,CHEVROLET,AVALANCHE,2012
3362,CHEVROLET,SILVERADO 1500,2012
3363,CHEVROLET,SILVERADO 2500,2012
3364,CHEVROLET,SILVERADO 3500,2012
3365,CHEVROLET,SUBURBAN,2012
3366,CHEVROLET,TAHOE,2012
3367,GMC,SIERRA 1500,2012
3368,GMC,SIERRA 2500,2012
3369,GMC,SIERRA 3500,2012
3370,GMC,YUKON,2012
3371,GMC,YUKON XL,2012
3372,CADILLAC,ESCALADE,2013
3373,CADILLAC,ESCALADE ESV,2013
3374,CADILLAC,ESCALADE EXT,2013
3375,CHEVROLET,AVALANCHE,2013
3376,CHEVROLET,SILVERADO 1500,2013
3377,CHEVROLET,SILVERADO 2500,2013
3378,CHEVROLET,SILVERADO 3500,2013
3379,CHEVROLET,SUBURBAN,2013
3380,CHEVROLET,TAHOE,2013
3381,GMC,SIERRA 1500,2013
3382,GMC,SIERRA 2500,2013
3383,GMC,SIERRA 3500,2013
3384,GMC,YUKON,2013
3385,GMC,YUKON XL,2013
3386,CADILLAC,ESCALADE,2014
3387,CADILLAC,ESCALADE ESV,2014
3388,CHEVROLET,SILVERADO 2500,2014
3389,CHEVROLET,SILVERADO 3500,2014
3390,CHEVROLET,SUBURBAN,2014
3391,CHEVROLET,TAHOE,2014
3392,GMC,SIERRA 2500,2014
3393,GMC,SIERRA 3500,2014
3394,GMC,YUKON,2014
3395,GMC,YUKON XL,2014
3396,MERCEDES-BENZ,A 220,2020
3397,MERCEDES-BENZ,AMG A35,2020
3398,MERCEDES-BENZ,AMG C43,2021
3399,MERCEDES-BENZ,AMG CLA35,2021
3400,MERCEDES-BENZ,AMG CLA45,2017
3401,MERCEDES-BENZ,AMG CLA45,2018
3402,MERCEDES-BENZ,AMG CLA45,2019
3403,MERCEDES-BENZ,AMG CLA45,2020
3404,MERCEDES-BENZ,AMG CLA45,2021
3405,MERCEDES-BENZ,AMG CLS53,2019
3406,MERCEDES-BENZ,AMG CLS63,2017
3407,MERCEDES-BENZ,AMG CLS63,2018
3408,MERCEDES-BENZ,AMG E43,2017
3409,MERCEDES-BENZ,AMG E43,2018
3410,MERCEDES-BENZ,AMG E63,2020
3411,MERCEDES-BENZ,AMG G63,2017
3412,MERCEDES-BENZ,AMG G63,2018
3413,MERCEDES-BENZ,AMG G65,2017
3414,MERCEDES-BENZ,AMG G65,2018
3415,MERCEDES-BENZ,AMG GLA35,2021
3416,MERCEDES-BENZ,AMG GLA45,2017
3417,MERCEDES-BENZ,AMG GLA45,2018
3418,MERCEDES-BENZ,AMG GLA45,2019
3419,MERCEDES-BENZ,AMG GLA45,2020
3420,MERCEDES-BENZ,AMG GLA45,2021
3421,MERCEDES-BENZ,AMG GLB35,2021
3422,MERCEDES-BENZ,AMG GLC43,2017
3423,MERCEDES-BENZ,AMG GLC43,2018
3424,MERCEDES-BENZ,AMG GLC43,2019
3425,MERCEDES-BENZ,AMG GLC43,2021
3426,MERCEDES-BENZ,AMG GLC63,2021
3427,MERCEDES-BENZ,AMG GLE43,2017
3428,MERCEDES-BENZ,AMG GLE43,2018
3429,MERCEDES-BENZ,AMG GLE43,2019
3430,MERCEDES-BENZ,AMG GLE63,2017
3431,MERCEDES-BENZ,AMG GLE63,2018
3432,MERCEDES-BENZ,AMG GLE63,2019
3433,MERCEDES-BENZ,AMG GLE63,2020
3434,MERCEDES-BENZ,AMG GLS63,2017
3435,MERCEDES-BENZ,AMG GLS63,2018
3436,MERCEDES-BENZ,AMG GLS63,2019
3437,MERCEDES-BENZ,AMG GLS63,2020
3438,MERCEDES-BENZ,AMG GT,2017
3439,MERCEDES-BENZ,AMG GT,2018
3440,MERCEDES-BENZ,AMG GT,2019
3441,MERCEDES-BENZ,AMG GT43,2021
3442,MERCEDES-BENZ,AMG GT53,2021
3443,MERCEDES-BENZ,AMG GT63,2021
3444,MERCEDES-BENZ,AMG GT C,2018
3445,MERCEDES-BENZ,AMG GT C,2019
3446,MERCEDES-BENZ,AMG GT C,2020
3447,MERCEDES-BENZ,AMG GT R,2018
3448,MERCEDES-BENZ,AMG GT R,2019
3449,MERCEDES-BENZ,AMG GT R,2020
3450,MERCEDES-BENZ,AMG GT S,2017
3451,MERCEDES-BENZ,AMG GT S,2018
3452,MERCEDES-BENZ,AMG GT S,2019
3453,MERCEDES-BENZ,AMG S63,2017
3454,MERCEDES-BENZ,AMG S63,2020
3455,MERCEDES-BENZ,AMG S63,2021
3456,MERCEDES-BENZ,AMG S65,2018
3457,MERCEDES-BENZ,AMG S65,2019
3458,MERCEDES-BENZ,AMG SL63,2018
3459,MERCEDES-BENZ,AMG SL63,2019
3460,MERCEDES-BENZ,AMG SL63,2020
3461,MERCEDES-BENZ,AMG SL65,2017
3462,MERCEDES-BENZ,AMG SL65,2018
3463,MERCEDES-BENZ,AMG SLC43,2020
3464,MERCEDES-BENZ,AMG SLC 43,2019
3465,MERCEDES-BENZ,B 250E,2017
3466,MERCEDES-BENZ,C300,2016
3467,MERCEDES-BENZ,C350E,2017
3468,MERCEDES-BENZ,C 350 E,2018
3469,MERCEDES-BENZ,C 350 E,2019
3470,MERCEDES-BENZ,C 350 E,2020
3471,MERCEDES-BENZ,CLA250,2016
3472,MERCEDES-BENZ,CLA250,2017
3473,MERCEDES-BENZ,CLA 250,2018
3474,MERCEDES-BENZ,CLA 250,2019
3475,MERCEDES-BENZ,CLS 450,2020
3476,MERCEDES-BENZ,CLS 450,2021
3477,MERCEDES-BENZ,CLS550,2017
3478,MERCEDES-BENZ,CLS 550,2018
3479,MERCEDES-BENZ,E 350 E,2021
3480,MERCEDES-BENZ,E400,2017
3481,MERCEDES-BENZ,E550,2017
3482,MERCEDES-BENZ,G550,2017
3483,MERCEDES-BENZ,G550,2018
3484,MERCEDES-BENZ,GLA 250,2017
3485,MERCEDES-BENZ,GLA 250,2018
3486,MERCEDES-BENZ,GLA 250,2020
3487,MERCEDES-BENZ,GLA 250,2021
3488,MERCEDES-BENZ,GLB 250,2021
3489,MERCEDES-BENZ,GLC300,2016
3490,MERCEDES-BENZ,GLC300,2017
3491,MERCEDES-BENZ,GLC 300,2018
3492,MERCEDES-BENZ,GLC 300,2019
3493,MERCEDES-BENZ,GLC 300,2021
3494,MERCEDES-BENZ,GLC 350,2018
3495,MERCEDES-BENZ,GLC 350,2019
3496,MERCEDES-BENZ,GLC 350,2020
3497,MERCEDES-BENZ,GLE350,2017
3498,MERCEDES-BENZ,GLE 350,2018
3499,MERCEDES-BENZ,GLE 350,2019
3500,MERCEDES-BENZ,GLE 350 E,2021
3501,MERCEDES-BENZ,GLE400,2017
3502,MERCEDES-BENZ,GLE 400,2018
3503,MERCEDES-BENZ,GLE 400,2019
3504,MERCEDES-BENZ,GLE550E,2017
3505,MERCEDES-BENZ,GLE 550 E,2018
3506,MERCEDES-BENZ,GLS450,2017
3507,MERCEDES-BENZ,GLS450,2019
3508,MERCEDES-BENZ,GLS 450,2018
3509,MERCEDES-BENZ,GLS550,2017
3510,MERCEDES-BENZ,GLS 550,2018
3511,MERCEDES-BENZ,GLS 550,2019
3512,MERCEDES-BENZ,S 450,2018
3513,MERCEDES-BENZ,S 450,2020
3514,MERCEDES-BENZ,S550,2017
3515,MERCEDES-BENZ,S550E,2017
3516,MERCEDES-BENZ,S 560,2020
3517,MERCEDES-BENZ,S 560,2021
3518,MERCEDES-BENZ,S 560 E,2019
3519,MERCEDES-BENZ,S 560 E,2020
3520,MERCEDES-BENZ,S600,2017
3521,MERCEDES-BENZ,S650,2017
3522,MERCEDES-BENZ,S65 AMG,2017
3523,MERCEDES-BENZ,SL450,2017
3524,MERCEDES-BENZ,SL 450,2018
3525,MERCEDES-BENZ,SL 450,2019
3526,MERCEDES-BENZ,SL 450,2020
3527,MERCEDES-BENZ,SL550,2017
3528,MERCEDES-BENZ,SL 550,2018
3529,MERCEDES-BENZ,SL 550,2019
3530,MERCEDES-BENZ,SL 550,2020
3531,MERCEDES-BENZ,SL63,2017
3532,MERCEDES-BENZ,SLC300,2017
3533,MERCEDES-BENZ,SLC 300,2018
3534,MERCEDES-BENZ,SLC 300,2019
3535,MERCEDES-BENZ,SLC 300,2020
3536,MERCEDES-BENZ,SLC 43 AMG,2017
3537,MERCEDES-BENZ,SLC 43 AMG,2018
3538,MERCEDES-MAYBACH,GLS 600,2021
3539,MERCEDES-MAYBACH,S550,2017
3540,MERCEDES-MAYBACH,S 560,2020
3541,MERCEDES-MAYBACH,S600,2017
3542,MERCEDES-MAYBACH,S 650,2019
3543,MERCEDES-MAYBACH,S 650,2020
3544,BMW,HP4,2013
3545,BMW,HP4,2014
3546,BMW,K 1300 S,2012
3547,BMW,K 1300 S,2013
3548,BMW,K 1300 S,2014
3549,BMW,K 1600 GT,2011
3550,BMW,K 1600 GT,2013
3551,BMW,K 1600 GT,2014
3552,BMW,K 1600 GTL,2011
3553,BMW,K 1600 GTL,2013
3554,BMW,K 1600 GTL,2014
3555,BMW,R 1200 GS,2011
3556,BMW,R 1200 GS,2012
3557,BMW,R 1200 GS,2013
3558,BMW,R 1200 GS,2014
3559,BMW,R 1200 GS ADVENTURE,2011
3560,BMW,R 1200 GS ADVENTURE,2012
3561,BMW,R 1200 GS ADVENTURE,2013
3562,BMW,R 1200 GS ADVENTURE,2014
3563,BMW,R 1200 R,2011
3564,BMW,R 1200 R,2012
3565,BMW,R 1200 R,2013
3566,BMW,R 1200 R,2014
3567,BMW,R 1200 RT,2011
3568,BMW,R 1200 RT,2012
3569,BMW,R 1200 RT,2013
3570,BMW,R 1200 RT,2014
3571,BMW,R NINE T,2014
3572,BMW,S 1000 R,2014
3573,BMW,S 1000 RR,2014
3574,BMW,S1000 RR,2012
3575,BMW,S1000 RR,2013
3576,PJ TRAILERS,C4,2021
3577,PJ TRAILERS,C5,2021
3578,PJ TRAILERS,U6,2021
3579,PJ TRAILERS,U8,2021
3580,PJ TRAILERS,UC,2021
3581,PJ TRAILERS,UL,2021
3582,BMW,M3,2021
3583,BMW,M4,2021
3584,BMW,M760LI,2020
3585,BMW,M760LI,2021
3586,BMW,M8,2020
3587,BMW,M8,2021
3588,BMW,M850I,2021
3589,BMW,X7,2019
3590,MCI,J4500,2021
3591,VOLVO,VNL,2022
3592,TRAIL KING,TKAHG,2019
3593,TRAIL KING,TKAHG,2020
3594,TRAIL KING,TKAHG,2021
3595,TRAIL KING,TKAMG,2019
3596,TRAIL KING,TKAMG,2020
3597,TRAIL KING,TKAMG,2021
3598,TRAIL KING,TKHDG,2019
3599,TRAIL KING,TKHDG,2020
3600,TRAIL KING,TKHDG,2021
3601,TRAIL KING,TKHG,2019
3602,TRAIL KING,TKHG,2020
3603,TRAIL KING,TKHG,2021
3604,TRAIL KING,TKLPSD,2019
3605,TRAIL KING,TKLPSD,2020
3606,TRAIL KING,TKLPSD,2021
3607,TRAIL KING,TKMB,2019
3608,TRAIL KING,TKMB,2020
3609,TRAIL KING,TKMB,2021
3610,TRAIL KING,TKMG,2019
3611,TRAIL KING,TKMG,2020
3612,TRAIL KING,TKMG,2021
3613,NISSAN,ROGUE,2021
3614,MERCEDES-BENZ,AMG GTA,2018
3615,FORD,RANGER,2004
3616,FORD,RANGER,2005
3617,FORD,RANGER,2006
3618,INTERNATIONAL,LONESTAR,2018
3619,INTERNATIONAL,LONESTAR,2019
3620,INTERNATIONAL,LONESTAR,2020
3621,INTERNATIONAL,LONESTAR,2021
3622,INTERNATIONAL,LT,2017
3623,INTERNATIONAL,LT,2021
3624,FORD,EDGE,2007
3625,FORD,EDGE,2008
3626,FORD,EDGE,2009
3627,FORD,EDGE,2010
3628,FORD,FUSION,2008
3629,FORD,FUSION,2009
3630,FORD,GT,2006
3631,LINCOLN,MKZ,2009
3632,MERCURY,MILAN,2009
3633,DUCATI,XDIAVEL,2016
3634,DUCATI,XDIAVEL,2017
3635,DUCATI,XDIAVEL,2018
3636,FORD,F-150,2021
3637,FORD,F-450 SD,2021
3638,FORD,F-550 SD,2021
3639,BMW,228I,2020
3640,BMW,228I,2021
3641,BMW,M235I,2020
3642,BMW,M235I,2021
3643,AUTOCAR,LEGEND,2022
3644,BMW,330E,2020
3645,BMW,330I,2021
3646,BMW,430I,2021
3647,BMW,740I,2020
3648,BMW,740I,2021
3649,BMW,745LE,2020
3650,BMW,840I,2019
3651,BMW,M8,2019
3652,BMW,M850I,2019
3653,KME,PREDATOR PANTHER PUMPER,2014
3654,KME,PREDATOR PANTHER PUMPER,2015
3655,KME,PREDATOR PANTHER PUMPER,2016
3656,KME,PREDATOR PANTHER PUMPER,2017
3657,KME,PREDATOR PANTHER PUMPER,2019
3658,KME,PREDATOR PANTHER PUMPER,2020
3659,KME,PREDATOR PUMPER,2013
3660,KME,PREDATOR PUMPER,2014
3661,KME,PREDATOR PUMPER,2015
3662,KME,PREDATOR PUMPER,2016
3663,KME,PREDATOR PUMPER,2017
3664,KME,PREDATOR RESCUE,2014
3665,KME,PREDATOR SS PUMPER,2013
3666,KME,PREDATOR SS PUMPER,2014
3667,KME,TDA,2001
3668,KME,TDA,2002
3669,KME,TDA,2003
3670,KME,TDA,2004
3671,KME,TDA,2005
3672,KME,TDA,2006
3673,KME,TDA,2007
3674,KME,TDA,2008
3675,KME,TDA,2009
3676,KME,TDA,2010
3677,KME,TDA,2011
3678,KME,TDA,2012
3679,KME,TDA,2013
3680,KME,TDA,2014
3681,KME,TDA,2015
3682,KME,TDA,2016
3683,KME,TDA,2017
3684,KME,TDA,2018
3685,KME,TDA,2019
3686,KME,TDA,2020
3687,LAMBORGHINI,AVENTADOR SVJ,2018
3688,LAMBORGHINI,AVENTADOR SVJ,2019
3689,LAMBORGHINI,AVENTADOR SVJ,2020
3690,LAMBORGHINI,AVENTADOR SVJ,2021
3691,FCCC,XC CHASSIS,2021
3692,FCCC,XC CHASSIS,2022
3693,VOLVO,XC40,2021
3694,VOLVO,XC40,2022
3695,POLESTAR,POLESTAR 2,2021
3696,POLESTAR,POLESTAR 2,2022
3697,AUDI,A8,2019
3698,AUDI,A8,2020
3699,AUDI,A8,2021
3700,AUDI,S8,2020
3701,AUDI,S8,2021
3702,THOMAS BUILT BUSES,MINOTOUR,2022
3703,FORD,F-450,2019
3704,INTERNATIONAL,LT,2016
3705,CADILLAC,ESCALADE,2020
3706,CADILLAC,ESCALADE ESV,2020
3707,CHEVROLET,EXPRESS,2018
3708,CHEVROLET,EXPRESS,2019
3709,CHEVROLET,EXPRESS,2020
3710,CHEVROLET,EXPRESS,2021
3711,CHEVROLET,SUBURBAN,2020
3712,CHEVROLET,TAHOE,2020
3713,GMC,SAVANA,2018
3714,GMC,SAVANA,2019
3715,GMC,SAVANA,2020
3716,GMC,SAVANA,2021
3717,GMC,YUKON,2020
3718,GMC,YUKON XL,2020
3719,LAND ROVER,RANGE ROVER,2018
3720,LAND ROVER,RANGE ROVER,2019
3721,LAND ROVER,RANGE ROVER,2020
3722,LAND ROVER,RANGE ROVER SPORT,2018
3723,LAND ROVER,RANGE ROVER SPORT,2019
3724,LAND ROVER,RANGE ROVER VELAR,2018
3725,LAND ROVER,RANGE ROVER VELAR,2019
3726,LAND ROVER,RANGE ROVER VELAR,2020
3727,JAGUAR,F-PACE,2019
3728,JAGUAR,F-PACE,2020
3729,VERMEER,BC900XL,2021
3730,FCCC,XBA,2019
3731,FCCC,XBA,2020
3732,KTM,1290 SUPER DUKE R,2020
3733,HYUNDAI,IONIQ ELECTRIC,2020
3734,PORSCHE,MACAN GTS,2017
3735,PORSCHE,MACAN GTS,2018
3736,PORSCHE,MACAN S,2015
3737,PORSCHE,MACAN S,2016
3738,PORSCHE,MACAN S,2017
3739,PORSCHE,MACAN S,2018
3740,PORSCHE,MACAN TURBO,2015
3741,PORSCHE,MACAN TURBO,2016
3742,PORSCHE,MACAN TURBO,2017
3743,PORSCHE,MACAN TURBO,2018
3744,ALTEC,DC1317 CHIPPER,2017
3745,ALTEC,DC1317 CHIPPER,2018
3746,ALTEC,DC1317 CHIPPER,2019
3747,ALTEC,DRM12 WOOD CHIPPER,2017
3748,ALTEC,DRM12 WOOD CHIPPER,2018
3749,ALTEC,DRM12 WOOD CHIPPER,2019
3750,NISSAN,SENTRA,2016
3751,NISSAN,SENTRA,2017
3752,NISSAN,SENTRA,2018
3753,NISSAN,SENTRA,2019
3754,KIA,CADENZA,2017
3755,KIA,CADENZA,2018
3756,KIA,CADENZA,2019
3757,KIA,SPORTAGE,2017
3758,KIA,SPORTAGE,2018
3759,KIA,SPORTAGE,2019
3760,KIA,SPORTAGE,2020
3761,KIA,SPORTAGE,2021
3762,NISSAN,ALTIMA,2021
3763,FORD,MUSTANG MACH E,2021
3764,VOLKSWAGEN,ATLAS,2019
3765,HINO,NH1A,2020
3766,HINO,NV1A,2020
3767,HINO,TH1A,2020
3768,RAM,PROMASTER CITY,2020
3769,RAM,PROMASTER CITY,2021
3770,NOVA BUS,LFS,2008
3771,NOVA BUS,LFS,2009
3772,NOVA BUS,LFS,2010
3773,NOVA BUS,LFS,2011
3774,NOVA BUS,LFS,2012
3775,NOVA BUS,LFS,2013
3776,NOVA BUS,LFS,2014
3777,NOVA BUS,LFS,2015
3778,FORD,ESCAPE,2019
3779,BMW,X5 HYBRID,2021
3780,BMW,XB7,2021
3781,PORSCHE,718 SPYDER,2021
3782,PORSCHE,911,2021
3783,PORSCHE,BOXSTER,2021
3784,PORSCHE,CAYMAN,2021
3785,PORSCHE,TAYCAN,2021
3786,FORD,FUSION,2006
3787,FORD,FUSION,2007
3788,LINCOLN,MKZ,2006
3789,LINCOLN,MKZ,2007
3790,LINCOLN,MKZ,2008
3791,LINCOLN,ZEPHYR,2006
3792,LINCOLN,ZEPHYR,2007
3793,LINCOLN,ZEPHYR,2008
3794,LINCOLN,ZEPHYR,2009
3795,LINCOLN,ZEPHYR,2010
3796,LINCOLN,ZEPHYR,2011
3797,LINCOLN,ZEPHYR,2012
3798,MERCURY,MILAN,2006
3799,MERCURY,MILAN,2007
3800,MERCURY,MILAN,2008
3801,AUDI,A6 ALLROAD,2020
3802,AUDI,A6 ALLROAD,2021
3803,AUDI,A7,2019
3804,AUDI,A7,2021
3805,AUDI,S6,2020
3806,AUDI,S6,2021
3807,AUDI,S7,2020
3808,AUDI,S7,2021
3809,GENESIS,G80,2017
3810,GENESIS,G80,2018
3811,GENESIS,G80,2019
3812,GENESIS,G80,2020
3813,HYUNDAI,GENESIS,2015
3814,HYUNDAI,GENESIS,2016
3815,GENESIS,G70,2019
3816,GENESIS,G70,2020
3817,RAM,2500,2021
3818,RAM,3500,2021
3819,RAM,4500,2021
3820,RAM,5500,2021
3821,KIA,FORTE,2021
3822,KIA,K5,2021
3823,KIA,TELLURIDE,2021
3824,JAGUAR,F-TYPE,2020
3825,NISSAN,ALTIMA,2019
3826,NISSAN,TITAN,2018
3827,NISSAN,TITAN,2021
3828,NISSAN,MURANO,2020
3829,ATC ARV,GAMECHANGER,2018
3830,ATC ARV,GAMECHANGER,2019
3831,ATC ARV,GAMECHANGER,2020
3832,ATC ARV,GAMECHANGER,2021
3833,ATC ARV,PRO BUMPER PULL,2018
3834,ATC ARV,PRO BUMPER PULL,2019
3835,ATC ARV,PRO BUMPER PULL,2020
3836,ATC ARV,PRO BUMPER PULL,2021
3837,DITCH WITCH,025-1020,2015
3838,DITCH WITCH,025-1020,2016
3839,DITCH WITCH,025-1020,2017
3840,DITCH WITCH,025-1020,2018
3841,DITCH WITCH,025-1020,2019
3842,DITCH WITCH,025-1020,2020
3843,DITCH WITCH,025-1020,2021
3844,DITCH WITCH,745-7900,2015
3845,DITCH WITCH,S4S,2008
3846,DITCH WITCH,S4S,2009
3847,DITCH WITCH,S4S,2010
3848,DITCH WITCH,S4S,2011
3849,DITCH WITCH,S4S,2012
3850,DITCH WITCH,S4S,2013
3851,DITCH WITCH,S4S,2014
3852,DITCH WITCH,S4S,2015
3853,DITCH WITCH,S4S,2016
3854,DITCH WITCH,S4S,2017
3855,DITCH WITCH,S4S,2018
3856,DITCH WITCH,S4S,2019
3857,DITCH WITCH,S4S,2020
3858,DITCH WITCH,ZS6S,2009
3859,DITCH WITCH,ZS6S,2010
3860,DITCH WITCH,ZS6S,2011
3861,DITCH WITCH,ZS6S,2012
3862,DITCH WITCH,ZS6S,2013
3863,DITCH WITCH,ZS6S,2014
3864,DITCH WITCH,ZS6S,2015
3865,DITCH WITCH,ZS6S,2016
3866,DITCH WITCH,ZS6S,2017
3867,DITCH WITCH,ZS6S,2018
3868,DITCH WITCH,ZS6S,2019
3869,DITCH WITCH,ZS6S-1,2010
3870,HIGHLAND RIDGE,HIGHLANDER,2019
3871,HIGHLAND RIDGE,HIGHLANDER,2020
3872,HIGHLAND RIDGE,MESA RIDGE,2019
3873,HIGHLAND RIDGE,OPEN RANGE,2019
3874,HIGHLAND RIDGE,SILVERSTAR,2019
3875,ENTEGRA,REATTA,2021
3876,JAYCO,EMBARK,2021
3877,DEMERS AMBULANCES,MX170E FORD E-SERIES,2019
3878,DEMERS AMBULANCES,MX170E FORD E-SERIES,2021
3879,DEMERS AMBULANCES,TYPE I (MXP170E),2019
3880,DEMERS AMBULANCES,TYPE I (MXP170E),2020
3881,JAYCO,JAY FEATHER,2019
3882,JAYCO,JAY FEATHER,2020
3883,JAYCO,JAY FLIGHT,2019
3884,JAYCO,JAY FLIGHT SLX,2019
3885,JAYCO,JAY FLIGHT SLX,2020
3886,JAYCO,WHITE HAWK,2019
3887,JAYCO,WHITE HAWK,2020
3888,CADILLAC,ESCALADE,2021
3889,ARCIMOTO,DELIVERATOR,2020
3890,TIFFIN,PHAETON,2021
3891,CHEVROLET,4500HD,2017
3892,CHEVROLET,4500HD,2018
3893,CHEVROLET,4500XD,2017
3894,CHEVROLET,4500XD,2018
3895,CHEVROLET,4500XD,2019
3896,CHEVROLET,5500HD,2017
3897,CHEVROLET,5500HD,2018
3898,CHEVROLET,5500HD,2019
3899,ISUZU,NPR,2015
3900,ISUZU,NPR,2016
3901,ISUZU,NPR,2017
3902,ISUZU,NPR HD,2016
3903,ISUZU,NPR HD,2017
3904,ISUZU,NPR HD,2018
3905,ISUZU,NPR XD,2016
3906,ISUZU,NPR XD,2017
3907,ISUZU,NPR XD,2018
3908,ISUZU,NPR XD,2019
3909,ISUZU,NQR,2016
3910,ISUZU,NQR,2017
3911,ISUZU,NQR,2018
3912,ISUZU,NQR,2019
3913,ISUZU,NRR,2016
3914,ISUZU,NRR,2017
3915,ISUZU,NRR,2018
3916,ISUZU,NRR,2019
3917,ISUZU,NRR,2021
3918,ISUZU,REACH,2015
3919,ISUZU,REACH,2016
3920,ISUZU,REACH,2017
3921,AIRSTREAM,BASECAMP,2019
3922,AIRSTREAM,BASECAMP,2020
3923,MERCEDES BENZ,C230,2006
3924,MERCEDES BENZ,C230,2007
3925,MERCEDES BENZ,C280,2006
3926,MERCEDES BENZ,C280,2007
3927,MERCEDES BENZ,C350,2006
3928,MERCEDES BENZ,C350,2007
3929,MERCEDES BENZ,CLK350,2006
3930,MERCEDES BENZ,CLK350,2007
3931,MERCEDES BENZ,CLK500,2006
3932,MERCEDES BENZ,CLK550,2007
3933,MERCEDES BENZ,CLS500,2006
3934,MERCEDES BENZ,CLS550,2007
3935,MERCEDES BENZ,E320,2006
3936,MERCEDES BENZ,E320,2007
3937,MERCEDES BENZ,E500,2006
3938,MERCEDES BENZ,E550,2007
3939,MERCEDES-BENZ,AMG C55,2006
3940,MERCEDES-BENZ,AMG CLS55,2006
3941,MERCEDES-BENZ,AMG CLS63,2007
3942,MERCEDES-BENZ,AMG E55,2006
3943,MERCEDES-BENZ,AMG E63,2007
3944,MERCEDES-BENZ,E350,2006
3945,MERCEDES-BENZ,E350,2007
3946,MERCEDES-BENZ,AMG C63,2015
3947,MERCEDES-BENZ,AMG C63,2016
3948,MERCEDES-BENZ,AMG CLA45,2014
3949,MERCEDES-BENZ,AMG CLA45,2015
3950,MERCEDES-BENZ,AMG CLA45,2016
3951,MERCEDES-BENZ,AMG GLA45,2015
3952,MERCEDES-BENZ,AMG GLA45,2016
3953,MERCEDES-BENZ,AMG GLE63,2016
3954,MERCEDES-BENZ,AMG S63,2014
3955,MERCEDES-BENZ,AMG S63,2015
3956,MERCEDES-BENZ,AMG S63,2016
3957,MERCEDES-BENZ,AMG S65,2015
3958,MERCEDES-BENZ,C300,2015
3959,MERCEDES-BENZ,C350E,2016
3960,MERCEDES-BENZ,C400,2015
3961,MERCEDES-BENZ,C450,2016
3962,MERCEDES-BENZ,CLA250,2014
3963,MERCEDES-BENZ,CLA250,2015
3964,MERCEDES-BENZ,GLA 250,2015
3965,MERCEDES-BENZ,GLA 250,2016
3966,MERCEDES-BENZ,GLC350E,2019
3967,MERCEDES-BENZ,GLE450,2016
3968,MERCEDES-BENZ,S550,2014
3969,MERCEDES-BENZ,S550,2015
3970,MERCEDES-BENZ,S550,2016
3971,MERCEDES-BENZ,S600,2015
3972,MERCEDES-BENZ,S600,2016
3973,AUDI,A3,2015
3974,AUDI,A3,2016
3975,AUDI,A3,2017
3976,AUDI,A3,2018
3977,AUDI,A3,2019
3978,AUDI,A3,2020
3979,AUDI,A3 SPORTBACK E-TRON,2016
3980,AUDI,A3 SPORTBACK E-TRON,2017
3981,AUDI,A3 SPORTBACK E-TRON,2018
3982,AUDI,RS 3,2017
3983,AUDI,RS 3,2018
3984,AUDI,RS 3,2019
3985,AUDI,RS 3,2020
3986,AUDI,S3,2015
3987,AUDI,S3,2016
3988,AUDI,S3,2017
3989,AUDI,S3,2018
3990,AUDI,S3,2019
3991,AUDI,S3,2020
3992,PORSCHE,911,2019
3993,FORD,F-53,2020
3994,FORD,F-53,2021
3995,FORD,F-59,2020
3996,FORD,F-59,2021
3997,STARCRAFT,AUTUMN RIDGE,2019
3998,STARCRAFT,AUTUMN RIDGE,2020
3999,STARCRAFT,GPS,2019
4000,STARCRAFT,GPS,2020
4001,STARCRAFT,LAUNCH OUTFITTER,2019
4002,STARCRAFT,LAUNCH OUTFITTER,2020
4003,STARCRAFT,MOSSY OAK,2019
4004,STARCRAFT,MOSSY OAK,2020
4005,STARCRAFT,MOSSY OAK LITE,2019
4006,STARCRAFT,MOSSY OAK LITE,2020
4007,JAYCO,ALANTE,2019
4008,JAYCO,PRECEPT,2019
4009,RANGER TRAIL,NZ18,2021
4010,RANGER TRAIL,NZ19,2021
4011,RANGER TRAIL,NZ20,2021
4012,RANGER TRAIL,NZ21,2021
4013,RANGER TRAIL,ZV20,2021
4014,RANGER TRAIL,ZV21,2021
4015,TRAILSTAR,NZ18,2021
4016,TRAILSTAR,NZ19,2021
4017,TRAILSTAR,NZ20,2021
4018,TRAILSTAR,NZ21,2021
4019,TRAILSTAR,ZV20,2021
4020,TRAILSTAR,ZV21,2021
4021,GENESIS,G80,2021
4022,GENESIS,GV80,2021
4023,CHEVROLET,CAMARO,2017
4024,CHEVROLET,CAMARO,2018
4025,CHEVROLET,CAMARO,2019
4026,CHEVROLET,CAMARO,2020
4027,DUCATI,MULTISTRADA,2021
4028,CHEVROLET,COLORADO,2015
4029,GMC,CANYON,2015
4030,ACURA,ILX,2019
4031,ACURA,MDX,2019
4032,ACURA,MDX,2020
4033,ACURA,MDX SPORT HYBRID,2019
4034,ACURA,MDX SPORT HYBRID,2020
4035,ACURA,RDX,2020
4036,ACURA,TLX,2019
4037,ACURA,TLX,2020
4038,HONDA,CIVIC,2020
4039,HONDA,CIVIC TYPE-R,2019
4040,HONDA,CR-V,2018
4041,HONDA,CR-V,2019
4042,MERCEDES-BENZ,AMG E63S,2021
4043,MERCEDES-BENZ,AMG GT63S,2021
4044,ALFA ROMEO,STELVIO,2021
4045,PORSCHE,MACAN,2021
4046,HARLEY-DAVIDSON,XL1200C,2019
4047,HARLEY-DAVIDSON,XL1200CX,2019
4048,HARLEY-DAVIDSON,XL1200CX,2020
4049,HARLEY-DAVIDSON,XL1200NS,2019
4050,HARLEY-DAVIDSON,XL1200NS,2020
4051,HARLEY-DAVIDSON,XL1200NS,2021
4052,HARLEY-DAVIDSON,XL1200X,2019
4053,HARLEY-DAVIDSON,XL1200X,2020
4054,HARLEY-DAVIDSON,XL1200X,2021
4055,HARLEY-DAVIDSON,XL1200XS,2019
4056,HARLEY-DAVIDSON,XL883L,2019
4057,HARLEY-DAVIDSON,XL883N,2019
4058,HARLEY-DAVIDSON,XL883N,2020
4059,HARLEY-DAVIDSON,XL883N,2021
4060,INTERNATIONAL,RH,2021
4061,MERCEDES-BENZ,AMG C63,2021
4062,MERCEDES-BENZ,AMG C63 S,2021
4063,MERCEDES-BENZ,AMG CLS53,2021
4064,MERCEDES-BENZ,AMG G63,2021
4065,MERCEDES-BENZ,AMG GLC63 S,2021
4066,MERCEDES-BENZ,G 550,2021
4067,MACK,ANTHEM (AN),2018
4068,MACK,ANTHEM (AN),2019
4069,MACK,ANTHEM (AN),2020
4070,MACK,ANTHEM (AN),2021
4071,MACK,ANTHEM (AN),2022
4072,MACK,GRANITE (GR),2018
4073,MACK,GRANITE (GR),2019
4074,MACK,GRANITE (GR),2020
4075,MACK,GRANITE (GR),2021
4076,MACK,GRANITE (GR),2022
4077,MACK,GRANITE (GU),2018
4078,MACK,GRANITE (GU),2019
4079,MACK,GRANITE (GU),2020
4080,MACK,GRANITE (GU),2021
4081,MACK,GRANITE (GU),2022
4082,MACK,PINNACLE (CHU),2018
4083,MACK,PINNACLE (CHU),2019
4084,MACK,PINNACLE (CHU),2020
4085,MACK,PINNACLE (CHU),2021
4086,MACK,PINNACLE (CHU),2022
4087,MACK,PINNACLE (CXU),2018
4088,MACK,PINNACLE (CXU),2019
4089,MACK,PINNACLE (CXU),2020
4090,MACK,PINNACLE (CXU),2021
4091,MACK,PINNACLE (CXU),2022
4092,MACK,PINNACLE (PI/PN),2018
4093,MACK,PINNACLE (PI/PN),2019
4094,MACK,PINNACLE (PI/PN),2020
4095,MACK,PINNACLE (PI/PN),2021
4096,MACK,PINNACLE (PI/PN),2022
4097,INFINITI,Q50,2021
4098,INFINITI,Q60,2021
4099,ALTEC,AERIAL DEVICE,2017
4100,ALTEC,AERIAL DEVICE,2018
4101,KEYSTONE,PASSPORT,2021
4102,ARCIMOTO,DELIVERATOR,2021
4103,ARCIMOTO,FUV,2021
4104,ARCIMOTO,RAPID RESPONDER,2021
4105,ARCIMOTO,ROADSTER,2020
4106,ARCIMOTO,ROADSTER,2021
4107,UTILITY TRAILER,VS2DC,2006
4108,UTILITY TRAILER,VS2DC,2007
4109,UTILITY TRAILER,VS2DC,2008
4110,UTILITY TRAILER,VS2DC,2009
4111,UTILITY TRAILER,VS2DC,2010
4112,UTILITY TRAILER,VS2DC,2011
4113,UTILITY TRAILER,VS2DC,2012
4114,UTILITY TRAILER,VS2DC,2013
4115,UTILITY TRAILER,VS2DC,2014
4116,UTILITY TRAILER,VS2DC,2015
4117,UTILITY TRAILER,VS2DC,2016
4118,UTILITY TRAILER,VS2DC,2017
4119,UTILITY TRAILER,VS2DC,2018
4120,UTILITY TRAILER,VS2DC,2019
4121,UTILITY TRAILER,VS2DC,2020
4122,UTILITY TRAILER,VS2DC,2021
4123,UTILITY TRAILER,VS2DX,2006
4124,UTILITY TRAILER,VS2DX,2007
4125,UTILITY TRAILER,VS2DX,2008
4126,UTILITY TRAILER,VS2DX,2009
4127,UTILITY TRAILER,VS2DX,2010
4128,UTILITY TRAILER,VS2DX,2011
4129,UTILITY TRAILER,VS2DX,2012
4130,UTILITY TRAILER,VS2DX,2013
4131,UTILITY TRAILER,VS2DX,2014
4132,UTILITY TRAILER,VS2DX,2015
4133,UTILITY TRAILER,VS2DX,2016
4134,UTILITY TRAILER,VS2DX,2017
4135,UTILITY TRAILER,VS2DX,2018
4136,UTILITY TRAILER,VS2DX,2019
4137,UTILITY TRAILER,VS2DX,2020
4138,UTILITY TRAILER,VS2DX,2021
4139,UTILITY TRAILER,VS3DX,2006
4140,UTILITY TRAILER,VS3DX,2007
4141,UTILITY TRAILER,VS3DX,2008
4142,UTILITY TRAILER,VS3DX,2009
4143,UTILITY TRAILER,VS3DX,2010
4144,UTILITY TRAILER,VS3DX,2011
4145,UTILITY TRAILER,VS3DX,2012
4146,UTILITY TRAILER,VS3DX,2013
4147,UTILITY TRAILER,VS3DX,2014
4148,UTILITY TRAILER,VS3DX,2015
4149,UTILITY TRAILER,VS3DX,2016
4150,UTILITY TRAILER,VS3DX,2017
4151,UTILITY TRAILER,VS3DX,2018
4152,UTILITY TRAILER,VS3DX,2019
4153,UTILITY TRAILER,VS3DX,2020
4154,UTILITY TRAILER,VS3DX,2021
4155,NEW FLYER,XE35,2019
4156,NEW FLYER,XE35,2020
4157,NEW FLYER,XE35,2021
4158,NEW FLYER,XE40,2013
4159,NEW FLYER,XE40,2014
4160,NEW FLYER,XE40,2015
4161,NEW FLYER,XE40,2016
4162,NEW FLYER,XE40,2017
4163,NEW FLYER,XE40,2018
4164,NEW FLYER,XE40,2019
4165,NEW FLYER,XE40,2020
4166,NEW FLYER,XE40,2021
4167,NEW FLYER,XE60,2018
4168,NEW FLYER,XE60,2019
4169,NEW FLYER,XE60,2020
4170,NEW FLYER,XE60,2021
4171,NEW FLYER,XHE40,2016
4172,NEW FLYER,XHE40,2017
4173,NEW FLYER,XHE40,2018
4174,NEW FLYER,XHE40,2019
4175,NEW FLYER,XHE60,2015
4176,CHEVROLET,SILVERADO 1500,2014
4177,CHEVROLET,TAHOE,2015
4178,CHEVROLET,TAHOE,2016
4179,GMC,SIERRA 1500,2014
4180,BUICK,ENCLAVE,2010
4181,BUICK,ENCLAVE,2011
4182,BUICK,ENCLAVE,2012
4183,BUICK,ENCLAVE,2013
4184,BUICK,ENCLAVE,2014
4185,BUICK,ENCLAVE,2015
4186,BUICK,ENCLAVE,2017
4187,CHEVROLET,TRAVERSE,2010
4188,CHEVROLET,TRAVERSE,2011
4189,CHEVROLET,TRAVERSE,2012
4190,CHEVROLET,TRAVERSE,2013
4191,CHEVROLET,TRAVERSE,2014
4192,CHEVROLET,TRAVERSE,2015
4193,CHEVROLET,TRAVERSE,2016
4194,CHEVROLET,TRAVERSE,2017
4195,GMC,ACADIA,2011
4196,GMC,ACADIA,2012
4197,GMC,ACADIA,2013
4198,GMC,ACADIA,2014
4199,GMC,ACADIA,2015
4200,GMC,ACADIA,2016
4201,DUTCHMEN,ASPEN TRAIL,2020
4202,DUTCHMEN,ASPEN TRAIL,2021
4203,JAGUAR,XE,2017
4204,JAGUAR,XE,2018
4205,JAGUAR,XE,2020
4206,HONDA,CBR1000RR,2021
4207,KEYSTONE,BULLET,2021
4208,THOMAS BUILT BUSES,SAF-T-LINER EFX,2022
4209,THOMAS BUILT BUSES,SAF-T-LINER HDX,2022
4210,FCCC,MT45,2021
4211,FCCC,MT45,2022
4212,FCCC,MT55,2022
4213,FCCC,S2,2022
4214,FCCC,XB CHASSIS,2022
4215,FREIGHTLINER,108SD,2022
4216,FREIGHTLINER,114SD,2022
4217,FREIGHTLINER,122SD,2022
4218,FREIGHTLINER,BUSINESS CLASS M2,2022
4219,FREIGHTLINER,CUSTOM CHASS S2,2021
4220,FREIGHTLINER,CUSTOM CHASS XB,2021
4221,WESTERN STAR,4700,2022
4222,WESTERN STAR,4900,2022
4223,WESTERN STAR,5700,2022
4224,TOYOTA,VENZA,2009
4225,TOYOTA,VENZA,2010
4226,TOYOTA,VENZA,2011
4227,TOYOTA,VENZA,2012
4228,TOYOTA,VENZA,2013
4229,TOYOTA,VENZA,2014
4230,TOYOTA,VENZA,2015
4231,KIA,SELTOS,2021
4232,KIA,SOUL,2020
4233,KIA,SOUL,2021
4234,KIA,FORTE,2017
4235,KIA,FORTE,2018
4236,SUBARU,CROSSTREK,2018
4237,SUBARU,FORESTER,2019
4238,SUBARU,IMPREZA,2017
4239,SUBARU,IMPREZA,2018
4240,MANAC,SQUARE DUMP TRAILER,2019
4241,MANAC,STEEL PLATFORM,2018
4242,MANAC,STEEL PLATFORM,2019
4243,MANAC,TRANSFER TRAILER,2019
4244,VERMEER,AX19,2015
4245,VERMEER,AX19,2021
4246,PORSCHE,CAYENNE,2021
4247,VOLVO,XC90,2016
4248,VOLVO,XC90,2017
4249,VOLVO,XC90,2018
4250,VOLVO,XC90,2019
4251,VOLVO,XC90,2020
4252,BENTLEY,BENTAYGA,2021
4253,KIA,CARNIVAL,2022
4254,DODGE,DURANGO,2021
4255,REV AMBULANCE,TYPE I,2019
4256,REV AMBULANCE,TYPE I,2020
4257,REV AMBULANCE,TYPE I,2021
4258,REV AMBULANCE,TYPE IX,2019
4259,REV AMBULANCE,TYPE IX,2020
4260,REV AMBULANCE,TYPE IX,2021
4261,ROSENBAUER,COMMERCIAL 348,2021
4262,ROSENBAUER,COMMERCIAL 7400,2015
4263,ROSENBAUER,COMMERCIAL 7400,2018
4264,ROSENBAUER,COMMERCIAL 7500,2019
4265,ROSENBAUER,COMMERCIAL F-550,2016
4266,ROSENBAUER,COMMERCIAL F-550,2017
4267,ROSENBAUER,COMMERCIAL F-550,2018
4268,ROSENBAUER,COMMERCIAL F-550,2019
4269,ROSENBAUER,COMMERCIAL F-550,2020
4270,ROSENBAUER,COMMERCIAL HV613,2019
4271,ROSENBAUER,COMMERCIAL M2-106,2016
4272,ROSENBAUER,COMMERCIAL M2-106,2017
4273,ROSENBAUER,COMMERCIAL M2-106,2018
4274,ROSENBAUER,COMMERCIAL M2-106,2019
4275,ROSENBAUER,COMMERCIAL M2-106,2020
4276,ROSENBAUER,COMMERCIAL M2-112,2017
4277,ROSENBAUER,WARRIOR,2017
4278,ROSENBAUER,WARRIOR,2019
4279,MACK,LR,2019
4280,MACK,LR,2020
4281,CARGO EXPRESS,CARGO TRAILER,2021
4282,LOOK,CARGO TRAILER,2021
4283,PACE,CARGO TRAILER,2021
4284,AUDI,A4,2020
4285,AUDI,A4,2021
4286,AUDI,A5,2019
4287,AUDI,Q5,2021
4288,AUDI,Q8,2021
4289,AUDI,RS 5,2020
4290,AUDI,RS Q8,2021
4291,AUDI,S4,2020
4292,AUDI,S4,2021
4293,AUDI,S5,2019
4294,AUDI,S5 CABRIOLET,2020
4295,AUDI,S5 CABRIOLET,2021
4296,AUDI,SQ5,2021
4297,SUZUKI,UH200,2019
4298,SUZUKI,UH200,2020
4299,HYUNDAI,ELANTRA,2019
4300,HYUNDAI,ELANTRA,2020
4301,HYUNDAI,KONA,2019
4302,HYUNDAI,KONA,2021
4303,HYUNDAI,VELOSTER,2019
4304,HYUNDAI,VELOSTER,2020
4305,HYUNDAI,VELOSTER,2021
4306,KTM,790 ADVENTURE R RALLY,2020
4307,ALFA ROMEO,GIULIA,2021
4308,ALFA ROMEO,STELVIO,2019
4309,ALFA ROMEO,STELVIO,2020
4310,DUCATI,MONSTER 1200,2017
4311,DUCATI,MONSTER 1200,2018
4312,DUCATI,MONSTER 1200,2019
4313,DUCATI,MONSTER 1200,2020
4314,DUCATI,MONSTER 797,2017
4315,DUCATI,MONSTER 797,2018
4316,DUCATI,MONSTER 797,2019
4317,DUCATI,MONSTER 797,2020
4318,DUCATI,MONSTER 821,2018
4319,DUCATI,MONSTER 821,2019
4320,DUCATI,MONSTER 821,2020
4321,DUCATI,SUPERSPORT,2017
4322,DUCATI,SUPERSPORT,2018
4323,DUCATI,SUPERSPORT,2019
4324,DUCATI,SUPERSPORT,2020
4325,DUCATI,XDIAVEL,2019
4326,DUCATI,XDIAVEL,2020
4327,FORD,EXPLORER,2018
4328,FORD,EXPLORER,2019
4329,PORSCHE,CAYENNE E-HYBRID,2020
4330,PORSCHE,CAYENNE E-HYBRID,2021
4331,PORSCHE,CAYENNE GTS,2021
4332,PORSCHE,CAYENNE S,2020
4333,PORSCHE,CAYENNE S,2021
4334,SPARTAN,K2,2017
4335,SPARTAN,K2,2018
4336,SPARTAN,K2,2019
4337,SPARTAN,K2,2022
4338,SPARTAN,K3,2017
4339,SPARTAN,K3,2018
4340,SPARTAN,K3,2019
4341,SPARTAN,K3,2022
4342,TRIPLE E,SERENITY,2020
4343,VOLKSWAGEN,CC,2017
4344,VOLKSWAGEN,E-GOLF,2017
4345,VOLKSWAGEN,GOLF,2017
4346,VOLKSWAGEN,GOLF R,2019
4347,VOLKSWAGEN,TIGUAN,2017
4348,VOLKSWAGEN,TOUAREG,2017
4349,FCCC,XB CHASSIS,2018
4350,FCCC,XB CHASSIS,2019
4351,FCCC,XB CHASSIS,2020
4352,FCCC,XC CHASSIS,2018
4353,FCCC,XC CHASSIS,2019
4354,FCCC,XC CHASSIS,2020
4355,SPARTAN FIRE,GLADIATOR,2009
4356,SPARTAN FIRE,GLADIATOR,2010
4357,SPARTAN FIRE,GLADIATOR,2011
4358,SPARTAN FIRE,GLADIATOR,2012
4359,SPARTAN FIRE,GLADIATOR,2013
4360,SPARTAN FIRE,GLADIATOR,2014
4361,SPARTAN FIRE,GLADIATOR,2015
4362,SPARTAN FIRE,GLADIATOR,2016
4363,SPARTAN FIRE,GLADIATOR,2017
4364,SPARTAN FIRE,METROSTAR,2009
4365,SPARTAN FIRE,METROSTAR,2010
4366,SPARTAN FIRE,METROSTAR,2011
4367,SPARTAN FIRE,METROSTAR,2012
4368,SPARTAN FIRE,METROSTAR,2013
4369,SPARTAN FIRE,METROSTAR,2014
4370,SPARTAN FIRE,METROSTAR,2015
4371,SPARTAN FIRE,METROSTAR,2016
4372,SPARTAN FIRE,METROSTAR,2017
4373,SPARTAN FIRE,METROSTAR,2018
4374,KME,CUSTOM CHASSIS,2012
4375,KME,CUSTOM CHASSIS,2013
4376,KME,CUSTOM CHASSIS,2014
4377,KME,CUSTOM CHASSIS,2015
4378,KME,CUSTOM CHASSIS,2016
4379,KME,CUSTOM CHASSIS,2017
4380,KME,CUSTOM CHASSIS,2018
4381,KME,CUSTOM CHASSIS,2019
4382,KME,CUSTOM CHASSIS,2020
4383,KME,CUSTOM CHASSIS,2021
4384,ROSENBAUER,AVENGER,2016
4385,ROSENBAUER,AVENGER,2017
4386,ROSENBAUER,AVENGER,2018
4387,ROSENBAUER,AVENGER,2019
4388,ROSENBAUER,AVENGER,2021
4389,ROSENBAUER,WARRIOR,2016
4390,ROSENBAUER,WARRIOR,2018
4391,ROSENBAUER,WARRIOR,2021
4392,DUCATI,MONSTER 1200,2014
4393,DUCATI,MONSTER 1200,2015
4394,DUCATI,MONSTER 1200,2016
4395,DUCATI,MONSTER 1200,2021
4396,DUCATI,MONSTER 821,2015
4397,DUCATI,MONSTER 821,2016
4398,DUCATI,MONSTER 821,2017
4399,DUCATI,MONSTER 821,2021
4400,LAMBORGHINI,URUS,2021
4401,ALTEC,TDA58,2014
4402,ALTEC,TDA58,2015
4403,ALTEC,TDA58,2016
4404,ALTEC,TDA58,2017
4405,ALTEC,TDA58,2018
4406,ALTEC,TDA58,2019
4407,ALTEC,TDA58,2020
4408,ALTEC,TDA58,2021
4409,AUDI,SQ7,2021
4410,AUDI,SQ8,2021
4411,BMW,230I,2021
4412,BMW,M240I,2021
4413,AIRSTREAM,FLYING CLOUD,2020
4414,AIRSTREAM,FLYING CLOUD,2021
4415,AIRSTREAM,INTERNATIONAL,2020
4416,AIRSTREAM,INTERNATIONAL,2021
4417,CHEVROLET,6500,2019
4418,CHEVROLET,SILVERADO 6500,2019
4419,PREVOST,X3-45 COMMUTER,2021
4420,NOVA BUS,LFS ARTIC,2017
4421,NOVA BUS,LFS ARTIC,2018
4422,MERCEDES-BENZ,GLE 580,2021
4423,VANLEIGH,BEACON,2019
4424,VANLEIGH,BEACON,2020
4425,VANLEIGH,BEACON,2021
4426,VANLEIGH,VILANO,2019
4427,VANLEIGH,VILANO,2020
4428,VANLEIGH,VILANO,2021
4429,VANLEIGH,VILANO,2022
4430,PORSCHE,PANAMERA,2021
4431,PORSCHE,PANAMERA 4,2021
4432,PORSCHE,PANAMERA 4 E-HYBRID,2021
4433,PORSCHE,PANAMERA 4S,2021
4434,PORSCHE,PANAMERA 4S E-HYBRID,2021
4435,PORSCHE,PANAMERA GTS,2021
4436,PORSCHE,PANAMERA TURBO S,2021
4437,HUSQVARNA,701 ENDURO LR,2020
4438,IC BUS,RECB,2019
4439,IC BUS,RECB,2020
4440,IC BUS,RECB,2021
4441,IC BUS,RESB,2019
4442,IC BUS,RESB,2020
4443,IC BUS,RESB,2021
4444,KEYSTONE,MONTANA HIGH COUNTRY,2021
4445,FCCC,MT CHASSIS,2021
4446,FCCC,MT CHASSIS,2022
4447,FCCC,S2RV,2021
4448,FCCC,S2RV,2022
4449,FCCC,XB CHASSIS,2021
4450,INFINITI,QX80,2020
4451,INFINITI,QX80,2021
4452,NISSAN,ARMADA,2020
4453,NISSAN,ARMADA,2021
4454,FORD,TRANSIT CONNECT,2013
4455,FORD,TRANSIT CONNECT,2018
4456,FORD,TRANSIT CONNECT,2021
4457,KEYSTONE,COUGAR,2017
4458,KEYSTONE,COUGAR,2018
4459,HONDA,C125,2020
4460,HONDA,C125,2021
4461,HONDA,CB500F,2021
4462,HONDA,CB500X,2020
4463,HONDA,CB500X,2021
4464,HONDA,CB650R,2020
4465,HONDA,CB650R,2021
4466,HONDA,CBR300R,2020
4467,HONDA,CBR300R,2021
4468,HONDA,CBR500R,2020
4469,HONDA,CBR500R,2021
4470,HONDA,CBR650R,2020
4471,HONDA,CBR650R,2021
4472,HONDA,CMX300,2020
4473,HONDA,CMX300,2021
4474,HONDA,CMX500,2020
4475,HONDA,CMX500,2021
4476,HONDA,CRF250L,2020
4477,HONDA,CRF300L,2021
4478,HONDA,GROM125,2020
4479,HONDA,MONKEY125,2020
4480,HONDA,MONKEY125,2021
4481,VAN HOOL,AG300,2021
4482,VAN HOOL,CX35,2018
4483,VAN HOOL,CX35,2019
4484,VAN HOOL,CX35,2020
4485,VAN HOOL,CX35,2021
4486,VAN HOOL,CX45,2018
4487,VAN HOOL,CX45,2019
4488,VAN HOOL,TD925,2018
4489,VAN HOOL,TDX25,2018
4490,VAN HOOL,TDX25,2019
4491,VAN HOOL,TDX25,2020
4492,VAN HOOL,TDX25,2021
4493,VAN HOOL,TX45,2018
4494,VAN HOOL,TX45,2019
4495,FORD,F-600 SD,2021
4496,KENWORTH,T270,2021
4497,KENWORTH,T370,2021
4498,KENWORTH,T440,2021
4499,KENWORTH,T470,2018
4500,KENWORTH,T470,2019
4501,KENWORTH,T470,2020
4502,KENWORTH,T470,2021
4503,KENWORTH,T800B,2021
4504,PETERBILT,337,2020
4505,PETERBILT,337,2021
4506,PETERBILT,348,2020
4507,PETERBILT,348,2021
4508,PETERBILT,365,2020
4509,PETERBILT,365,2021
4510,PETERBILT,367,2020
4511,PETERBILT,367,2021
4512,PETERBILT,520,2018
4513,PETERBILT,520,2019
4514,PETERBILT,520,2020
4515,PETERBILT,520,2021
4516,FREIGHTLINER,M2 BUSINESS CLASS,2019
4517,FLEETWOOD,BOUNDER,2017
4518,FLEETWOOD,BOUNDER,2018
4519,FLEETWOOD,BOUNDER,2019
4520,FLEETWOOD,SOUTHWIND,2018
4521,FLEETWOOD,SOUTHWIND,2019
4522,HOLIDAY RAMBLER,VACATIONER,2017
4523,HOLIDAY RAMBLER,VACATIONER,2018
4524,HOLIDAY RAMBLER,VACATIONER,2019
4525,THOR MOTOR COACH,RIZE,2022
4526,THOR MOTOR COACH,SCOPE,2022
4527,THOR MOTOR COACH,SEQUENCE,2022
4528,THOR MOTOR COACH,TELLARO,2022
4529,KZRV,SPORTTREK,2021
4530,KZRV,STRATUS,2021
4531,RAM,3500,2012
4532,RAM,3500,2013
4533,RAM,3500,2014
4534,RAM,3500,2015
4535,RAM,3500,2016
4536,RAM,3500,2017
4537,RAM,3500,2018
4538,RAM,4500,2012
4539,RAM,4500,2013
4540,RAM,4500,2014
4541,RAM,4500,2015
4542,RAM,4500,2016
4543,RAM,4500,2017
4544,RAM,4500,2018
4545,RAM,5500,2012
4546,RAM,5500,2013
4547,RAM,5500,2014
4548,RAM,5500,2015
4549,RAM,5500,2016
4550,RAM,5500,2017
4551,RAM,5500,2018
4552,TRIPLE E,SERENITY,2021
4553,BMW,323I,1999
4554,BMW,328I,1999
4555,BMW,330I,1999
4556,BMW,330XI,1999
4557,BMW,3 SERIES,1999
4558,BMW,3 SERIES,2000
4559,BMW,3 SERIES,2001
4560,INFINITI,QX50,2021
4561,INFINITI,QX60,2020
4562,NISSAN,GT-R,2021
4563,ALTEC,AERIAL DEVICE,2005
4564,ALTEC,AERIAL DEVICE,2006
4565,ALTEC,AERIAL DEVICE,2007
4566,ALTEC,AERIAL DEVICE,2008
4567,ALTEC,AERIAL DEVICE,2009
4568,ALTEC,AERIAL DEVICE,2010
4569,ALTEC,AERIAL DEVICE,2011
4570,ALTEC,AERIAL DEVICE,2012
4571,ALTEC,AERIAL DEVICE,2013
4572,ALTEC,AERIAL DEVICE,2014
4573,ALTEC,AERIAL DEVICE,2015
4574,ALTEC,AERIAL DEVICE,2016
4575,ALTEC,AERIAL DEVICE,2019
4576,ALTEC,AERIAL DEVICE,2020
4577,ALTEC,AERIAL DEVICE,2021
4578,VOLKSWAGEN,ID.4,2021
4579,VOLVO,S60,2019
4580,VOLVO,S60,2020
4581,VOLVO,S90,2019
4582,VOLVO,S90,2020
4583,VOLVO,V60,2019
4584,VOLVO,V60,2020
4585,VOLVO,V60CC,2019
4586,VOLVO,V60CC,2020
4587,VOLVO,V90,2019
4588,VOLVO,V90,2020
4589,VOLVO,V90CC,2019
4590,VOLVO,V90CC,2020
4591,VOLVO,VAH,2022
4592,VOLVO,VHD,2022
4593,VOLVO,VNR,2022
4594,INFINITI,QX30,2017
4595,SEA-DOO,MOVE I EXTENDED 1500,2021
4596,BUICK,ENVISION,2021
4597,CADILLAC,CT4,2021
4598,CADILLAC,CT5,2021
4599,CHEVROLET,CORVETTE,2021
4600,CADILLAC,XT5,2021
4601,CADILLAC,XT6,2021
4602,GMC,ACADIA,2021
4603,LAND ROVER,DEFENDER,2020
4604,LAND ROVER,DEFENDER,2021
4605,JAYCO,DESIGNER,2017
4606,JAYCO,DESIGNER,2018
4607,JAYCO,EAGLE,2017
4608,JAYCO,EAGLE,2018
4609,JAYCO,EAGLE,2019
4610,JAYCO,JAY FEATHER,2017
4611,JAYCO,JAY FEATHER,2018
4612,JAYCO,JAY FLIGHT,2017
4613,JAYCO,JAY FLIGHT,2018
4614,JAYCO,JAY FLIGHT,2021
4615,JAYCO,NORTHPOINT,2018
4616,JAYCO,NORTHPOINT,2019
4617,JAYCO,OCTANE,2017
4618,JAYCO,OCTANE,2018
4619,JAYCO,OCTANE,2019
4620,JAYCO,OCTANE,2020
4621,JAYCO,OCTANE,2021
4622,JAYCO,PINNACLE,2017
4623,JAYCO,PINNACLE,2018
4624,JAYCO,PINNACLE,2019
4625,JAYCO,PINNACLE,2021
4626,JAYCO,WHITE HAWK,2017
4627,JAYCO,WHITE HAWK,2018
4628,JAYCO,WHITE HAWK,2021
4629,KZRV,SIDEWINDER,2018
4630,KZRV,SIDEWINDER,2019
4631,KEYSTONE,BULLET,2019
4632,KEYSTONE,SPRINTER,2019
4633,CRUISER,SHADOW CRUISER,2018
4634,CRUISER,SHADOW CRUISER,2019
4635,CRUISER,SHADOW CRUISER,2020
4636,CRUISER,SHADOW CRUISER,2021
4637,HEARTLAND,LITHIUM,2020
4638,HEARTLAND,LITHIUM,2021
4639,HEARTLAND,MALLARD,2018
4640,HEARTLAND,MALLARD,2019
4641,HEARTLAND,MALLARD,2020
4642,HEARTLAND,NORTH TRAIL,2021
4643,HEARTLAND,PIONEER,2018
4644,HEARTLAND,PIONEER,2019
4645,HEARTLAND,PROWLER,2018
4646,HEARTLAND,PROWLER,2019
4647,HEARTLAND,PROWLER,2020
4648,HEARTLAND,PROWLER,2021
4649,HEARTLAND,SUNDANCE,2018
4650,HEARTLAND,SUNDANCE,2019
4651,HEARTLAND,SUNDANCE,2020
4652,HEARTLAND,SUNDANCE,2021
4653,HEARTLAND,TERRY CLASSIC,2018
4654,HEARTLAND,TERRY CLASSIC,2019
4655,HEARTLAND,TRAIL RUNNER,2018
4656,HEARTLAND,TRAIL RUNNER,2019
4657,HEARTLAND,TRAIL RUNNER,2020
4658,HEARTLAND,TRAIL RUNNER,2021
4659,HEARTLAND,WILDERNESS,2018
4660,HEARTLAND,WILDERNESS,2019
4661,HEARTLAND,WILDERNESS,2020
4662,HEARTLAND,WILDERNESS,2021
4663,HIGHLAND RIDGE,MESA RIDGE,2021
4664,HIGHLAND RIDGE,OPEN RANGE,2021
4665,STARCRAFT,AR-ONE MAXX,2017
4666,STARCRAFT,AUTUMN RIDGE,2017
4667,STARCRAFT,AUTUMN RIDGE,2018
4668,STARCRAFT,AUTUMN RIDGE OUTFITTER,2018
4669,STARCRAFT,AUTUMN RIDGE OUTFITTER,2019
4670,STARCRAFT,AUTUMN RIDGE OUTFITTER,2020
4671,STARCRAFT,AUTUMN RIDGE OUTFITTER,2021
4672,STARCRAFT,AVALON,2018
4673,STARCRAFT,AVALON,2019
4674,STARCRAFT,GPS,2018
4675,STARCRAFT,LAUNCH OUTFITTER,2018
4676,STARCRAFT,LAUNCH ULTRA LITE,2017
4677,STARCRAFT,LAUNCH ULTRA LITE,2018
4678,STARCRAFT,LAUNCH ULTRA LITE,2019
4679,STARCRAFT,MOSSY OAK ULTRA LITE,2019
4680,STARCRAFT,MOSSY OAK ULTRA LITE,2020
4681,STARCRAFT,SOLSTICE,2017
4682,STARCRAFT,SOLSTICE,2018
4683,STARCRAFT,SUPER LITE,2019
4684,STARCRAFT,SUPER LITE,2020
4685,STARCRAFT,SUPER LITE,2021
4686,STARCRAFT,TELLURIDE,2018
4687,STARCRAFT,TELLURIDE,2019
4688,STARCRAFT,TELLURIDE,2020
4689,STARCRAFT,TRAVEL STAR,2017
4690,HONDA,ODYSSEY,2022
4691,LAND ROVER,DEFENDER,2022
4692,KARAVAN,MOVE I 1500 LONG,2021
4693,BUICK,ENCORE GX,2022
4694,CHEVROLET,TRAILBLAZER,2022
4695,THOR MOTOR COACH,AXIS,2018
4696,THOR MOTOR COACH,AXIS,2019
4697,THOR MOTOR COACH,AXIS,2021
4698,THOR MOTOR COACH,AXIS,2022
4699,THOR MOTOR COACH,VEGAS,2018
4700,THOR MOTOR COACH,VEGAS,2019
4701,THOR MOTOR COACH,VEGAS,2021
4702,KIA,K5,2022
4703,LAND ROVER,DISCOVERY,2021
4704,SPARTAN FIRE,S-180 PUMPER,2019
4705,SPARTAN FIRE,S-180 PUMPER,2020
4706,SPARTAN FIRE,S-180 PUMPER,2021
4707,KZRV,CONNECT,2021
4708,NISSAN,SENTRA,2020
4709,NISSAN,SENTRA,2021
4710,LAMBORGHINI,HURACAN,2018
4711,LAMBORGHINI,HURACAN,2019
4712,LAMBORGHINI,HURACAN,2020
4713,LAMBORGHINI,HURACAN,2021
4714,AUDI,A4,2001
4715,AUDI,A4,2002
4716,AUDI,S4,2000
4717,AUDI,S4,2001
4718,AUDI,S4,2002
4719,NISSAN,TITAN XD,2020
4720,NISSAN,TITAN XD,2021
4721,NISSAN,VERSA,2021
4722,BUICK,ENCLAVE,2021
4723,CHEVROLET,TRAVERSE,2021
4724,CADILLAC,SRX,2010
4725,CADILLAC,SRX,2011
4726,CADILLAC,SRX,2012
4727,CADILLAC,SRX,2013
4728,CADILLAC,SRX,2014
4729,CADILLAC,SRX,2015
4730,CADILLAC,SRX,2016
4731,SAAB,9-4X,2011
4732,SAAB,9-4X,2012
4733,MERCEDES-BENZ,AMG GT,2016
4734,SVI TRUCKS,RESCUE TRUCK,2017
4735,SVI TRUCKS,RESCUE TRUCK,2018
4736,SVI TRUCKS,RESCUE TRUCK,2019
4737,SVI TRUCKS,RESCUE TRUCK,2020
4738,SVI TRUCKS,RESCUE TRUCK,2021
4739,WESTERN STAR,49X,2021
4740,WESTERN STAR,49X,2022
4741,WESTERN STAR,WH126,2021
4742,WESTERN STAR,WJ121,2020
4743,MERCEDES-BENZ,AMG E63,2022
4744,MERCEDES-BENZ,CLS 450,2022
4745,PORSCHE,TAYCAN,2020
4746,EAST MANUFACTURING,MMX,2018
4747,EAST MANUFACTURING,MMX,2019
4748,EAST MANUFACTURING,MMX,2020
4749,EAST MANUFACTURING,MMX,2021
4750,VANLEIGH,BEACON,2022
4751,CHEVROLET,SILVERADO 2500,2017
4752,CHEVROLET,SILVERADO 2500,2018
4753,CHEVROLET,SILVERADO 2500,2019
4754,CHEVROLET,SILVERADO 3500,2017
4755,CHEVROLET,SILVERADO 3500,2018
4756,CHEVROLET,SILVERADO 3500,2019
4757,GMC,SIERRA 2500,2017
4758,GMC,SIERRA 2500,2018
4759,GMC,SIERRA 2500,2019
4760,GMC,SIERRA 3500,2017
4761,GMC,SIERRA 3500,2018
4762,GMC,SIERRA 3500,2019
4763,JAGUAR,F-TYPE,2018
4764,APRILIA,RS 660,2021
4765,APRILIA,TUONO 660,2021
4766,CHEVROLET,SILVERADO 2500,2016
4767,CHEVROLET,SILVERADO 3500,2016
4768,GMC,SIERRA 2500,2016
4769,GMC,SIERRA 3500,2016
4770,ALTEC,D2000,2020
4771,ALTEC,D2000,2021
4772,ALTEC,D3000,2020
4773,ALTEC,D3000,2021
4774,ALTEC,D4000,2020
4775,ALTEC,D4000,2021
4776,WAYFARER,WAYFARER,2017
4777,WAYFARER,WAYFARER,2018
4778,WAYFARER,WAYFARER,2019
4779,WAYFARER,WAYFARER,2020
4780,WAYFARER,WAYFARER,2021
4781,XTREME OUTDOORS,MYPOD,2021
4782,CHRYSLER,300,2020
4783,CHRYSLER,300,2021
4784,DODGE,CHALLENGER,2020
4785,DODGE,CHALLENGER,2021
4786,DODGE,CHARGER,2021
4787,CHEVROLET,BOLT EUV,2022
4788,CHEVROLET,BOLT EV,2022
4789,KIA,SORENTO,2021
4790,THOR MOTOR COACH,CHALLENGER,2019
4791,THOR MOTOR COACH,MIRAMAR,2019
4792,THOR MOTOR COACH,MIRAMAR,2020
4793,THOR MOTOR COACH,OUTLAW,2019
4794,THOR MOTOR COACH,OUTLAW,2021
4795,HYUNDAI,SANTA FE,2022
4796,HYUNDAI,SONATA,2022
4797,NISSAN,ROGUE SPORT,2021
4798,MERCEDES-BENZ,GLK250,2013
4799,TRAIL KING,TKOLB,2018
4800,TRAIL KING,TKOLB,2019
4801,TRAIL KING,TKOLB,2020
4802,KENWORTH,T880,2022
4803,KENWORTH,W900,2022
4804,ALTEC,AA-CLASS,2020
4805,ALTEC,AN-CLASS,2020
4806,BENTLEY,CONTINENTAL GT,2021
4807,UTILIMASTER,WALK-IN VAN,2021
4808,UTILIMASTER,WALK-IN VAN,2022
4809,KALMAR,OTTAWA T2,2021
4810,RANGER TRAIL,RT198P,2021
4811,RANGER TRAIL,RT198P,2022
4812,BMW,X1,2021
4813,BMW,X2,2021
4814,MINI,COOPER S CLUBMAN,2021
4815,MINI,COOPER SE,2021
4816,ROLLS-ROYCE,CULLINAN,2021
4817,ROLLS-ROYCE,GHOST,2021
4818,ROLLS-ROYCE,PHANTOM,2021
4819,ALTEC,DIGGER DERRICK,2016
4820,ALTEC,DIGGER DERRICK,2017
4821,ALTEC,DIGGER DERRICK,2018
4822,ALTEC,DIGGER DERRICK,2019
4823,ALTEC,DIGGER DERRICK,2020
4824,ALTEC,DIGGER DERRICK,2021
4825,MCLAREN,570S,2020
4826,MCLAREN,600LT,2019
4827,ROSENBAUER,COMMANDER,2012
4828,ROSENBAUER,COMMANDER,2013
4829,ROSENBAUER,WARRIOR,2012
4830,ROSENBAUER,WARRIOR,2013
4831,ROSENBAUER,WARRIOR,2014
4832,ROSENBAUER,WARRIOR,2015
4833,AUTOCAR,XPEDITOR,2022
4834,AUDI,E-TRON,2020
4835,AUDI,E-TRON,2021
4836,UTILIMASTER,WALK-IN VAN,2020
4837,MACK,LR,2021
4838,MACK,TE,2021
4839,MACK,MD,2022
4840,KIA,TELLURIDE,2022
4841,BMW,328D,2017
4842,BMW,328D,2018
4843,BMW,535D,2014
4844,BMW,535D,2015
4845,BMW,535D,2016
4846,BMW,740LD,2015
4847,BMW,X3,2015
4848,BMW,X3,2016
4849,BMW,X3,2017
4850,BMW,X5,2014
4851,BMW,X5,2015
4852,BMW,X5,2016
4853,BMW,X5,2017
4854,BMW,X5,2018
4855,SUBARU,ASCENT,2020
4856,SUBARU,BRZ,2018
4857,SUBARU,BRZ,2019
4858,SUBARU,FORESTER,2018
4859,SUBARU,IMPREZA,2020
4860,SUBARU,LEGACY,2018
4861,SUBARU,OUTBACK,2018
4862,SUBARU,WRX,2018
4863,SUBARU,WRX,2019
4864,TOYOTA,86,2018
4865,TOYOTA,86,2019
4866,WABASH NATIONAL,VAN,2018
4867,WABASH NATIONAL,VAN,2019
4868,WABASH NATIONAL,VAN,2020
4869,WABASH NATIONAL,VAN,2021
4870,WABASH NATIONAL,VAN,2022
4871,FORD,TRANSIT,2021
4872,FORD,TRANSIT,2022
4873,KAWASAKI,NINJA H2,2020
4874,KAWASAKI,NINJA H2,2021
4875,KAWASAKI,NINJA H2 SX,2021
4876,KAWASAKI,Z H2,2020
4877,KAWASAKI,ZR1000K,2021
4878,KAWASAKI,ZR1000L,2021
4879,KAWASAKI,ZX1002L,2021
4880,KAWASAKI,ZX1002M,2021
4881,KAWASAKI,ZX1002N,2021
4882,MITSUBISHI,OUTLANDER,2022
4883,AUDI,A5 CABRIOLET,2021
4884,AUDI,Q3,2021
4885,AUDI,S3,2021
4886,AUDI,S3,2022
4887,TIFFIN,WAYFARER,2017
4888,TIFFIN,WAYFARER,2018
4889,TIFFIN,WAYFARER,2019
4890,TIFFIN,WAYFARER,2020
4891,TIFFIN,WAYFARER,2021
4892,TIFFIN,WAYFARER,2022
4893,CADILLAC,CT4,2022
4894,CADILLAC,CT5,2022
4895,CHEVROLET,EQUINOX,2022
4896,GMC,TERRAIN,2021
4897,GMC,TERRAIN NA,2022
4898,MASERATI,GHIBLI,2021
4899,MASERATI,QUATTROPORTE,2021
4900,VOLKSWAGEN,TAOS,2022
4901,TOYOTA,YARIS,2019
4902,TOYOTA,YARIS,2020
4903,HYUNDAI,ACCENT,2018
4904,HYUNDAI,ACCENT,2019
4905,HYUNDAI,ACCENT,2020
4906,HYUNDAI,AZERA,2016
4907,HYUNDAI,AZERA,2017
4908,HYUNDAI,SONATA,2017
4909,HYUNDAI,SONATA,2018
4910,HYUNDAI,SONATA HYBRID,2017
4911,HYUNDAI,SONATA HYBRID,2018
4912,CUSTOM FIRE,FREIGHTLINER M2,2017
4913,CUSTOM FIRE,FREIGHTLINER M2,2018
4914,CUSTOM FIRE,FREIGHTLINER M2,2019
4915,CUSTOM FIRE,FREIGHTLINER M2,2020
4916,CUSTOM FIRE,FREIGHTLINER M2,2021
4917,CUSTOM FIRE,KENWORTH T370,2017
4918,CUSTOM FIRE,KENWORTH T370,2018
4919,CUSTOM FIRE,KENWORTH T370,2019
4920,CUSTOM FIRE,KENWORTH T370,2020
4921,CUSTOM FIRE,KENWORTH T370,2021
4922,CUSTOM FIRE,KENWORTH T880,2017
4923,CUSTOM FIRE,KENWORTH T880,2018
4924,CUSTOM FIRE,KENWORTH T880,2019
4925,CUSTOM FIRE,KENWORTH T880,2020
4926,CUSTOM FIRE,KENWORTH T880,2021
4927,CUSTOM FIRE,PETERBILT 348,2017
4928,CUSTOM FIRE,PETERBILT 348,2018
4929,CUSTOM FIRE,PETERBILT 348,2019
4930,CUSTOM FIRE,PETERBILT 348,2020
4931,CUSTOM FIRE,PETERBILT 348,2021
4932,KIA,FORTE,2016
4933,KIA,RIO,2018
4934,KIA,RIO,2019
4935,FORD,BRONCO SPORT,2022
4936,FORD,ESCAPE,2021
4937,COTTRELL,1-CAR,2019
4938,COTTRELL,1-CAR,2020
4939,COTTRELL,1-CAR,2021
4940,POLARIS,SLINGSHOT,2020
4941,POLARIS,SLINGSHOT,2021
4942,CUSTOM FIRE,SPARTAN GLADIATOR,2017
4943,CUSTOM FIRE,SPARTAN GLADIATOR,2018
4944,CUSTOM FIRE,SPARTAN GLADIATOR,2019
4945,CUSTOM FIRE,SPARTAN GLADIATOR,2020
4946,CUSTOM FIRE,SPARTAN GLADIATOR,2021
4947,CUSTOM FIRE,SPARTAN METROSTAR,2017
4948,CUSTOM FIRE,SPARTAN METROSTAR,2018
4949,CUSTOM FIRE,SPARTAN METROSTAR,2019
4950,CUSTOM FIRE,SPARTAN METROSTAR,2020
4951,CUSTOM FIRE,SPARTAN METROSTAR,2021
4952,FORD,TRANSIT,2015
4953,FORD,TRANSIT,2016
4954,FORD,TRANSIT,2017
4955,FORD,TRANSIT,2018
4956,RAM,2500,2015
4957,RAM,2500,2016
4958,UTILITY BODYWERKS,RAM 4500,2019
4959,UTILITY BODYWERKS,RAM 4500,2020
4960,UTILITY BODYWERKS,RAM 5500,2019
4961,UTILITY BODYWERKS,RAM 5500,2020
4962,LAND ROVER,LR4,2010
4963,LAND ROVER,LR4,2011
4964,LAND ROVER,LR4,2012
4965,LAND ROVER,LR4,2013
4966,LAND ROVER,LR4,2014
4967,LAND ROVER,LR4,2015
4968,LAND ROVER,LR4,2016
4969,LAND ROVER,RANGE ROVER SPORT,2012
4970,LAND ROVER,RANGE ROVER SPORT,2013
4971,MERCEDES BENZ,C250,2013
4972,MERCEDES BENZ,C250,2014
4973,MERCEDES BENZ,C250,2015
4974,MERCEDES BENZ,C63 AMG,2013
4975,MERCEDES BENZ,C63 AMG,2014
4976,MERCEDES BENZ,C63 AMG,2015
4977,MERCEDES BENZ,E400,2015
4978,MERCEDES BENZ,E400,2016
4979,MERCEDES-BENZ,C350,2013
4980,MERCEDES-BENZ,C350,2014
4981,MERCEDES-BENZ,C350,2015
4982,MERCEDES-BENZ,E350,2011
4983,MERCEDES-BENZ,E350,2012
4984,MERCEDES-BENZ,E350,2013
4985,MERCEDES-BENZ,E350,2014
4986,RENEGADE,CLASSIC,2018
4987,RENEGADE,GARAGE,2018
4988,RENEGADE,GARAGE,2019
4989,RENEGADE,GARAGE,2020
4990,RENEGADE,IKON,2018
4991,RENEGADE,IKON,2019
4992,RENEGADE,IKON,2020
4993,RENEGADE,TOTERS,2018
4994,RENEGADE,TOTERS,2019
4995,RENEGADE,TOTERS,2020
4996,RENEGADE,VIENNA,2018
4997,RENEGADE,VIENNA,2019
4998,RENEGADE,VIENNA,2020
4999,BMW,X4,2022
5000,CADILLAC,XT4,2021
5001,CHEVROLET,MALIBU,2016
5002,CHEVROLET,MALIBU,2017
5003,CHEVROLET,MALIBU,2019
5004,CHEVROLET,MALIBU,2020
5005,CHEVROLET,MALIBU,2021
5006,CHEVROLET,BOLT EV,2021
5007,CRANE,LET2,2020
5008,CRANE CARRIER,LET2,2021
5009,JAGUAR,F-PACE,2021
5010,JAGUAR,F-TYPE,2021
5011,JAGUAR,F-TYPE,2022
5012,JAGUAR,XF,2021
5013,LAND ROVER,DISCOVERY SPORT,2021
5014,LAND ROVER,RANGE ROVER,2021
5015,LAND ROVER,RANGE ROVER SPORT,2022
5016,LAND ROVER,RANGE ROVER VELAR,2021
5017,BOISE MOBILE EQUIPMENT,TYPE 3 FIRE TRUCK,2016
5018,KZRV,CAMPLITE,2018
5019,KZRV,CAMPLITE,2019
5020,KZRV,CAMPLITE,2020
5021,KZRV,CAMPLITE,2021
5022,KZRV,CAMPLITE,2022
5023,KZRV,CONFLUENCE,2018
5024,KZRV,CONFLUENCE,2019
5025,KZRV,CONFLUENCE,2020
5026,KZRV,CONFLUENCE,2021
5027,KZRV,CONFLUENCE,2022
5028,KZRV,CONNECT,2018
5029,KZRV,CONNECT,2019
5030,KZRV,CONNECT,2022
5031,KZRV,CONNECT LITE,2018
5032,KZRV,CONNECT LITE,2019
5033,KZRV,CONNECT LITE,2020
5034,KZRV,CONNECT LITE,2021
5035,KZRV,CONNECT LITE,2022
5036,KZRV,CONNECT SE,2018
5037,KZRV,CONNECT SE,2019
5038,KZRV,CONNECT SE,2020
5039,KZRV,CONNECT SE,2021
5040,KZRV,CONNECT SE,2022
5041,KZRV,DURANGO,2018
5042,KZRV,DURANGO,2019
5043,KZRV,DURANGO,2020
5044,KZRV,DURANGO,2021
5045,KZRV,DURANGO,2022
5046,KZRV,DURANGO 1500,2018
5047,KZRV,DURANGO 1500,2019
5048,KZRV,DURANGO 1500,2020
5049,KZRV,DURANGO 1500,2021
5050,KZRV,DURANGO 1500,2022
5051,KZRV,DURANGO GOLD,2018
5052,KZRV,DURANGO GOLD,2019
5053,KZRV,DURANGO GOLD,2020
5054,KZRV,DURANGO GOLD,2021
5055,KZRV,DURANGO GOLD,2022
5056,KZRV,DURANGO HALF TON,2018
5057,KZRV,DURANGO HALF TON,2019
5058,KZRV,DURANGO HALF TON,2020
5059,KZRV,DURANGO HALF TON,2021
5060,KZRV,DURANGO HALF TON,2022
5061,KZRV,DURANGO SPORT,2018
5062,KZRV,DURANGO SPORT,2019
5063,KZRV,DURANGO SPORT,2020
5064,KZRV,DURANGO SPORT,2021
5065,KZRV,DURANGO SPORT,2022
5066,KZRV,QUICKSILVER,2018
5067,KZRV,QUICKSILVER,2019
5068,KZRV,QUICKSILVER,2020
5069,KZRV,QUICKSILVER,2021
5070,KZRV,QUICKSILVER,2022
5071,KZRV,SONIC,2018
5072,KZRV,SONIC,2019
5073,KZRV,SONIC,2020
5074,KZRV,SONIC,2022
5075,KZRV,SONIC X,2018
5076,KZRV,SONIC X,2019
5077,KZRV,SONIC X,2020
5078,KZRV,SONIC X,2021
5079,KZRV,SONIC X,2022
5080,KZRV,SPORTSMEN,2018
5081,KZRV,SPORTSMEN,2019
5082,KZRV,SPORTSMEN,2020
5083,KZRV,SPORTSMEN,2021
5084,KZRV,SPORTSMEN,2022
5085,KZRV,SPORTSMEN FW,2018
5086,KZRV,SPORTSMEN FW,2019
5087,KZRV,SPORTSMEN FW,2020
5088,KZRV,SPORTSMEN FW,2021
5089,KZRV,SPORTSMEN FW,2022
5090,KZRV,SPORTSMEN LE,2018
5091,KZRV,SPORTSMEN LE,2019
5092,KZRV,SPORTSMEN LE,2020
5093,KZRV,SPORTSMEN LE,2021
5094,KZRV,SPORTSMEN LE,2022
5095,KZRV,SPORTSMEN SE,2018
5096,KZRV,SPORTSMEN SE,2019
5097,KZRV,SPORTSMEN SE,2020
5098,KZRV,SPORTSMEN SE,2021
5099,KZRV,SPORTSMEN SE,2022
5100,KZRV,SPORTSMEN SPORTSTER,2018
5101,KZRV,SPORTSMEN SPORTSTER,2019
5102,KZRV,SPORTSMEN SPORTSTER,2020
5103,KZRV,SPORTSMEN SPORTSTER,2021
5104,KZRV,SPORTSMEN SPORTSTER,2022
5105,KZRV,SPORTSTER,2018
5106,KZRV,SPORTSTER,2019
5107,KZRV,SPORTSTER,2020
5108,KZRV,SPORTSTER,2021
5109,KZRV,SPORTSTER,2022
5110,KZRV,SPORTTREK,2018
5111,KZRV,SPORTTREK,2019
5112,KZRV,SPORTTREK,2020
5113,KZRV,SPORTTREK,2022
5114,KZRV,SPORTTREK TOURING,2018
5115,KZRV,SPORTTREK TOURING,2019
5116,KZRV,SPORTTREK TOURING,2020
5117,KZRV,SPORTTREK TOURING,2021
5118,KZRV,SPORTTREK TOURING,2022
5119,KZRV,SPREE,2018
5120,KZRV,SPREE,2019
5121,KZRV,SPREE,2020
5122,KZRV,SPREE,2021
5123,KZRV,SPREE,2022
5124,KZRV,STRATUS,2018
5125,KZRV,STRATUS,2019
5126,KZRV,STRATUS,2020
5127,KZRV,STRATUS,2022
5128,KZRV,VENOM,2018
5129,KZRV,VENOM,2019
5130,KZRV,VENOM,2020
5131,KZRV,VENOM,2021
5132,KZRV,VENOM,2022
5133,KZRV,VENOM V SERIES,2018
5134,KZRV,VENOM V SERIES,2019
5135,KZRV,VENOM V SERIES,2020
5136,KZRV,VENOM V SERIES,2021
5137,KZRV,VENOM V SERIES,2022
5138,BOLT CUSTOM TRUCKS,CUSTOM SLEEPER,2018
5139,BOLT CUSTOM TRUCKS,CUSTOM SLEEPER,2019
5140,BOLT CUSTOM TRUCKS,CUSTOM SLEEPER,2020
5141,BOLT CUSTOM TRUCKS,CUSTOM SLEEPER,2021
5142,VERMEER,BC1000XL,2021
5143,VERMEER,BC1200XL,2021
5144,HUSQVARNA,FE 350S,2022
5145,HUSQVARNA,FE 501S,2022
5146,PORSCHE,BOXSTER,2013
5147,PORSCHE,BOXSTER,2014
5148,PORSCHE,BOXSTER,2015
5149,PORSCHE,BOXSTER S,2013
5150,PORSCHE,BOXSTER S,2014
5151,PORSCHE,CAYMAN,2014
5152,PORSCHE,CAYMAN,2015
5153,TIFFIN,ALLEGRO,2018
5154,TIFFIN,ALLEGRO,2019
5155,TIFFIN,ALLEGRO,2020
5156,TIFFIN,ALLEGRO,2021
5157,TIFFIN,ALLEGRO,2022
5158,TIFFIN,ALLEGRO BREEZE,2018
5159,TIFFIN,ALLEGRO BREEZE,2019
5160,TIFFIN,ALLEGRO BREEZE,2020
5161,TIFFIN,ALLEGRO BREEZE,2021
5162,TIFFIN,ALLEGRO BREEZE,2022
5163,TIFFIN,ALLEGRO BUS,2018
5164,TIFFIN,ALLEGRO BUS,2019
5165,TIFFIN,ALLEGRO BUS,2020
5166,TIFFIN,ALLEGRO BUS,2021
5167,TIFFIN,ALLEGRO BUS,2022
5168,TIFFIN,ALLEGRO RED,2018
5169,TIFFIN,ALLEGRO RED,2019
5170,TIFFIN,ALLEGRO RED,2020
5171,TIFFIN,ALLEGRO RED,2021
5172,TIFFIN,ALLEGRO RED,2022
5173,TIFFIN,PHAETON,2018
5174,TIFFIN,PHAETON,2019
5175,TIFFIN,PHAETON,2020
5176,TIFFIN,PHAETON,2022
5177,TIFFIN,ZEPHYR,2021
5178,INDIAN,SCOUT BOBBER SIXTY,2020
5179,VOLVO,S60,2021
5180,VOLVO,S60,2022
5181,VOLVO,V60,2022
5182,VOLVO,XC60,2022
5183,POLESTAR,POLESTAR 1,2021
5184,MACK,MD,2020
5185,MACK,MD,2021
5186,JAYCO,JAY FLIGHT,2022
5187,JAYCO,JAY FLIGHT BUNGALOW,2021
5188,JAYCO,JAY FLIGHT OCTANE,2021
5189,JAYCO,JAY FLIGHT SLX,2021
5190,JAYCO,JAY FLIGHT SLX,2022
5191,JAYCO,OCTANE SUPER LITE,2021
5192,JAYCO,SEISMIC,2017
5193,JAYCO,SEISMIC,2018
5194,JAYCO,SEISMIC,2019
5195,JAYCO,SEISMIC,2021
5196,JAYCO,TALON,2018
5197,JAYCO,TALON,2019
5198,JAYCO,TALON,2021
5199,HIGHLAND RIDGE,MESA RIDGE LITE,2021
5200,HIGHLAND RIDGE,OLYMPIA,2021
5201,HIGHLAND RIDGE,OLYMPIA,2022
5202,HIGHLAND RIDGE,OPEN RANGE,2022
5203,HIGHLAND RIDGE,OPEN RANGE LIGHT,2021
5204,HIGHLAND RIDGE,OPEN RANGE ULTRA LITE,2021
5205,HIGHLAND RIDGE,SILVERSTAR LIMITED,2021
5206,HIGHLAND RIDGE,SILVERSTAR LITE,2021
5207,STARCRAFT,AUTUMN RIDGE OUTFITTER,2022
5208,STARCRAFT,TELLURIDE,2021
5209,HONDA,CB500X,2019
5210,HONDA,CBR500R,2019
5211,PORSCHE,911 CARRERA,2021
5212,RAM,PROMASTER,2021
5213,MASERATI,LEVANTE,2021
5214,MERCEDES-BENZ,S 580,2021
5215,NISSAN,PATHFINDER,2022
5216,DUTCHMEN,ASPEN TRAIL,2019
5217,DUTCHMEN,COLEMAN,2019
5218,DUTCHMEN,COLEMAN,2020
5219,DUTCHMEN,COLEMAN,2021
5220,DUTCHMEN,KODIAK,2019
5221,KEYSTONE,HIDEOUT,2019
5222,KEYSTONE,HIDEOUT,2021
5223,KEYSTONE,PASSPORT,2019
5224,KEYSTONE,PASSPORT,2020
5225,KEYSTONE,RESIDENCE,2019
5226,KEYSTONE,RETREAT,2019
5227,KEYSTONE,SPRINGDALE,2019
5228,KEYSTONE,SPRINGDALE,2021
5229,KEYSTONE,SPRINTER,2020
5230,KEYSTONE,SPRINTER,2021
5231,KEYSTONE,SUMMERLAND,2019
5232,TRAIL KING,AACS,2019
5233,TRAIL KING,ACS,2019
5234,VOLVO,S90,2021
5235,TUSCANY MOTOR CO,CHEVROLET SILVERADO 1500,2019
5236,TUSCANY MOTOR CO,CHEVROLET SILVERADO 1500,2020
5237,TUSCANY MOTOR CO,CHEVROLET SILVERADO 1500,2021
5238,TUSCANY MOTOR CO,GMC SIERRA 1500,2019
5239,TUSCANY MOTOR CO,GMC SIERRA 1500,2020
5240,TUSCANY MOTOR CO,GMC SIERRA 1500,2021
5241,KIA,SEDONA,2015
5242,KIA,SEDONA,2016
5243,KIA,SEDONA,2017
5244,RAM,PROMASTER CITY,2019
5245,JEEP,GRAND CHEROKEE,2021
5246,DRV,ELITE SUITE,2018
5247,DRV,ELITE SUITE,2019
5248,DRV,ELITE SUITE,2020
5249,DRV,ELITE SUITE,2021
5250,DRV,MOBILE SUITE,2018
5251,DRV,MOBILE SUITE,2019
5252,DRV,MOBILE SUITE,2020
5253,DRV,MOBILE SUITE,2021
5254,DRV,MOBILE SUITES,2021
5255,TOYOTA,PRIUS,2022
5256,TOYOTA,PRIUS PRIME,2022
5257,DUCATI,HYPERMOTARD,2019
5258,FORD,EXPLORER,2011
5259,FORD,EXPLORER,2012
5260,MCI,D4000ISTV,2018
5261,MCI,D4000ISTV,2019
5262,MCI,D4000ISTV,2020
5263,MCI,D4520,2020
5264,MCI,D45 CRT LE,2021
5265,MCI,J3500,2020
5266,MCI,J3500,2021
5267,HYUNDAI,SONATA,2015
5268,HYUNDAI,SONATA,2016
5269,HYUNDAI,SONATA PLUG-IN HYBRID,2016
5270,HYUNDAI,SONATA PLUG-IN HYBRID,2017
5271,SPARTAN,K4,2022
5272,THOR MOTOR COACH,MAGNITUDE,2021
5273,THOR MOTOR COACH,MAGNITUDE,2022
5274,THOR MOTOR COACH,OMNI,2021
5275,THOR MOTOR COACH,OMNI,2022
5276,THOR MOTOR COACH,VENETIAN,2022
5277,ROSENBAUER,COMMERCIAL HV507,2022
5278,ROSENBAUER,PANTHER,2021
5279,CHEVROLET,SILVERADO 2500,2022
5280,CHEVROLET,SILVERADO 3500,2022
5281,GMC,SIERRA 2500,2022
5282,GMC,SIERRA 3500,2022
5283,CADILLAC,CT6,2016
5284,CADILLAC,CT6,2017
5285,FORD,RANGER,2021
5286,VOLVO,S60,2004
5287,VOLVO,S60,2005
5288,VOLVO,S60,2006
5289,VOLVO,S60,2007
5290,VOLVO,S60,2008
5291,VOLVO,S60,2009
5292,VOLVO,S80,2004
5293,VOLVO,S80,2005
5294,VOLVO,S80,2006
5295,FORD,BRONCO,2021
5296,INFINITI,QX60 HYBRID,2014
5297,INFINITI,QX60 HYBRID,2015
5298,INFINITI,QX60 HYBRID,2016
5299,INFINITI,QX60 HYBRID,2017
5300,NISSAN,MURANO HYBRID,2015
5301,NISSAN,MURANO HYBRID,2016
5302,NISSAN,PATHFINDER HYBRID,2014
5303,NISSAN,PATHFINDER HYBRID,2015
5304,PEACH CARGO,CARGO TRAILER,2021
5305,PEACH CARGO,CARGO TRAILER,2022
5306,NEXUS,BENTLEY,2018
5307,NEXUS,BENTLEY,2019
5308,NEXUS,BENTLEY,2020
5309,NEXUS,BENTLEY DIAMOND,2018
5310,NEXUS,BENTLEY DIAMOND,2019
5311,NEXUS,BENTLEY DIAMOND,2020
5312,NEXUS,EVOQUE,2018
5313,NEXUS,EVOQUE,2019
5314,NEXUS,EVOQUE,2020
5315,NEXUS,GHOST,2018
5316,NEXUS,GHOST,2019
5317,NEXUS,GHOST,2020
5318,NEXUS,MAYBACH,2018
5319,NEXUS,MAYBACH,2019
5320,NEXUS,MAYBACH,2020
5321,NEXUS,PHANTOM,2018
5322,NEXUS,PHANTOM,2019
5323,NEXUS,PHANTOM,2020
5324,NEXUS,TRIUMPH,2018
5325,NEXUS,TRIUMPH,2019
5326,NEXUS,TRIUMPH,2020
5327,NEXUS,VIPER,2018
5328,NEXUS,VIPER,2019
5329,NEXUS,VIPER,2020
5330,NEXUS,WRAITH,2018
5331,NEXUS,WRAITH,2019
5332,NEXUS,WRAITH,2020
5333,BUICK,ENCLAVE,2008
5334,BUICK,ENCLAVE,2009
5335,BUICK,ENCLAVE,2016
5336,MERCEDES-BENZ,S 500,2021
5337,HUSQVARNA,701 SUPERMOTO,2018
5338,HUSQVARNA,701 SUPERMOTO,2019
5339,HUSQVARNA,701 SUPERMOTO,2020
5340,HUSQVARNA,ENDURO,2018
5341,HUSQVARNA,ENDURO,2019
5342,HUSQVARNA,ENDURO,2020
5343,KTM,690 DUKE,2018
5344,KTM,690 DUKE,2019
5345,KTM,690 ENDURO R,2018
5346,KTM,690 ENDURO R,2019
5347,KTM,690 ENDURO R,2020
5348,KTM,690 SMC R,2019
5349,KTM,690 SMC R,2020
5350,GENESIS,GV70,2022
5351,HYUNDAI,ELANTRA HYBRID,2021
5352,HYUNDAI,VENUE,2021
5353,RAM,2500,2022
5354,RAM,3500,2022
5355,RAM,4500,2022
5356,RAM,5500,2022
5357,VAN HOOL,C2045,2000
5358,VAN HOOL,C2045,2001
5359,VAN HOOL,C2045,2002
5360,VAN HOOL,C2045,2003
5361,VAN HOOL,C2045,2004
5362,VAN HOOL,C2045,2005
5363,VAN HOOL,C2045,2006
5364,VAN HOOL,C2045,2007
5365,VAN HOOL,C2045,2008
5366,VAN HOOL,C2045,2009
5367,VAN HOOL,C2045,2010
5368,VAN HOOL,C2045,2011
5369,VAN HOOL,C2045,2012
5370,VAN HOOL,C2045,2013
5371,VAN HOOL,C2045,2014
5372,VAN HOOL,CX45,2016
5373,VAN HOOL,T2145,1998
5374,VAN HOOL,T2145,1999
5375,VAN HOOL,T2145,2000
5376,VAN HOOL,T2145,2001
5377,VAN HOOL,T2145,2002
5378,VAN HOOL,T2145,2003
5379,VAN HOOL,T2145,2004
5380,VAN HOOL,T2145,2005
5381,VAN HOOL,T2145,2006
5382,VAN HOOL,T2145,2007
5383,VAN HOOL,T2145,2008
5384,VAN HOOL,T2145,2009
5385,VAN HOOL,T2145,2010
5386,VAN HOOL,T2145,2011
5387,VAN HOOL,T2145,2012
5388,VAN HOOL,T2145,2013
5389,VOLVO,V70,2001
5390,VOLVO,V70,2002
5391,VOLVO,V70,2003
5392,VOLVO,V70,2004
5393,VOLVO,V70,2005
5394,VOLVO,V70,2006
5395,VOLVO,V70,2007
5396,VOLVO,XC70,2001
5397,VOLVO,XC70,2002
5398,VOLVO,XC70,2003
5399,VOLVO,XC70,2004
5400,VOLVO,XC70,2005
5401,VOLVO,XC70,2006
5402,VOLVO,XC70,2007
5403,CRUISER RV,HITCH,2021
5404,CRUISER RV,HITCH,2022
5405,HONDA,CT125,2021
5406,FORD,EXPEDITION,2021
5407,FORD,F-250 SD,2022
5408,FORD,F-350 SD,2022
5409,LINCOLN,NAVIGATOR,2021
5410,SMEAL,PUMPER,2021
5411,VOLKSWAGEN,PASSAT,2021
5412,TRAIL KING,AACS,2015
5413,TRAIL KING,AACS,2016
5414,TRAIL KING,AACS,2017
5415,TRAIL KING,AACS,2018
5416,TRAIL KING,AACS,2020
5417,TRAIL KING,ACS,2015
5418,TRAIL KING,ACS,2016
5419,TRAIL KING,ACS,2017
5420,TRAIL KING,ACS,2018
5421,TRAIL KING,ACS,2020
5422,SCHWARZE,M6 AVALANCHE CNG,2012
5423,SCHWARZE,M6 AVALANCHE CNG,2013
5424,SCHWARZE,M6 AVALANCHE CNG,2014
5425,SCHWARZE,M6 AVALANCHE CNG,2015
5426,SCHWARZE,M6 AVALANCHE CNG,2016
5427,SCHWARZE,M6 AVALANCHE CNG,2017
5428,SCHWARZE,M6 AVALANCHE CNG,2018
5429,SCHWARZE,M6 AVALANCHE CNG,2019
5430,SCHWARZE,M6 AVALANCHE CNG,2020
5431,SCHWARZE,M6 AVALANCHE STREET SWEEP,2012
5432,SCHWARZE,M6 AVALANCHE STREET SWEEP,2013
5433,SCHWARZE,M6 AVALANCHE STREET SWEEP,2014
5434,SCHWARZE,M6 AVALANCHE STREET SWEEP,2015
5435,SCHWARZE,M6 AVALANCHE STREET SWEEP,2016
5436,SCHWARZE,M6 AVALANCHE STREET SWEEP,2017
5437,SCHWARZE,M6 AVALANCHE STREET SWEEP,2018
5438,SCHWARZE,M6 AVALANCHE STREET SWEEP,2019
5439,SCHWARZE,M6 AVALANCHE STREET SWEEP,2020
5440,KAWASAKI,W800,2020
5441,KAWASAKI,W800,2021
5442,TRIPLE E,LIBERO,2015
5443,TRIPLE E,LIBERO,2016
5444,TRIPLE E,SERENITY,2015
5445,TRIPLE E,SERENITY,2016
5446,TRIPLE E,SERENITY,2017
5447,TRIPLE E,SERENITY,2018
5448,TRIPLE E,UNITY,2015
5449,TRIPLE E,UNITY,2016
5450,TRIPLE E,UNITY,2017
5451,TRIPLE E,UNITY,2018
5452,TRIPLE E RV,FREE SPIRIT,2015
5453,TRIPLE E RV,WONDER,2016
5454,TRIPLE E RV,WONDER,2017
5455,TRIPLE E RV,WONDER,2018
5456,AUDI,A3,2022
5457,AUDI,A4,2022
5458,AUDI,A5,2022
5459,AUDI,E-TRON,2022
5460,AUDI,Q3,2022
5461,AUDI,Q5 SPORTBACK,2022
5462,AUDI,Q7,2022
5463,AUDI,Q8,2022
5464,AUDI,RS 6 AVANT,2022
5465,AUDI,RS Q8,2022
5466,AUDI,S5,2022
5467,AUDI,SQ7,2022
5468,AUDI,SQ8,2022
5469,MERCEDES-BENZ,AMG GLS63S,2021
5470,FERRARI,458 ITALIA,2012
5471,FERRARI,458 ITALIA,2013
5472,FERRARI,458 ITALIA,2014
5473,FERRARI,458 ITALIA,2015
5474,FERRARI,458 SPECIALE,2014
5475,FERRARI,458 SPECIALE,2015
5476,FERRARI,458 SPECIALE A,2015
5477,FERRARI,458 SPIDER,2012
5478,FERRARI,458 SPIDER,2013
5479,FERRARI,458 SPIDER,2014
5480,FERRARI,458 SPIDER,2015
5481,FERRARI,488 GTB,2016
5482,FERRARI,488 GTB,2017
5483,FERRARI,488 GTB,2018
5484,FERRARI,488 GTB,2019
5485,FERRARI,488 SPIDER,2016
5486,FERRARI,488 SPIDER,2017
5487,FERRARI,488 SPIDER,2018
5488,FERRARI,488 SPIDER,2019
5489,IC BUS,CESB,2021
5490,IC BUS,CESB,2022
5491,IC BUS,CESB,2023
5492,NISSAN,ROGUE,2017
5493,NISSAN,ROGUE,2018
5494,NISSAN,ROGUE,2019
5495,HYUNDAI,PALISADE,2021
5496,GREAT DANE,CHAMPION,2020
5497,GREAT DANE,CHAMPION,2021
5498,GREAT DANE,CHAMPION,2022
5499,GREAT DANE,EVEREST,2022
5500,GREAT DANE,FREEDOM,2020
5501,GREAT DANE,FREEDOM,2021
5502,GREAT DANE,FREEDOM,2022
5503,KIA,OPTIMA HYBRID,2017
5504,KIA,OPTIMA HYBRID,2018
5505,KIA,OPTIMA PHEV,2017
5506,KIA,OPTIMA PHEV,2018
5507,THOR MOTOR COACH,CHALLENGER,2017
5508,THOR MOTOR COACH,MIRAMAR,2017
5509,THOR MOTOR COACH,OUTLAW,2017
5510,VOLKSWAGEN,TIGUAN,2022
5511,ROLLS-ROYCE,PHANTOM,2019
5512,ROLLS-ROYCE,PHANTOM,2020
5513,ROLLS-ROYCE,PHANTOM,2022
5514,RANGER TRAIL,BOAT TRAILER,2022
5515,SUPREME,DRY FREIGHT BODY,2019
5516,SUPREME,DRY FREIGHT BODY,2020
5517,KEYSTONE,ARCADIA,2022
5518,TESLA,MODEL X,2021
5519,RAM,1500,2022
5520,MASERATI,LEVANTE,2022
5521,MASERATI,MC20,2022
5522,AUDI,A4,2017
5523,AUDI,A4,2018
5524,AUDI,A4,2019
5525,AUDI,A5,2018
5526,AUDI,S4,2018
5527,AUDI,S4,2019
5528,AUDI,S5,2018
5529,FIAT,124 SPIDER,2019
5530,WESTERN STAR,4700,2017
5531,WESTERN STAR,4900,2017
5532,WESTERN STAR,6900,2017
5533,WESTERN STAR,6900,2018
5534,WESTERN STAR,6900,2019
5535,TIMPTE,BULK COMMODITY HOPPER,2022
5536,CUMMINS POWER GENERATION,GENERATOR SET,2019
5537,CUMMINS POWER GENERATION,GENERATOR SET,2020
5538,CUMMINS POWER GENERATION,GENERATOR SET,2021
5539,TOYOTA,SIENNA,2022
5540,FREIGHTLINER,108SD,2012
5541,FREIGHTLINER,108SD,2013
5542,FREIGHTLINER,108SD,2014
5543,FREIGHTLINER,108SD,2015
5544,FREIGHTLINER,108SD,2016
5545,FREIGHTLINER,108SD,2017
5546,FREIGHTLINER,114SD,2012
5547,FREIGHTLINER,114SD,2013
5548,FREIGHTLINER,114SD,2014
5549,FREIGHTLINER,114SD,2015
5550,FREIGHTLINER,114SD,2016
5551,FREIGHTLINER,114SD,2017
5552,WESTERN STAR,4700,2013
5553,WESTERN STAR,4700,2014
5554,WESTERN STAR,4700,2015
5555,WESTERN STAR,4700,2016
5556,WESTERN STAR,4900,2013
5557,WESTERN STAR,4900,2014
5558,WESTERN STAR,4900,2015
5559,WESTERN STAR,4900,2016
5560,WESTERN STAR,6900,2013
5561,SPARTAN FIRE,FC-94,2021
5562,SPARTAN FIRE,FC-94,2022
5563,SPARTAN FIRE,GLADIATOR,2022
5564,SPARTAN FIRE,METROSTAR,2022
5565,HONDA,ACCORD,2021
5566,HONDA,ACCORD HYBRID,2021
5567,HONDA,CR-V,2021
5568,HONDA,CR-V HYBRID,2022
5569,HONDA,INSIGHT,2022
5570,HONDA,RIDGELINE,2021
5571,HONDA,NC750XD,2021
5572,ATC,QUEST,2021
5573,ATC,RAVEN,2021
5574,KME,PREDATOR,2022
5575,KME,PREDATOR PANTHER,2021
5576,KME,PREDATOR PANTHER,2022
5577,KME,PREDATOR SS,2022
5578,TESLA,MODEL Y,2020
5579,TESLA,MODEL Y,2021
5580,TESLA,MODEL Y,2022
5581,NISSAN,FRONTIER,2022
5582,FCCC,MBC,2018
5583,FCCC,MBC,2019
5584,FCCC,MBC,2020
5585,FCCC,MBC,2022
5586,FCCC,MC,2017
5587,FCCC,MC,2022
5588,FCCC,MC,2023
5589,FCCC,MT55,2018
5590,FCCC,MT55,2019
5591,FCCC,MT55,2020
5592,FCCC,S2C,2018
5593,FCCC,S2C,2019
5594,FCCC,S2C,2020
5595,FCCC,S2C,2021
5596,FCCC,S2C,2022
5597,FCCC,S2G,2018
5598,FCCC,S2G,2019
5599,FCCC,S2G,2020
5600,FCCC,S2G,2021
5601,FCCC,S2G,2022
5602,FORD,ESCAPE,2022
5603,HARLEY-DAVIDSON,PAN AMERICA (RA1250),2021
5604,OLD DOMINION BRUSH CO.,TOW BEHIND UNIT,2019
5605,OLD DOMINION BRUSH CO.,TOW BEHIND UNIT,2020
5606,OLD DOMINION BRUSH CO.,TOW BEHIND UNIT,2021
5607,OLD DOMINION BRUSH CO.,TRAILER MOUNT UNIT,2019
5608,OLD DOMINION BRUSH CO.,TRAILER MOUNT UNIT,2020
5609,OLD DOMINION BRUSH CO.,TRAILER MOUNT UNIT,2021
5610,MERCEDES-BENZ,EQS 580,2022
5611,HONDA,PILOT,2016
5612,HONDA,PILOT,2017
5613,HONDA,PILOT,2018
5614,AUDI,E-TRON GT,2022
5615,KIA,RIO,2020
5616,KIA,RIO,2021
5617,HYUNDAI,ACCENT,2021
5618,ACURA,RDX,2021
5619,ZERO,SR,2022
5620,ZERO,SR/F,2022
5621,ZERO,SR/S,2022
5622,HYUNDAI,IONIQ ELECTRIC,2017
5623,HYUNDAI,IONIQ ELECTRIC,2018
5624,HYUNDAI,IONIQ ELECTRIC,2019
5625,AUDI,Q5,2018
5626,AUDI,Q5,2019
5627,AUDI,SQ5,2018
5628,AUDI,SQ5,2019
5629,AUDI,SQ5,2022
5630,JEEP,WRANGLER 4XE,2021
5631,MACK,MRU,2008
5632,MACK,MRU,2009
5633,MACK,MRU,2010
5634,MACK,TE,2019
5635,MACK,TE,2020
5636,MACK,TERRAPRO (MRU),2011
5637,MACK,TERRAPRO (MRU),2012
5638,MACK,TERRAPRO (MRU),2013
5639,MACK,TERRAPRO (MRU),2014
5640,MACK,TERRAPRO (MRU),2015
5641,MACK,TERRAPRO (MRU),2016
5642,MACK,TERRAPRO (MRU),2017
5643,MACK,TERRAPRO (MRU),2018
5644,MACK,TERRAPRO (MRU),2019
5645,MACK,TERRAPRO (TE),2022
5646,KME,PREDATOR,2021
5647,KME,PREDATOR SS,2021
5648,WESTERN STAR,47X,2022
5649,WESTERN STAR,WF110,2021
5650,SPARTAN,K3,2023
5651,MCI,D4000,2021
5652,MCI,D4000 ISTV,2019
5653,MCI,D4000 ISTV,2020
5654,MCI,D4000 ISTV,2021
5655,MCI,D4000 ISTV,2022
5656,MCI,D4005,2021
5657,MCI,D4500,2021
5658,MCI,D4500,2022
5659,MCI,D4505,2021
5660,MCI,D4520,2021
5661,MCI,D45CRTLE,2020
5662,MCI,D45CRTLE,2021
5663,MCI,D45CRTLE,2022
5664,BENTLEY,BENTAYGA,2022
5665,BENTLEY,CONTINENTAL GT,2022
5666,BENTLEY,FLYING SPUR,2021
5667,BENTLEY,FLYING SPUR,2022
5668,FORD,MAVERICK,2022
5669,FORD,MUSTANG MACH E,2022
5670,FORD,MUSTANG,2021
5671,TEREX ADVANCE,FRONT DISCHARGE MIXER,2016
5672,TEREX ADVANCE,FRONT DISCHARGE MIXER,2017
5673,TEREX ADVANCE,FRONT DISCHARGE MIXER,2018
5674,TEREX ADVANCE,FRONT DISCHARGE MIXER,2019
5675,TEREX ADVANCE,FRONT DISCHARGE MIXER,2020
5676,TEREX ADVANCE,FRONT DISCHARGE MIXER,2021
5677,TEREX ADVANCE,FRONT DISCHARGE MIXER,2022
5678,BUGATTI,CHIRON PUR SPORT,2021
5679,BUGATTI,CHIRON PUR SPORT,2022
5680,FORD,F-150,2022
5681,HONDA,REBEL 1100,2021
5682,MICRO BIRD,G5 TRANSIT BUS,2020
5683,MICRO BIRD,G5 TRANSIT BUS,2021
5684,CRANE,LET2,2019
5685,ENTEGRA,VISION,2022
5686,JAYCO,ALANTE,2022
5687,TOYOTA,SEQUOIA,2004
5688,TOYOTA,SEQUOIA,2005
5689,TOYOTA,SEQUOIA,2006
5690,TOYOTA,SEQUOIA,2007
5691,TOYOTA,TUNDRA,2004
5692,TOYOTA,TUNDRA,2005
5693,TOYOTA,TUNDRA,2006
5694,NISSAN,VERSA,2012
5695,"LDV, INC.",EMERGENCY RESPONSE,2013
5696,"LDV, INC.",EMERGENCY RESPONSE,2019
5697,"LDV, INC.",EMERGENCY RESPONSE,2020
5698,"LDV, INC.",EMERGENCY RESPONSE,2021
5699,"LDV, INC.",EMERGENCY RESPONSE,2022
5700,ROSENBAUER,COMMERCIAL 114SD,2020
5701,ROSENBAUER,COMMERCIAL 114SD,2021
5702,ROSENBAUER,COMMERCIAL 114SD,2022
5703,LGS INDUSTRIES,AFTERSHOCK,2014
5704,LGS INDUSTRIES,AFTERSHOCK,2015
5705,LGS INDUSTRIES,AFTERSHOCK,2016
5706,LGS INDUSTRIES,AFTERSHOCK,2017
5707,LGS INDUSTRIES,AFTERSHOCK,2018
5708,LGS INDUSTRIES,AFTERSHOCK,2019
5709,LGS INDUSTRIES,AFTERSHOCK,2020
5710,LGS INDUSTRIES,AFTERSHOCK,2021
5711,LGS INDUSTRIES,CARGO SPORT,2014
5712,LGS INDUSTRIES,CARGO SPORT,2015
5713,LGS INDUSTRIES,CARGO SPORT,2016
5714,LGS INDUSTRIES,CARGO SPORT,2017
5715,LGS INDUSTRIES,CARGO SPORT,2018
5716,LGS INDUSTRIES,CARGO SPORT,2019
5717,LGS INDUSTRIES,CARGO SPORT,2020
5718,LGS INDUSTRIES,CARGO SPORT,2021
5719,LGS INDUSTRIES,JOURNEY,2014
5720,LGS INDUSTRIES,JOURNEY,2015
5721,LGS INDUSTRIES,JOURNEY,2016
5722,LGS INDUSTRIES,JOURNEY,2017
5723,LGS INDUSTRIES,JOURNEY,2018
5724,LGS INDUSTRIES,JOURNEY,2019
5725,LGS INDUSTRIES,JOURNEY,2020
5726,LGS INDUSTRIES,JOURNEY,2021
5727,LGS INDUSTRIES,PREMIER RACE,2014
5728,LGS INDUSTRIES,PREMIER RACE,2015
5729,LGS INDUSTRIES,PREMIER RACE,2016
5730,LGS INDUSTRIES,PREMIER RACE,2017
5731,LGS INDUSTRIES,PREMIER RACE,2018
5732,LGS INDUSTRIES,PREMIER RACE,2019
5733,LGS INDUSTRIES,PREMIER RACE,2020
5734,LGS INDUSTRIES,PREMIER RACE,2021
5735,LGS INDUSTRIES,SHADOW,2014
5736,LGS INDUSTRIES,SHADOW,2015
5737,LGS INDUSTRIES,SHADOW,2016
5738,LGS INDUSTRIES,SHADOW,2017
5739,LGS INDUSTRIES,SHADOW,2018
5740,LGS INDUSTRIES,SHADOW,2019
5741,LGS INDUSTRIES,SHADOW,2020
5742,LGS INDUSTRIES,SHADOW,2021
5743,LAKOTA,BIGHORN,2021
5744,LAKOTA,BIGHORN,2022
5745,LAKOTA,CHARGER,2021
5746,LAKOTA,CHARGER,2022
5747,LAKOTA,LIVESTOCK,2021
5748,LAKOTA,LIVESTOCK,2022
5749,PLAY-MOR,199 CAMPING TRAILER,2017
5750,PLAY-MOR,2 ROOM TRAILER,2017
5751,PLAY-MOR,2 ROOM TRAILER,2018
5752,PLAY-MOR,2 ROOM TRAILER,2019
5753,PLAY-MOR,2 ROOM TRAILER,2020
5754,PLAY-MOR,3 ROOM TRAILER,2017
5755,PLAY-MOR,3 ROOM TRAILER,2018
5756,PLAY-MOR,3 ROOM TRAILER,2019
5757,PLAY-MOR,3 ROOM TRAILER,2020
5758,PLAY-MOR,BBQ TRAILER,2017
5759,PLAY-MOR,HAIR AND MAKEUP TRAILER,2017
5760,PLAY-MOR,HAIR AND MAKEUP TRAILER,2018
5761,PLAY-MOR,HAIR AND MAKEUP TRAILER,2019
5762,PLAY-MOR,HAIR AND MAKEUP TRAILER,2020
5763,PLAY-MOR,MOTORSPORT SUV TRAILER,2019
5764,PLAY-MOR,MOTORSPORT SUV TRAILER,2020
5765,PLAY-MOR,RESTROOM TRAILER,2017
5766,PLAY-MOR,RESTROOM TRAILER,2018
5767,PLAY-MOR,RESTROOM TRAILER,2019
5768,PLAY-MOR,RESTROOM TRAILER,2020
5769,PLAY-MOR,SINGLE ROOM TRAILER,2020
5770,KEYSTONE,ALPINE,2022
5771,KEYSTONE,AVALANCHE,2022
5772,KIA,CADENZA,2020
5773,BMW,K 1600 B,2019
5774,BMW,K 1600 B,2020
5775,BMW,K 1600 GT,2019
5776,BMW,K 1600 GT,2020
5777,BMW,K 1600 GTL,2019
5778,BMW,K 1600 GTL,2020
5779,NISSAN,ROGUE,2014
5780,NISSAN,ROGUE,2015
5781,NISSAN,ROGUE,2016
5782,HARLEY-DAVIDSON,RA1250,2021
5783,HARLEY-DAVIDSON,RA1250S,2021
5784,HARLEY-DAVIDSON,RH1250S,2021
5785,KIA,FORTE KOUP,2017
5786,KIA,SEDONA,2018
5787,KIA,SEDONA,2019
5788,KIA,SOUL,2017
5789,KIA,SOUL,2018
5790,KIA,SOUL,2019
5791,KIA,SOUL EV,2017
5792,KIA,SOUL EV,2018
5793,KIA,SOUL EV,2019
5794,PIERCE,ARROW XT,2015
5795,PIERCE,ARROW XT,2016
5796,PIERCE,ARROW XT,2017
5797,PIERCE,ARROW XT,2018
5798,PIERCE,ARROW XT,2019
5799,PIERCE,ARROW XT,2020
5800,PIERCE,ARROW XT,2021
5801,PIERCE,ENFORCER,2015
5802,PIERCE,ENFORCER,2016
5803,PIERCE,ENFORCER,2017
5804,PIERCE,ENFORCER,2018
5805,PIERCE,ENFORCER,2019
5806,PIERCE,ENFORCER,2020
5807,PIERCE,ENFORCER,2021
5808,PIERCE,QUANTUM,2015
5809,PIERCE,QUANTUM,2016
5810,PIERCE,QUANTUM,2017
5811,PIERCE,QUANTUM,2018
5812,PIERCE,QUANTUM,2019
5813,PIERCE,QUANTUM,2020
5814,PIERCE,QUANTUM,2021
5815,PIERCE,VELOCITY,2015
5816,PIERCE,VELOCITY,2016
5817,PIERCE,VELOCITY,2017
5818,PIERCE,VELOCITY,2018
5819,PIERCE,VELOCITY,2019
5820,PIERCE,VELOCITY,2020
5821,PIERCE,VELOCITY,2021
5822,TOYOTA,VENZA HYBRID,2021
5823,AUDI,A4 ALLROAD,2020
5824,AUDI,A4 ALLROAD,2021
5825,AUDI,A5 CABRIOLET,2020
5826,PORSCHE,CAYENNE,2022
5827,MERCEDES-BENZ,AMG GT,2021
5828,KEYSTONE,MONTANA,2021
5829,KEYSTONE,RAPTOR,2021
5830,KEYSTONE,RAPTOR,2022
5831,KIA,K900,2016
5832,KIA,K900,2017
5833,KIA,K900,2018
5834,KIA,SPORTAGE,2014
5835,KIA,SPORTAGE,2015
5836,KIA,SPORTAGE,2016
5837,HYUNDAI,SANTA FE,2016
5838,HYUNDAI,SANTA FE,2017
5839,HYUNDAI,SANTA FE,2018
5840,HYUNDAI,SANTA FE SPORT,2017
5841,HYUNDAI,SANTA FE SPORT,2018
5842,HYUNDAI,SANTA FE XL,2019
5843,HYUNDAI,TUCSON,2014
5844,HYUNDAI,TUCSON,2015
5845,TRIUMPH,TRIDENT,2022
5846,HOLIDAY HOUSE,18RB,2019
5847,HOLIDAY HOUSE,18RB,2020
5848,HOLIDAY HOUSE,18RB,2021
5849,HOLIDAY HOUSE,24TB,2019
5850,HOLIDAY HOUSE,24TB,2020
5851,HOLIDAY HOUSE,24TB,2021
5852,HOLIDAY HOUSE,27RQ,2019
5853,HOLIDAY HOUSE,27RQ,2020
5854,HOLIDAY HOUSE,27RQ,2021
5855,BMW,330I,2022
5856,BMW,530I,2022
5857,BMW,X3,2022
5858,THOR MOTOR COACH,ACE,2022
5859,THOR MOTOR COACH,FREEDOM TRAVELER,2022
5860,THOR MOTOR COACH,HURRICANE,2022
5861,THOR MOTOR COACH,WINDSPORT,2022
5862,LAMBORGHINI,HURACAN,2015
5863,LAMBORGHINI,HURACAN,2016
5864,LAMBORGHINI,HURACAN,2017
5865,FORD,MUSTANG,2016
5866,FORD,MUSTANG,2017
5867,FORD,MUSTANG,2022
5868,VOLKSWAGEN,ATLAS,2020
5869,FORD,EXPLORER,2022
5870,LINCOLN,AVIATOR,2022
5871,FORD,E-350,2022
5872,FORD,E-450,2022
5873,LUCID,AIR,2022
5874,CHEVROLET,CORVETTE,2022
5875,THOR MOTOR COACH,MAGNITUDE,2020
5876,THOR MOTOR COACH,OMNI,2020
5877,AUDI,RS 5,2022
5878,KEYSTONE,COUGAR,2022
5879,TOYOTA,C-HR,2021
5880,TOR,DR-106100,2020
5881,FORD,ESCAPE HYBRID,2021
5882,INFINITI,QX60,2022
5883,MERCEDES-BENZ,AMG EQS 53,2022
5884,LEGEND MANUFACTURING,EV,2022
5885,LEGEND MANUFACTURING,TV,2022
5886,VOLVO,VN,2022
5887,VOLVO,VN,2023
5888,CROSSROADS,SUNSET,2022
5889,BMW,3 SERIES,2006
5890,BMW,3 SERIES,2007
5891,BMW,3 SERIES,2008
5892,BMW,3 SERIES,2009
5893,BMW,3 SERIES,2010
5894,BMW,3 SERIES,2011
5895,BMW,3 SERIES,2012
5896,BMW,5 SERIES,2006
5897,BMW,5 SERIES,2007
5898,BMW,5 SERIES,2008
5899,BMW,5 SERIES,2009
5900,BMW,5 SERIES,2010
5901,BMW,X3 SAV,2007
5902,BMW,X3 SAV,2008
5903,BMW,X3 SAV,2009
5904,BMW,X3 SAV,2010
5905,BMW,X5 SAV,2007
5906,BMW,X5 SAV,2008
5907,BMW,X5 SAV,2009
5908,BMW,X5 SAV,2010
5909,BMW,Z4,2006
5910,BMW,Z4,2007
5911,BMW,Z4,2008
5912,BMW,Z4,2009
5913,BMW,Z4,2010
5914,BMW,Z4,2011
5915,KAWASAKI,W800,2019
5916,KAWASAKI,W800,2022
5917,HYUNDAI,ELANTRA,2022
5918,HYUNDAI,ELANTRA HYBRID,2022
5919,KIA,SORENTO HYBRID,2022
5920,KIA,SORENTO PHEV,2022
5921,HINO,NJ7A,2022
5922,UBCO,2X2 ADV,2021
5923,UBCO,2X2 ADV,2022
5924,TRIPLE E,LIBERO,2010
5925,TRIPLE E,LIBERO,2011
5926,TRIPLE E,LIBERO,2012
5927,TRIPLE E,LIBERO,2013
5928,TRIPLE E,LIBERO,2014
5929,TRIPLE E,SERENITY,2010
5930,TRIPLE E,SERENITY,2011
5931,TRIPLE E,SERENITY,2012
5932,TRIPLE E,SERENITY,2013
5933,TRIPLE E,SERENITY,2014
5934,TRIPLE E,UNITY,2010
5935,TRIPLE E,UNITY,2011
5936,TRIPLE E,UNITY,2012
5937,TRIPLE E,UNITY,2013
5938,TRIPLE E,UNITY,2014
5939,GMC,TERRAIN,2010
5940,GMC,TERRAIN,2011
5941,GMC,TERRAIN,2012
5942,GMC,TERRAIN,2013
5943,GMC,TERRAIN,2014
5944,GMC,TERRAIN,2015
5945,GMC,TERRAIN,2016
5946,GMC,TERRAIN,2017
5947,TEREX,OM,2016
5948,TEREX,OM,2017
5949,TEREX,OM,2018
5950,TEREX,OM,2019
5951,TEREX,OM,2020
5952,TEREX,OM,2021
5953,TEREX,OPTIMA HRX,2016
5954,TEREX,OPTIMA HRX,2017
5955,TEREX,OPTIMA HRX,2018
5956,TEREX,OPTIMA HRX,2019
5957,TEREX,OPTIMA HRX,2020
5958,TEREX,OPTIMA HRX,2021
5959,TEREX,OPTIMA TCX,2016
5960,TEREX,OPTIMA TCX,2017
5961,TEREX,OPTIMA TCX,2018
5962,TEREX,OPTIMA TCX,2019
5963,TEREX,OPTIMA TCX,2020
5964,TEREX,OPTIMA TCX,2021
5965,DODGE,DURANGO,2022
5966,GMC,HUMMER EV PICKUP,2022
5967,KEYSTONE,BULLET,2022
5968,KEYSTONE,CARBON,2022
5969,KEYSTONE,FUZION,2022
5970,KEYSTONE,HIDEOUT,2022
5971,KEYSTONE,IMPACT,2022
5972,KEYSTONE,MONTANA,2022
5973,KEYSTONE,MONTANA HIGH COUNTRY,2022
5974,KEYSTONE,OUTBACK,2022
5975,KEYSTONE,PASSPORT,2022
5976,KEYSTONE,SPRINGDALE,2022
5977,KEYSTONE,SPRINTER,2022
5978,FORD,F-59,2022
5979,VICINITY,VI38,2020
5980,VICINITY,VI38,2021
5981,LINCOLN,CORSAIR,2022
5982,FORD,EXPEDITION,2016
5983,FORD,EXPEDITION,2017
5984,LINCOLN,NAVIGATOR,2016
5985,LINCOLN,NAVIGATOR,2017
5986,FORD,EDGE,2022
5987,VOLKSWAGEN,ATLAS,2022
5988,VOLKSWAGEN,ATLAS,2023
5989,VOLKSWAGEN,ATLAS CROSS SPORT,2022
5990,VOLKSWAGEN,ATLAS CROSS SPORT,2023
5991,THOMAS BUILT BUSES,SAF-T-LINER EFX,2023
5992,JEEP,GRAND CHEROKEE 4XE,2022
5993,AUDI,A6,2022
5994,AUDI,A6 ALLROAD,2022
5995,AUDI,A7,2022
5996,AUDI,RS 7,2022
5997,AUDI,S6,2022
5998,AUDI,S7,2022
5999,WINNEBAGO,MICRO MINNIE,2022
6000,WINNEBAGO,MINNIE,2022
6001,WINNEBAGO,VOYAGE!,2022
6002,KIA,CADENZA,2014
6003,KIA,CADENZA,2015
6004,KIA,CADENZA,2016
6005,HARLEY-DAVIDSON,XL1200X,2022
6006,HARLEY-DAVIDSON,XL883N,2022
6007,KZRV,SPORT TREK,2022
6008,VOLKSWAGEN,GOLF R,2022
6009,VOLKSWAGEN,GTI,2022
6010,INTERNATIONAL,LT,2022
6011,INTERNATIONAL,LT,2023
6012,CHEVROLET,EQUINOX,2014
6013,CHEVROLET,EQUINOX,2015
6014,MERCEDES BENZ,C300,2008
6015,MERCEDES BENZ,C300,2009
6016,MERCEDES BENZ,C350,2008
6017,MERCEDES BENZ,CLK550,2009
6018,MERCEDES BENZ,G550,2014
6019,MERCEDES BENZ,SL550,2007
6020,MERCEDES BENZ,SLK280,2007
6021,MERCEDES BENZ,SLK350,2008
6022,MERCEDES-BENZ,E350,2010
6023,HEARTLAND,LITHIUM,2022
6024,HEARTLAND,PROWLER,2022
6025,HEARTLAND,TRAIL RUNNER,2022
6026,MARION BODY WORKS,INTERNATIONAL SR525,2018
6027,AUDI,RS 7,2014
6028,AUDI,RS 7,2015
6029,AUDI,RS 7,2016
6030,AUDI,RS 7,2017
6031,AUDI,S6,2013
6032,AUDI,S6,2014
6033,AUDI,S6,2015
6034,AUDI,S6,2016
6035,AUDI,S6,2017
6036,AUDI,S7,2013
6037,AUDI,S7,2014
6038,AUDI,S7,2015
6039,AUDI,S7,2016
6040,AUDI,S7,2017
6041,CHRYSLER,PACIFICA,2021
6042,CHRYSLER,PACIFICA,2022
6043,CHRYSLER,VOYAGER,2021
6044,LINCOLN,AVIATOR PHEV,2022
6045,MERCEDES-BENZ,AMG E53,2022
6046,MERCEDES-BENZ,AMG EQS,2022
6047,MERCEDES-BENZ,AMG GT43,2022
6048,MERCEDES-BENZ,AMG GT53,2022
6049,MERCEDES-BENZ,AMG GT63 S,2022
6050,MERCEDES-BENZ,AMG SL55,2022
6051,MERCEDES-BENZ,AMG SL63,2022
6052,MERCEDES-BENZ,C 300,2022
6053,MERCEDES-BENZ,E 350,2022
6054,MERCEDES-BENZ,E 450,2022
6055,FORD,EXPEDITION,2022
6056,FORD,F-450 SD,2022
6057,FORD,F-550 SD,2022
6058,LINCOLN,NAVIGATOR,2022
6059,HYUNDAI,SONATA HYBRID,2020
6060,HYUNDAI,SANTA CRUZ,2022
6061,KIA,SORENTO,2022
6062,MACK,LR ELECTRIC,2021
6063,MACK,LR ELECTRIC,2022
6064,MACK,LR ELECTRIC,2023
6065,WESTERN STAR,4900,2023
6066,TRIUMPH,SPEED TRIPLE RR,2022
6067,TRIUMPH,SPEED TRIPLE RS,2022
6068,BUICK,ENCLAVE,2022
6069,CHEVROLET,TRAVERSE,2022
6070,TEREX,XT PRO,2020
6071,TEREX,XT PRO,2021
6072,TEREX,XT PRO,2022
6073,MERCEDES-MAYBACH,S 580,2021
6074,MERCEDES-MAYBACH,S 580,2022
6075,PIAGGIO,MP3 500,2021
6076,LAND ROVER,RANGE ROVER,2017
6077,LAND ROVER,RANGE ROVER SPORT,2017
6078,LAMBORGHINI,HURACAN,2022
6079,AUDI,R8,2021
6080,AUDI,R8,2022
6081,VOLKSWAGEN,TIGUAN,2019
6082,WESTERN STAR,47X,2021
6083,WESTERN STAR,47X,2023
6084,WESTERN STAR,49X,2020
6085,WESTERN STAR,49X,2023
6086,WESTERN STAR,57X,2021
6087,WESTERN STAR,57X,2022
6088,MERCEDES-BENZ,AMG GLE53,2022
6089,MERCEDES-BENZ,GLE 450,2022
6090,MERCEDES-BENZ,GLS 450,2022
6091,LEXUS,NX250,2022
6092,LEXUS,NX350,2022
6093,LEXUS,NX350H,2022
6094,LEXUS,NX450H+,2022
6095,LEXUS,LS HYBRID,2021
6096,LEXUS,LS HYBRID,2022
6097,LEXUS,LX600,2022
6098,TOYOTA,HIGHLANDER HYBRID,2021
6099,TOYOTA,HIGHLANDER HYBRID,2022
6100,TOYOTA,MIRAI,2021
6101,TOYOTA,MIRAI,2022
6102,TOYOTA,RAV4 HYBRID,2022
6103,TOYOTA,RAV4 PRIME,2022
6104,TOYOTA,SIENNA,2021
6105,TOYOTA,VENZA,2021
6106,TOYOTA,VENZA,2022
6107,BMW,IX,2022
6108,BMW,IX,2023
6109,CROSSROADS,ZINGER,2022
6110,JEEP,COMPASS,2022
6111,FORD,F-450 SD,2019
6112,FORD,F-550 SD,2019
6113,FORD,EXPLORER HYBRID,2020
6114,FORD,EXPLORER HYBRID,2021
6115,FORD,EXPLORER HYBRID,2022
6116,FORD,EXPLORER INTERCEPT HYBRID,2020
6117,FORD,EXPLORER INTERCEPT HYBRID,2021
6118,FORD,EXPLORER PHEV,2020
6119,FORD,EXPLORER PHEV,2021
6120,FORD,EXPLORER PHEV,2022
6121,FORD,EXPLORER POLICE INTERCEPT,2021
6122,HYUNDAI,NEXO,2021
6123,NISSAN,ROGUE,2022
6124,TRIPLE E RV,WONDER,2022
6125,BMW,430I,2022
6126,BMW,M440I,2022
6127,BMW,X5,2022
6128,BMW,X6,2022
6129,BMW,X7,2022
6130,BMW,X7,2023
6131,THOMAS BUILT BUSES,SAF-T-LINER HDX,2023
6132,TIFFIN,ALLEGRO BAY,2022
6133,KENWORTH,W990,2018
6134,KENWORTH,W990,2019
6135,KENWORTH,W990,2020
6136,PETERBILT,330,2020
6137,PETERBILT,389,2020
6138,IC BUS,RE,2022
6139,INTERNATIONAL,HV,2022
6140,INTERNATIONAL,HV,2023
6141,INTERNATIONAL,MV,2022
6142,INTERNATIONAL,MV,2023
6143,IC BUS,RESB,2022
6144,IC BUS,RESB,2023
6145,TOYOTA,TUNDRA,2022
6146,VOLVO,XC40BEV,2021
6147,VOLVO,XC40BEV,2022
6148,KZRV,ESCAPE,2022
6149,KZRV,SPORTSMEN CLASSIC,2022
6150,KZRV,SPORT TREK,2021
6151,TIFFIN,CAHABA,2021
6152,TIFFIN,CAHABA,2022
6153,DRV,FULL HOUSE,2022
6154,DRV,MOBILE SUITES,2022
6155,MACK,GRANITE (GR),2023
6156,KALMAR,OTTAWA T2,2015
6157,KALMAR,OTTAWA T2,2016
6158,KALMAR,OTTAWA T2,2017
6159,KALMAR,OTTAWA T2,2018
6160,KALMAR,OTTAWA T2,2019
6161,KALMAR,OTTAWA T2,2020
6162,KALMAR,OTTAWA T2,2022
6163,THOR MOTOR COACH,CHATEAU,2022
6164,THOR MOTOR COACH,COMPASS,2022
6165,THOR MOTOR COACH,DELANO,2022
6166,THOR MOTOR COACH,FOUR WINDS,2022
6167,THOR MOTOR COACH,GEMINI,2022
6168,THOR MOTOR COACH,GEMINI,2023
6169,THOR MOTOR COACH,GENEVA,2022
6170,THOR MOTOR COACH,QUANTUM,2022
6171,THOR MOTOR COACH,SANCTUARY,2022
6172,THOR MOTOR COACH,SYNERGY,2022
6173,THOR MOTOR COACH,TIBURON,2022
6174,THOR MOTOR COACH,TIBURON,2023
6175,THOR MOTOR COACH,TRANQUILITY,2022
6176,JAYCO,NORTH POINT,2022
6177,JAYCO,PINNACLE,2022
6178,JAYCO,SEISMIC,2022
6179,STARCRAFT,SUPER LITE,2022
6180,STARCRAFT,SUPER LITE MAXX TT,2022
6181,HIGHLAND RIDGE,MESA RIDGE,2022
6182,HIGHLAND RIDGE,MESA RIDGE LITE,2022
6183,HIGHLAND RIDGE,MESA RIDGE XLT,2021
6184,HIGHLAND RIDGE,MESA RIDGE XLT,2022
6185,HIGHLAND RIDGE,OPEN RANGE LIGHT,2022
6186,HIGHLAND RIDGE,OPEN RANGE ROAMER,2021
6187,HIGHLAND RIDGE,OPEN RANGE ROAMER,2022
6188,KIA,FORTE,2022
6189,KIA,RIO,2022
6190,TOYOTA,4RUNNER,2022
6191,TOYOTA,HIGHLANDER,2022
6192,TOYOTA,TACOMA,2022
6193,HYUNDAI,ACCENT,2022
6194,MERCEDES BENZ,AMG R63,2007
6195,MERCEDES BENZ,GL320,2007
6196,MERCEDES BENZ,GL320,2008
6197,MERCEDES BENZ,GL320,2009
6198,MERCEDES BENZ,GL350,2010
6199,MERCEDES BENZ,GL350,2011
6200,MERCEDES BENZ,GL350,2012
6201,MERCEDES BENZ,GL450,2007
6202,MERCEDES BENZ,GL450,2008
6203,MERCEDES BENZ,GL450,2009
6204,MERCEDES BENZ,GL450,2010
6205,MERCEDES BENZ,GL450,2011
6206,MERCEDES BENZ,GL450,2012
6207,MERCEDES BENZ,GL550,2008
6208,MERCEDES BENZ,GL550,2009
6209,MERCEDES BENZ,GL550,2010
6210,MERCEDES BENZ,GL550,2011
6211,MERCEDES BENZ,GL550,2012
6212,MERCEDES BENZ,ML320,2007
6213,MERCEDES BENZ,ML320,2008
6214,MERCEDES BENZ,ML320,2009
6215,MERCEDES BENZ,ML350,2006
6216,MERCEDES BENZ,ML350,2007
6217,MERCEDES BENZ,ML350,2008
6218,MERCEDES BENZ,ML350,2009
6219,MERCEDES BENZ,ML350,2010
6220,MERCEDES BENZ,ML350,2011
6221,MERCEDES BENZ,ML450,2010
6222,MERCEDES BENZ,ML450,2011
6223,MERCEDES BENZ,ML500,2006
6224,MERCEDES BENZ,ML500,2007
6225,MERCEDES BENZ,ML550,2008
6226,MERCEDES BENZ,ML550,2009
6227,MERCEDES BENZ,ML550,2010
6228,MERCEDES BENZ,ML550,2011
6229,MERCEDES BENZ,R320,2007
6230,MERCEDES BENZ,R320,2008
6231,MERCEDES BENZ,R320,2009
6232,MERCEDES BENZ,R500,2006
6233,MERCEDES BENZ,R500,2007
6234,MERCEDES-BENZ,AMG ML63,2007
6235,MERCEDES-BENZ,AMG ML63,2008
6236,MERCEDES-BENZ,AMG ML63,2009
6237,MERCEDES-BENZ,AMG ML63,2010
6238,MERCEDES-BENZ,AMG ML63,2011
6239,MERCEDES-BENZ,R350,2006
6240,MERCEDES-BENZ,R350,2007
6241,MERCEDES-BENZ,R350,2008
6242,MERCEDES-BENZ,R350,2009
6243,MERCEDES-BENZ,R350,2010
6244,MERCEDES-BENZ,R350,2011
6245,MERCEDES-BENZ,R350,2012
6246,MERCEDES-BENZ,R550,2008
6247,TESLA,MODEL 3,2021
6248,RIVIAN,R1T,2022
6249,LAND ROVER,NEW RANGE ROVER,2022
6250,KIA,EV6,2022
6251,NOVA BUS,LFS ARTIC,2013
6252,NOVA BUS,LFS ARTIC,2014
6253,NOVA BUS,LFS ARTIC,2015
6254,NOVA BUS,LFS ARTIC,2022
6255,HYUNDAI,IONIQ 5,2022
6256,BETA,350 RR-S,2022
6257,BETA,390 RR-S,2022
6258,BETA,430 RR-S,2022
6259,BETA,500 RR-S,2022
6260,JEEP,WRANGLER,2022
6261,RICH SPECIALITY TRAILERS,BUNK HOUSE,2017
6262,RICH SPECIALITY TRAILERS,BUNK HOUSE,2018
6263,RICH SPECIALITY TRAILERS,BUNK HOUSE,2019
6264,RICH SPECIALITY TRAILERS,BUNK HOUSE,2020
6265,RICH SPECIALITY TRAILERS,MOVIE,2017
6266,RICH SPECIALITY TRAILERS,MOVIE,2018
6267,RICH SPECIALITY TRAILERS,MOVIE,2019
6268,RICH SPECIALITY TRAILERS,MOVIE,2020
6269,RICH SPECIALITY TRAILERS,OFFICE,2017
6270,RICH SPECIALITY TRAILERS,OFFICE,2018
6271,RICH SPECIALITY TRAILERS,OFFICE,2019
6272,RICH SPECIALITY TRAILERS,OFFICE,2020
6273,RICH SPECIALITY TRAILERS,SANITATION,2017
6274,RICH SPECIALITY TRAILERS,SANITATION,2018
6275,RICH SPECIALITY TRAILERS,SANITATION,2019
6276,RICH SPECIALITY TRAILERS,SANITATION,2020
6277,FORD,F-450 SD,2016
6278,FORD,F-550 SD,2016
6279,FREIGHTLINER,NEW CASCADIA,2020
6280,FREIGHTLINER,NEW CASCADIA,2021
6281,FREIGHTLINER,NEW CASCADIA,2022
6282,FREIGHTLINER,NEW CASCADIA,2023
6283,FCCC,MT50E,2021
6284,FCCC,MT50E,2022
6285,AIRSTREAM,CLASSIC,2022
6286,AIRSTREAM,FLYING CLOUD,2022
6287,AIRSTREAM,GLOBETROTTER,2022
6288,AIRSTREAM,GLOBETROTTER,2023
6289,AIRSTREAM,INTERNATIONAL,2022
6290,AIRSTREAM,INTERNATIONAL,2023
6291,AIRSTREAM,POTTERY BARN,2022
6292,ALTEC,DIGGER DERRICK,2022
6293,CAN-AM,SPYDER F3,2015
6294,CAN-AM,SPYDER F3,2016
6295,CAN-AM,SPYDER F3,2017
6296,CAN-AM,SPYDER F3,2018
6297,CAN-AM,SPYDER F3,2019
6298,CAN-AM,SPYDER RT,2015
6299,CAN-AM,SPYDER RT,2016
6300,CAN-AM,SPYDER RT,2017
6301,CAN-AM,SPYDER RT,2018
6302,CAN-AM,SPYDER RT,2019
6303,HYUNDAI,PALISADE,2022
6304,INTERNATIONAL,CV,2022
6305,CADILLAC,XT4,2022
6306,CHEVROLET,BLAZER,2022
6307,ISUZU,FTR,2022
6308,ISUZU,FVR,2022
6309,CHEVROLET,4500HD,2022
6310,CHEVROLET,5500HD,2022
6311,CHEVROLET,6500HD,2022
6312,MERCEDES-BENZ,AMG GT C,2021
6313,MERCEDES-BENZ,AMG S65,2020
6314,MERCEDES-BENZ,AMG SLC43,2019
6315,MERCEDES-BENZ,GLE 350,2022
6316,MERCEDES-BENZ,GLS 450,2019
6317,IC BUS,CE,2023
6318,IC BUS,EV,2023
6319,IC BUS,1300 FBC,2023
6320,IC BUS,RE,2023
6321,CROSS COUNTRY,CROSS COUNTRY TRAILER,2022
6322,SPARTAN FIRE,FC-94,2023
6323,SPARTAN FIRE,GLADIATOR,2023
6324,SPARTAN FIRE,METROSTAR,2023
6325,CHEVROLET,COLORADO,2022
6326,GMC,CANYON,2022
6327,FCCC,XC CHASSIS,2017
6328,HONDA,CR-V,2020
6329,FORD,E-150,2023
6330,FORD,E-250,2023
6331,FORD,E-350,2023
6332,FORD,E-450,2023
6333,FORD,F-600 SD,2022
6334,OX BODIES,ALUMINIUM,2019
6335,OX BODIES,ALUMINIUM,2020
6336,OX BODIES,ALUMINIUM,2021
6337,OX BODIES,CHIPPER,2019
6338,OX BODIES,CHIPPER,2020
6339,OX BODIES,CHIPPER,2021
6340,OX BODIES,CHISHOLM,2019
6341,OX BODIES,CHISHOLM,2020
6342,OX BODIES,CHISHOLM,2021
6343,OX BODIES,CHISHOLM LITE,2019
6344,OX BODIES,CHISHOLM LITE,2020
6345,OX BODIES,CHISHOLM LITE,2021
6346,OX BODIES,FLAT DUMP,2019
6347,OX BODIES,FLAT DUMP,2020
6348,OX BODIES,FLAT DUMP,2021
6349,OX BODIES,FRONTIER,2019
6350,OX BODIES,FRONTIER,2020
6351,OX BODIES,FRONTIER,2021
6352,OX BODIES,LOAD KING,2019
6353,OX BODIES,LOAD KING,2020
6354,OX BODIES,LOAD KING,2021
6355,OX BODIES,MAVERICK,2019
6356,OX BODIES,MAVERICK,2020
6357,OX BODIES,MAVERICK,2021
6358,OX BODIES,STAMPEDE,2019
6359,OX BODIES,STAMPEDE,2020
6360,OX BODIES,STAMPEDE,2021
6361,OX BODIES,STOCK YARD,2019
6362,OX BODIES,STOCK YARD,2020
6363,OX BODIES,STOCK YARD,2021
6364,OX BODIES,TRAILMAKER,2019
6365,OX BODIES,TRAILMAKER,2020
6366,OX BODIES,TRAILMAKER,2021
6367,OX BODIES,TRASH BODY,2019
6368,OX BODIES,TRASH BODY,2020
6369,OX BODIES,TRASH BODY,2021
6370,ELGIN,REGENX,2018
6371,ELGIN,REGENX,2019
6372,ELGIN,REGENX,2020
6373,ELGIN,REGENX,2021
6374,ELGIN,REGENX,2022
6375,CADILLAC,XT6,2022
6376,FREIGHTLINER,108SD,2023
6377,FREIGHTLINER,114SD,2023
6378,FREIGHTLINER,BUSINESS CLASS M2,2023
6379,KAWASAKI,LX230A,2020
6380,KAWASAKI,LX230A,2021
6381,KAWASAKI,LX230G,2022
6382,OFF GRID TRAILERS,EXPEDITION,2021
6383,OFF GRID TRAILERS,EXPEDITION,2022
6384,OFF GRID TRAILERS,PANDO,2021
6385,OFF GRID TRAILERS,PANDO,2022
6386,OFF GRID TRAILERS,SWITCHBACK,2021
6387,OFF GRID TRAILERS,SWITCHBACK,2022
6388,MACK,LR,2022
6389,PORSCHE,TAYCAN,2022
6390,FCCC,MT45,2023
6391,FCCC,MT45G,2022
6392,FCCC,MT45G,2023
6393,FREIGHTLINER,CASCADIA,2023
6394,FORD,BRONCO,2022
6395,FORD,C-MAX,2016
6396,FORD,C-MAX,2017
6397,FORD,C-MAX,2018
6398,FORD,ESCAPE,2016
6399,FORD,ESCAPE,2017
6400,FORD,ESCAPE,2018
6401,THOMAS BUILT BUSES,SAF-T-LINER C2 JOULEY,2021
6402,THOMAS BUILT BUSES,SAF-T-LINER C2 JOULEY,2022
6403,THOMAS BUILT BUSES,SAF-T-LINER C2 JOULEY,2023
6404,KENTUCKY TRAILER,MV,2014
6405,KENTUCKY TRAILER,MV,2015
6406,KENTUCKY TRAILER,MV,2016
6407,KENTUCKY TRAILER,MV,2017
6408,KENTUCKY TRAILER,MV,2018
6409,KENTUCKY TRAILER,MV,2019
6410,KENTUCKY TRAILER,MV,2020
6411,KENTUCKY TRAILER,MV,2021
6412,KENTUCKY TRAILER,PV,2014
6413,KENTUCKY TRAILER,PV,2015
6414,KENTUCKY TRAILER,PV,2016
6415,KENTUCKY TRAILER,PV,2017
6416,KENTUCKY TRAILER,PV,2018
6417,KENTUCKY TRAILER,PV,2019
6418,KENTUCKY TRAILER,PV,2020
6419,KENTUCKY TRAILER,PV,2021
6420,NISSAN,PATHFINDER,2016
6421,KENWORTH,T180,2022
6422,KENWORTH,T280,2023
6423,PETERBILT,535,2023
6424,KENWORTH,T280,2022
6425,KENWORTH,T380,2022
6426,KENWORTH,T380,2023
6427,PETERBILT,536,2023
6428,PETERBILT,537,2022
6429,PETERBILT,537,2023
6430,DODGE,DURANGO,2018
6431,CADILLAC,XT5,2022
6432,GMC,ACADIA,2022
6433,IC BUS,TC,2022
6434,IC BUS,TC,2023
6435,INTERNATIONAL,HX,2022
6436,INTERNATIONAL,HX,2023
6437,INTERNATIONAL,LONESTAR,2022
6438,INTERNATIONAL,LONESTAR,2023
6439,INTERNATIONAL,RH,2022
6440,INTERNATIONAL,RH,2023
6441,INTERNATIONAL,WORKSTAR,2022
6442,HONDA,RIDGELINE,2006
6443,HONDA,RIDGELINE,2007
6444,HONDA,RIDGELINE,2008
6445,HONDA,RIDGELINE,2009
6446,HONDA,RIDGELINE,2010
6447,HONDA,RIDGELINE,2011
6448,HONDA,RIDGELINE,2012
6449,HONDA,RIDGELINE,2013
6450,HONDA,RIDGELINE,2014
6451,HEARTLAND,BIG COUNTRY,2022
6452,HEARTLAND,BIGHORN,2022
6453,HEARTLAND,CYCLONE,2022
6454,HEARTLAND,ELKRIDGE,2022
6455,HEARTLAND,FUEL,2022
6456,HEARTLAND,GRAVITY,2022
6457,HEARTLAND,LANDMARK,2022
6458,HEARTLAND,MILESTONE,2022
6459,HEARTLAND,NORTH TRAIL,2022
6460,HEARTLAND,PIONEER,2022
6461,HEARTLAND,ROAD WARRIOR,2022
6462,HEARTLAND,SUNDANCE,2022
6463,HEARTLAND,TORQUE,2022
6464,CRUISER,EMBRACE,2022
6465,CRUISER,MPG,2022
6466,CRUISER,RADIANCE ULTRA-LITE,2022
6467,CRUISER,SHADOW CRUISER,2022
6468,CRUISER,STRYKER,2022
6469,CRUISER,TWILIGHT,2022
6470,ISUZU,N-SERIES,2022
6471,TRIPLE E,UNITY,2022
6472,THOMAS BUILT BUSES,SAF-T-LINER C2,2023
6473,SUBARU,SOLTERRA,2023
6474,TOYOTA,BZ4X,2023
6475,TOYOTA,TUNDRA HYBRID,2022
6476,KIA,SORENTO HYBRID,2021
6477,HONDA,GL1800,2020
6478,HONDA,GL1800,2021
6479,HONDA,GL1800,2022
6480,FORD,RANGER,2022
6481,AIRSTREAM,CARAVEL,2022
6482,FORD,F-150 LIGHTNING BEV,2022
6483,NISSAN,FRONTIER,2020
6484,NISSAN,FRONTIER,2021
6485,NISSAN,TITAN,2022
6486,HYUNDAI,VENUE,2020
6487,HYUNDAI,VENUE,2022
6488,HYUNDAI,IONIQ HYBRID,2017
6489,HYUNDAI,IONIQ HYBRID,2018
6490,HYUNDAI,IONIQ PLUG-IN HYBRID,2017
6491,HYUNDAI,IONIQ PLUG-IN HYBRID,2018
6492,FCCC,MT50E,2023
6493,CHEVROLET,SILVERADO 1500,2022
6494,GMC,SIERRA 1500,2022
6495,CUMMINS POWER GENERATION,GENERATOR SET,2022
6496,BUICK,REGAL,2018
6497,BUICK,REGAL,2019
6498,BUICK,REGAL,2020
6499,ALTEC,AT200A,2016
6500,ALTEC,AT200A,2017
6501,ALTEC,AT200A,2018
6502,ALTEC,AT200A,2019
6503,ALTEC,AT200A,2020
6504,ALTEC,AT200A,2021
6505,ALTEC,AT200A,2022
6506,ALTEC,AT30-G,2016
6507,ALTEC,AT30-G,2017
6508,ALTEC,AT30-G,2018
6509,ALTEC,AT30-G,2019
6510,ALTEC,AT30-G,2020
6511,ALTEC,AT30-G,2021
6512,ALTEC,AT30-G,2022
6513,SUBARU,OUTBACK,2022
6514,AUTOCAR,LEGEND,2023
6515,AUTOCAR,XPEDITOR,2023
6516,AUTOCAR,XSPOTTER,2022
6517,AUTOCAR,XSPOTTER,2023
6518,COACHMEN,CATALINA,2020
6519,COACHMEN,CATALINA,2021
6520,COACHMEN,CATALINA,2022
6521,FOREST RIVER,AURORA,2021
6522,FOREST RIVER,AURORA,2022
6523,TOYOTA,4RUNNER,2020
6524,TOYOTA,4RUNNER,2021
6525,BMW,I4,2022
6526,SUBARU,LEGACY,2021
6527,BIG TEX,16GN,2003
6528,BIG TEX,16GN,2004
6529,BIG TEX,16GN,2005
6530,BIG TEX,16GN,2006
6531,BIG TEX,16GN,2007
6532,BIG TEX,16GN,2008
6533,BIG TEX,16GN,2009
6534,BIG TEX,16GN,2010
6535,BIG TEX,16GN,2011
6536,BIG TEX,16GN,2012
6537,BIG TEX,16GN,2013
6538,BIG TEX,16GN,2014
6539,BIG TEX,16GN,2015
6540,BIG TEX,16GN,2016
6541,BIG TEX,16GN,2017
6542,BIG TEX,16GN,2018
6543,BIG TEX,16GN,2019
6544,BIG TEX,16GN,2020
6545,BIG TEX,16GN,2021
6546,BIG TEX,16GN,2022
6547,BIG TEX,16GN,2023
6548,VERMEER,BC1800XL,2022
6549,CAN-AM,RYKER,2022
6550,CHRYSLER,300,2022
6551,DODGE,CHALLENGER,2022
6552,DODGE,CHARGER,2022
6553,THOMAS BUILT BUSES,SAF-T-LINER EFX,2014
6554,THOMAS BUILT BUSES,SAF-T-LINER EFX,2015
6555,THOMAS BUILT BUSES,SAF-T-LINER EFX,2016
6556,THOMAS BUILT BUSES,SAF-T-LINER EFX,2017
6557,THOMAS BUILT BUSES,SAF-T-LINER EFX,2018
6558,TIFFIN,ALLEGRO,2023
6559,TIFFIN,ALLEGRO RED,2023
6560,BMW,228I,2022
6561,BMW,X1,2022
6562,VOLKSWAGEN,GLI,2021
6563,VOLKSWAGEN,GTI,2021
6564,VOLKSWAGEN,JETTA,2022
6565,TOYOTA,RAV4,2022
6566,TOYOTA,TACOMA,2023
6567,SUBARU,WRX,2015
6568,SUBARU,WRX,2016
6569,SUBARU,WRX,2017
6570,SUBARU,WRX,2020
6571,SUBARU,WRX,2021
6572,LAND ROVER,DEFENDER,2023
6573,LAND ROVER,DISCOVERY,2022
6574,LAND ROVER,DISCOVERY,2023
6575,LAND ROVER,DISCOVERY SPORT,2022
6576,LAND ROVER,DISCOVERY SPORT,2023
6577,LAND ROVER,RANGE ROVER VELAR,2022
6578,JAGUAR,F-PACE,2022
6579,JAGUAR,XF,2022
6580,EMBER,OVERLAND SERIES,2022
6581,THOMAS BUILT BUSES,MINOTOUR SRW,2019
6582,THOMAS BUILT BUSES,MINOTOUR SRW,2020
6583,THOMAS BUILT BUSES,MINOTOUR SRW,2021
6584,THOMAS BUILT BUSES,MINOTOUR SRW,2022
6585,THOMAS BUILT BUSES,MINOTOUR SRW,2023
6586,FERRARI,430,2005
6587,FERRARI,430,2006
6588,FERRARI,430,2007
6589,FERRARI,430,2008
6590,FERRARI,430,2009
6591,FERRARI,488 PISTA,2019
6592,FERRARI,488 PISTA,2020
6593,FERRARI,612,2010
6594,FERRARI,612,2011
6595,FERRARI,612 SCAGLIETTI,2005
6596,FERRARI,612 SCAGLIETTI,2006
6597,FERRARI,612 SCAGLIETTI,2007
6598,FERRARI,612 SCAGLIETTI,2008
6599,FERRARI,612 SCAGLIETTI,2009
6600,FERRARI,612 SCAGLIETTI,2010
6601,FERRARI,612 SCAGLIETTI,2011
6602,FERRARI,812,2018
6603,FERRARI,812,2019
6604,FERRARI,812,2020
6605,FERRARI,812,2021
6606,FERRARI,812,2022
6607,FERRARI,CALIFORNIA,2012
6608,FERRARI,CALIFORNIA,2013
6609,FERRARI,CALIFORNIA,2014
6610,FERRARI,CALIFORNIA,2015
6611,FERRARI,CALIFORNIA,2016
6612,FERRARI,CALIFORNIA,2017
6613,FERRARI,CALIFORNIA T,2015
6614,FERRARI,CALIFORNIA T,2016
6615,FERRARI,CALIFORNIA T,2017
6616,FERRARI,F12 BERLINETTA,2013
6617,FERRARI,F12 BERLINETTA,2014
6618,FERRARI,F12 BERLINETTA,2015
6619,FERRARI,F12 BERLINETTA,2016
6620,FERRARI,F12 BERLINETTA,2017
6621,FERRARI,F12 TDF,2017
6622,FERRARI,F60 AMERICA,2016
6623,FERRARI,F8 SPIDER,2020
6624,FERRARI,F8 SPIDER,2021
6625,FERRARI,F8 SPIDER,2022
6626,FERRARI,F8 TRIBUTO,2020
6627,FERRARI,F8 TRIBUTO,2021
6628,FERRARI,F8 TRIBUTO,2022
6629,FERRARI,FF,2012
6630,FERRARI,FF,2013
6631,FERRARI,FF,2014
6632,FERRARI,FF,2015
6633,FERRARI,FF,2016
6634,FERRARI,GTC4LUSSO,2018
6635,FERRARI,GTC4LUSSO,2019
6636,FERRARI,GTC4LUSSO,2020
6637,FERRARI,GTC4LUSSO T,2018
6638,FERRARI,GTC4LUSSO T,2019
6639,FERRARI,LAFERRARI,2013
6640,FERRARI,LAFERRARI,2014
6641,FERRARI,LAFERRARI,2015
6642,FERRARI,LAFERRARI APERTA,2017
6643,FERRARI,PORTOFINO,2019
6644,FERRARI,PORTOFINO,2020
6645,FERRARI,PORTOFINO,2021
6646,FERRARI,PORTOFINO,2022
6647,FERRARI,ROMA,2021
6648,FERRARI,ROMA,2022
6649,MICRO BIRD,G5 SCHOOL BUS,2022
6650,MICRO BIRD,MB II SCHOOL BUS,2022
6651,MICRO BIRD,T-SERIES SCHOOL BUS,2022
6652,AUDI,R8,2016
6653,VOLKSWAGEN,E-GOLF,2016
6654,VOLKSWAGEN,GOLF,2016
6655,VOLKSWAGEN,GOLF R,2016
6656,VOLKSWAGEN,GOLF SPORTWAGEN,2016
6657,VOLKSWAGEN,GTI,2016
6658,KENWORTH,C500,2022
6659,KENWORTH,C500,2023
6660,KENWORTH,T170,2022
6661,KENWORTH,T170,2023
6662,KENWORTH,T270,2022
6663,KENWORTH,T270,2023
6664,KENWORTH,T370,2022
6665,KENWORTH,T370,2023
6666,KENWORTH,T440,2022
6667,KENWORTH,T440,2023
6668,KENWORTH,T470,2022
6669,KENWORTH,T470,2023
6670,KENWORTH,T480,2022
6671,KENWORTH,T480,2023
6672,KENWORTH,T680,2023
6673,KENWORTH,T800B,2022
6674,KENWORTH,T800B,2023
6675,KENWORTH,T880,2023
6676,KENWORTH,W900,2023
6677,KENWORTH,W990,2022
6678,KENWORTH,W990,2023
6679,PETERBILT,325,2022
6680,PETERBILT,325,2023
6681,PETERBILT,330,2022
6682,PETERBILT,330,2023
6683,PETERBILT,337,2022
6684,PETERBILT,337,2023
6685,PETERBILT,348,2022
6686,PETERBILT,348,2023
6687,PETERBILT,365,2022
6688,PETERBILT,365,2023
6689,PETERBILT,367,2022
6690,PETERBILT,367,2023
6691,PETERBILT,389,2022
6692,PETERBILT,389,2023
6693,PETERBILT,520,2022
6694,PETERBILT,520,2023
6695,PETERBILT,548,2022
6696,PETERBILT,548,2023
6697,PETERBILT,567,2023
6698,PETERBILT,579,2023
6699,NISSAN,ROGUE HYBRID,2017
6700,NISSAN,ROGUE HYBRID,2018
6701,NISSAN,ROGUE HYBRID,2019
6702,KZRV,CONFLUENCE,2023
6703,KZRV,CONNECT,2023
6704,KZRV,DURANGO,2023
6705,KZRV,DURANGO GOLD,2023
6706,KZRV,SONIC,2023
6707,KZRV,SPORTSMEN,2023
6708,KZRV,SPORTSMEN CLASSIC,2023
6709,KZRV,SPORTSTER,2023
6710,KZRV,SPORTTREK,2023
6711,KZRV,SPREE ESCAPE,2022
6712,KZRV,SPREE ESCAPE,2023
6713,KZRV,VENOM,2023
6714,FCCC,S2C 106CAB,2023
6715,FCCC,S2RV 106CAB,2023
6716,FCCC,XCM,2023
6717,WESTERN STAR,4700,2023
6718,KIA,OPTIMA,2012
6719,MITSUBISHI,OUTLANDER SPORT,2019
6720,MITSUBISHI,OUTLANDER SPORT,2020
6721,MITSUBISHI,OUTLANDER SPORT,2021
6722,MITSUBISHI,OUTLANDER SPORT,2022
6723,DELCO TRAILERS,C-SERIES,2021
6724,DELCO TRAILERS,C-SERIES,2022
6725,DELCO TRAILERS,D-SERIES,2021
6726,DELCO TRAILERS,D-SERIES,2022
6727,DELCO TRAILERS,F-SERIES,2021
6728,DELCO TRAILERS,F-SERIES,2022
6729,TIFFIN,MIDAS,2022
6730,PLEASURE WAY,PLATEAU,2021
6731,PLEASURE WAY,PLATEAU,2022
6732,BWISE,DUMP TRAILER,2021
6733,BWISE,DUMP TRAILER,2022
6734,BWISE,DUMP TRAILER,2023
6735,HUSQVARNA,701 ENDURO,2019
6736,HUSQVARNA,701 ENDURO,2020
6737,HUSQVARNA,701 ENDURO,2021
6738,HUSQVARNA,FE 250,2019
6739,HUSQVARNA,FE 350,2019
6740,HUSQVARNA,FE 350S,2020
6741,HUSQVARNA,FE 350S,2021
6742,HUSQVARNA,FE 350S,2023
6743,HUSQVARNA,FE 450,2019
6744,HUSQVARNA,FE 501,2019
6745,HUSQVARNA,FE 501S,2020
6746,HUSQVARNA,FE 501S,2021
6747,HUSQVARNA,FE 501S,2023
6748,KTM,1090 ADVENTURE R,2019
6749,KTM,1290 SUPER ADVENTURE R,2019
6750,KTM,1290 SUPER ADVENTURE R,2020
6751,KTM,250 EXC-F,2019
6752,KTM,350 EXC-F,2019
6753,KTM,350 EXC-F,2020
6754,KTM,350 EXC-F,2021
6755,KTM,350 EXC-F,2022
6756,KTM,350 EXC-F,2023
6757,KTM,450 EXC-F,2019
6758,KTM,500 EXC-F,2019
6759,KTM,500 EXC-F,2020
6760,KTM,500 EXC-F,2021
6761,KTM,500 EXC-F,2022
6762,KTM,500 EXC-F,2023
6763,KTM,690 ENDURO R,2021
6764,KTM,690 ENDURO R,2022
6765,KTM,890 ADVENTURE R,2021
6766,KTM,890 ADVENTURE R,2022
6767,KTM,890 ADVENTURE R RALLY,2021
6768,TIFFIN,ALLEGRO BREEZE,2023
6769,TIFFIN,ALLEGRO BUS,2023
6770,TIFFIN,PHAETON,2023
6771,TIFFIN,ZEPHYR,2022
6772,PIERCE,ARROW XT,2022
6773,PIERCE,DASH CF,2021
6774,PIERCE,DASH CF,2022
6775,PIERCE,ENFORCER,2022
6776,PIERCE,IMPEL,2021
6777,PIERCE,IMPEL,2022
6778,PIERCE,QUANTUM,2022
6779,PIERCE,VELOCITY,2022
6780,AIRSTREAM,ATLAS,2022
6781,AIRSTREAM,BAMBI,2021
6782,AIRSTREAM,BAMBI,2022
6783,AIRSTREAM,BASECAMP,2021
6784,AIRSTREAM,BASECAMP,2022
6785,AIRSTREAM,INTERSTATE,2022
6786,AIRSTREAM,INTERSTATE NINETEEN,2021
6787,AIRSTREAM,INTERSTATE NINETEEN,2022
6788,GLOBAL ENVIRONMENTAL PROD,M4,2021
6789,GLOBAL ENVIRONMENTAL PROD,M4,2022
6790,GLOBAL ENVIRONMENTAL PROD,M4 CNG,2021
6791,GLOBAL ENVIRONMENTAL PROD,M4 CNG,2022
6792,GLOBAL ENVIRONMENTAL PROD,M4 HSD,2021
6793,GLOBAL ENVIRONMENTAL PROD,M4 HSD,2022
6794,GLOBAL ENVIRONMENTAL PROD,R4,2021
6795,GLOBAL ENVIRONMENTAL PROD,R4,2022
6796,CRANE,LET2,2022
6797,CRANE CARRIER,LNT,2021
6798,CRANE CARRIER,LNT,2022
6799,DUTCHMEN,ASPEN TRAIL,2022
6800,DUTCHMEN,COLEMAN,2022
6801,DUTCHMEN,COLORADO,2022
6802,DUTCHMEN,VOLTAGE,2022
6803,DUTCHMEN,YUKON,2022
6804,KEYSTONE,BULLET,2023
6805,KEYSTONE,RETREAT,2022
6806,MACK,MD,2023
6807,THOR MOTOR COACH,CHATEAU,2023
6808,THOR MOTOR COACH,FOUR WINDS,2023
6809,THOR MOTOR COACH,QUANTUM,2023
6810,KIA,SORENTO,2016
6811,ALTEC,AERIAL DEVICE,2022
6812,BMW,540D,2018
6813,LEXUS,RC F,2020
6814,LEXUS,RC F,2021
6815,LEXUS,RC F,2022
6816,PLEASURE WAY,ASCENT,2021
6817,PLEASURE WAY,ASCENT,2022
6818,PLEASURE WAY,ONTOUR,2021
6819,PLEASURE WAY,ONTOUR,2022
6820,PLEASURE WAY,REKON,2021
6821,PLEASURE WAY,REKON,2022
6822,PLEASURE WAY,TOFINO,2022
6823,CADILLAC,ESCALADE,2022
6824,CADILLAC,ESCALADE ESV,2022
6825,CHEVROLET,SUBURBAN,2022
6826,CHEVROLET,TAHOE,2022
6827,GMC,YUKON,2022
6828,GMC,YUKON XL,2022
6829,CHRYSLER,VOYAGER,2022
6830,ROSENBAUER,COMMANDER,2022
6831,ROSENBAUER,COMMERCIAL M2-106,2023
6832,HYUNDAI,PALISADE,2020
6833,KENWORTH,K270,2023
6834,KENWORTH,K370,2023
6835,PETERBILT,220,2023
6836,HYUNDAI,ELANTRA,2023
6837,HYUNDAI,ELANTRA N,2022
6838,INDIAN,CHIEF,2014
6839,INDIAN,CHIEF CLASSIC,2015
6840,INDIAN,CHIEFTAIN,2014
6841,INDIAN,CHIEFTAIN,2015
6842,INDIAN,CHIEFTAIN,2016
6843,INDIAN,CHIEFTAIN,2017
6844,INDIAN,CHIEFTAIN,2018
6845,INDIAN,CHIEFTAIN CLASSIC,2018
6846,INDIAN,CHIEFTAIN CLASSIC,2019
6847,INDIAN,CHIEFTAIN DARK HORSE,2016
6848,INDIAN,CHIEFTAIN DARK HORSE,2017
6849,INDIAN,CHIEFTAIN DARK HORSE,2018
6850,INDIAN,CHIEFTAIN LIMITED,2017
6851,INDIAN,CHIEFTAIN LIMITED,2018
6852,INDIAN,CHIEF VINTAGE,2015
6853,INDIAN,CHIEF VINTAGE,2016
6854,INDIAN,CHIEF VINTAGE,2017
6855,INDIAN,CHIEF VINTAGE,2018
6856,INDIAN,CHIEF VINTAGE,2019
6857,INDIAN,CHIEF VINTAGE,2020
6858,INDIAN,SPRINGFIELD,2016
6859,INDIAN,SPRINGFIELD,2017
6860,INDIAN,SPRINGFIELD,2018
6861,INDIAN,SPRINGFIELD,2019
6862,INDIAN,SPRINGFIELD,2020
6863,INDIAN,FTR1200,2019
6864,INDIAN,FTR1200,2020
6865,INDIAN,FTR1200,2022
6866,INDIAN,FTR 1200 RALLY,2020
6867,INDIAN,FTR 1200 S,2019
6868,INDIAN,FTR 1200 S,2020
6869,NEW FLYER,XD40,2021
6870,NEW FLYER,XD40,2022
6871,NEW FLYER,XD60,2021
6872,NEW FLYER,XD60,2022
6873,NEW FLYER,XDE40,2021
6874,NEW FLYER,XDE40,2022
6875,NEW FLYER,XE40,2022
6876,NEW FLYER,XN35,2022
6877,NEW FLYER,XN40,2022
6878,NEW FLYER,XN60,2021
6879,JEEP,GLADIATOR,2022
6880,CHEVROLET,SPARK,2013
6881,CHEVROLET,SPARK,2014
6882,CHEVROLET,SPARK,2015
6883,CHEVROLET,SPARK EV,2014
6884,CHEVROLET,SPARK EV,2015
6885,RIVIAN,R1S,2022
6886,FORD,F-450 SD,2017
6887,FORD,F-450 SD,2018
6888,LINCOLN,CONTINENTAL,2017
6889,LINCOLN,CONTINENTAL,2018
6890,LINCOLN,CONTINENTAL,2019
6891,LINCOLN,CONTINENTAL,2020
6892,HINO,NJ7A,2023
6893,HINO,NV7A,2023
6894,FORD,EXPEDITION,2015
6895,LINCOLN,NAVIGATOR,2015
6896,KIA,SPORTAGE,2023
6897,AUDI,RS 3,2022
6898,WESTERN STAR,47X,2020
6899,FLEETWOOD,BOUNDER,2022
6900,FLEETWOOD,BOUNDER,2023
6901,FLEETWOOD,DISCOVERY,2022
6902,FLEETWOOD,DISCOVERY,2023
6903,FLEETWOOD,DISCOVERY LXE,2022
6904,FLEETWOOD,DISCOVERY LXE,2023
6905,FLEETWOOD,FLAIR,2022
6906,FLEETWOOD,FLAIR,2023
6907,FLEETWOOD,FLEX,2023
6908,FLEETWOOD,FORTIS,2022
6909,FLEETWOOD,FORTIS,2023
6910,FLEETWOOD,FRONTIER,2022
6911,FLEETWOOD,FRONTIER,2023
6912,FLEETWOOD,JAMBOREE,2018
6913,FLEETWOOD,JAMBOREE,2019
6914,FLEETWOOD,PACE ARROW,2022
6915,FLEETWOOD,SOUTHWIND,2022
6916,FLEETWOOD,SOUTHWIND,2023
6917,HOLIDAY RAMBLER,ADMIRAL,2022
6918,HOLIDAY RAMBLER,ADMIRAL,2023
6919,HOLIDAY RAMBLER,ARMADA,2022
6920,HOLIDAY RAMBLER,ARMADA,2023
6921,HOLIDAY RAMBLER,AUGUSTA,2019
6922,HOLIDAY RAMBLER,ECLIPSE,2023
6923,HOLIDAY RAMBLER,ENDEAVOR,2022
6924,HOLIDAY RAMBLER,INVICTA,2022
6925,HOLIDAY RAMBLER,INVICTA,2023
6926,HOLIDAY RAMBLER,NAUTICA,2022
6927,HOLIDAY RAMBLER,NAUTICA,2023
6928,HOLIDAY RAMBLER,NAVIGATOR,2022
6929,HOLIDAY RAMBLER,NAVIGATOR,2023
6930,HOLIDAY RAMBLER,VACATIONER,2022
6931,HOLIDAY RAMBLER,VACATIONER,2023
6932,HOLIDAY RAMBLER,VESTA,2018
6933,PORSCHE,BOXSTER,2001
6934,PORSCHE,BOXSTER,2002
6935,PORSCHE,BOXSTER,2003
6936,PORSCHE,BOXSTER,2004
6937,PORSCHE,BOXSTER S,2001
6938,PORSCHE,BOXSTER S,2002
6939,PORSCHE,BOXSTER S,2003
6940,PORSCHE,BOXSTER S,2004
6941,PORSCHE,CAYENNE,2003
6942,PORSCHE,CAYENNE,2004
6943,PORSCHE,CAYENNE,2005
6944,PORSCHE,CAYENNE,2006
6945,PORSCHE,CAYENNE,2008
6946,PORSCHE,CAYENNE,2009
6947,PORSCHE,CAYENNE,2010
6948,PORSCHE,CAYENNE,2011
6949,PORSCHE,CAYENNE,2012
6950,PORSCHE,CAYENNE,2013
6951,PORSCHE,CAYENNE,2014
6952,PORSCHE,CAYENNE,2016
6953,PORSCHE,CAYENNE,2017
6954,PORSCHE,CAYENNE DIESEL,2013
6955,PORSCHE,CAYENNE DIESEL,2014
6956,PORSCHE,CAYENNE DIESEL,2015
6957,PORSCHE,CAYENNE GTS,2008
6958,PORSCHE,CAYENNE GTS,2009
6959,PORSCHE,CAYENNE GTS,2010
6960,PORSCHE,CAYENNE GTS,2013
6961,PORSCHE,CAYENNE GTS,2014
6962,PORSCHE,CAYENNE GTS,2016
6963,PORSCHE,CAYENNE S,2003
6964,PORSCHE,CAYENNE S,2004
6965,PORSCHE,CAYENNE S,2005
6966,PORSCHE,CAYENNE S,2006
6967,PORSCHE,CAYENNE S,2008
6968,PORSCHE,CAYENNE S,2009
6969,PORSCHE,CAYENNE S,2011
6970,PORSCHE,CAYENNE S,2012
6971,PORSCHE,CAYENNE S,2013
6972,PORSCHE,CAYENNE S,2014
6973,PORSCHE,CAYENNE S,2015
6974,PORSCHE,CAYENNE S E-HYBRID,2015
6975,PORSCHE,CAYENNE S HYBRID,2011
6976,PORSCHE,CAYENNE S HYBRID,2012
6977,PORSCHE,CAYENNE S HYBRID,2013
6978,PORSCHE,CAYENNE S HYBRID,2014
6979,PORSCHE,CAYENNE TRANSSYBERIA,2010
6980,PORSCHE,CAYENNE TURBO,2006
6981,PORSCHE,CAYENNE TURBO,2008
6982,PORSCHE,CAYENNE TURBO,2009
6983,PORSCHE,CAYENNE TURBO,2010
6984,PORSCHE,CAYENNE TURBO,2011
6985,PORSCHE,CAYENNE TURBO,2012
6986,PORSCHE,CAYENNE TURBO,2013
6987,PORSCHE,CAYENNE TURBO,2014
6988,PORSCHE,CAYENNE TURBO,2015
6989,PORSCHE,CAYENNE TURBO S,2006
6990,PORSCHE,CAYENNE TURBO S,2009
6991,PORSCHE,CAYENNE TURBO S,2010
6992,PORSCHE,CAYENNE TURBO S,2014
6993,PORSCHE,CAYENNE TURBO S,2016
6994,PORSCHE,CAYMAN S,2014
6995,PORSCHE,MACAN,2020
6996,PORSCHE,PANAMERA,2011
6997,PORSCHE,PANAMERA,2012
6998,PORSCHE,PANAMERA,2013
6999,PORSCHE,PANAMERA,2014
7000,PORSCHE,PANAMERA,2015
7001,PORSCHE,PANAMERA,2016
7002,PORSCHE,PANAMERA 4,2011
7003,PORSCHE,PANAMERA 4,2012
7004,PORSCHE,PANAMERA 4,2013
7005,PORSCHE,PANAMERA 4,2014
7006,PORSCHE,PANAMERA 4,2015
7007,PORSCHE,PANAMERA 4,2016
7008,PORSCHE,PANAMERA 4S,2010
7009,PORSCHE,PANAMERA 4S,2011
7010,PORSCHE,PANAMERA 4S,2012
7011,PORSCHE,PANAMERA 4S,2013
7012,PORSCHE,PANAMERA 4S,2014
7013,PORSCHE,PANAMERA 4S,2015
7014,PORSCHE,PANAMERA 4S,2016
7015,PORSCHE,PANAMERA GTS,2013
7016,PORSCHE,PANAMERA GTS,2014
7017,PORSCHE,PANAMERA GTS,2015
7018,PORSCHE,PANAMERA GTS,2016
7019,PORSCHE,PANAMERA S,2010
7020,PORSCHE,PANAMERA S,2011
7021,PORSCHE,PANAMERA S,2012
7022,PORSCHE,PANAMERA S,2013
7023,PORSCHE,PANAMERA S,2014
7024,PORSCHE,PANAMERA S,2015
7025,PORSCHE,PANAMERA S,2016
7026,PORSCHE,PANAMERA S E-HYBRID,2015
7027,PORSCHE,PANAMERA S E-HYBRID,2016
7028,PORSCHE,PANAMERA S HYBRID,2012
7029,PORSCHE,PANAMERA S HYBRID,2013
7030,PORSCHE,PANAMERA S HYBRID,2014
7031,PORSCHE,PANAMERA TURBO,2010
7032,PORSCHE,PANAMERA TURBO,2011
7033,PORSCHE,PANAMERA TURBO,2012
7034,PORSCHE,PANAMERA TURBO,2013
7035,PORSCHE,PANAMERA TURBO,2014
7036,PORSCHE,PANAMERA TURBO,2015
7037,PORSCHE,PANAMERA TURBO,2016
7038,PORSCHE,PANAMERA TURBO S,2012
7039,PORSCHE,PANAMERA TURBO S,2013
7040,PORSCHE,PANAMERA TURBO S,2014
7041,PORSCHE,PANAMERA TURBO S,2015
7042,PORSCHE,PANAMERA TURBO S,2016
7043,JAYCO,WHITE HAWK,2022
7044,JAYCO,WHITE HAWK,2023
7045,HONDA,CRF1100 AFRICA TWIN,2020
7046,HONDA,CRF1100 AFRICA TWIN,2021
7047,VAC-TRON,AIR533SDT,2014
7048,VAC-TRON,AIR535SDT,2014
7049,VAC-TRON,AIR555SDT,2001
7050,VAC-TRON,AIR555SDT,2002
7051,VAC-TRON,AIR555SDT,2003
7052,VAC-TRON,AIR555SDT,2004
7053,VAC-TRON,AIR555SDT,2005
7054,VAC-TRON,AIR555SDT,2006
7055,VAC-TRON,AIR555SDT,2007
7056,VAC-TRON,AIR555SDT,2008
7057,VAC-TRON,AIR555SDT,2009
7058,VAC-TRON,AIR555SDT,2010
7059,VAC-TRON,AIR555SDT,2011
7060,VAC-TRON,AIR555SDT,2012
7061,VAC-TRON,AIR555SDT,2013
7062,VAC-TRON,AIR753SDT,2017
7063,VAC-TRON,AIR833SDT,2014
7064,VAC-TRON,AIR833SDT,2015
7065,VAC-TRON,AIR835SDT,2013
7066,VAC-TRON,AIR855SDT,2010
7067,VAC-TRON,AIR855SDT,2011
7068,VAC-TRON,AIR855SDT,2012
7069,VAC-TRON,AIR855SDT,2013
7070,VAC-TRON,AIR873SDT,2017
7071,VAC-TRON,AIR873SDT,2018
7072,VAC-TRON,AIR873SDT,2019
7073,VAC-TRON,AIRSDT,2020
7074,ENTEGRA,ANTHEM,2022
7075,ENTEGRA,ANTHEM,2023
7076,ENTEGRA,ASPIRE,2022
7077,ENTEGRA,ASPIRE,2023
7078,ENTEGRA,CORNERSTONE,2022
7079,ENTEGRA,CORNERSTONE,2023
7080,ENTEGRA,REATTA,2022
7081,ENTEGRA,REATTA XL,2022
7082,JAYCO,EMBARK,2022
7083,JAYCO,EMBARK,2023
7084,DUTCHMEN,ASPEN TRAIL,2023
7085,DUTCHMEN,COLEMAN,2023
7086,DUTCHMEN,KODIAK,2023
7087,ALAMO GROUP,ALLJETVAC,2019
7088,ALAMO GROUP,ALLJETVAC,2020
7089,ALAMO GROUP,ALLJETVAC,2021
7090,ALAMO GROUP,ALLJETVAC,2022
7091,NISSAN,TITAN,2023
7092,BMW,CE 04,2022
7093,TEREX,TL,2019
7094,TEREX,TL,2020
7095,TEREX,TL,2021
7096,TEREX,TL,2022
7097,MERCEDES-BENZ,GLE 400 E,2021
7098,BMW,745E,2022
7099,FORD,BRONCO SPORT,2023
7100,INTERNATIONAL,HX,2018
7101,INTERNATIONAL,HX,2019
7102,INTERNATIONAL,RH,2018
7103,NISSAN,KICKS,2021
7104,KIA,SORENTO,2017
7105,KIA,SORENTO,2018
7106,KIA,SORENTO,2019
7107,KIA,SORENTO,2020
7108,KIA,SORENTO HYBRID,2023
7109,KIA,SORENTO PHEV,2023
7110,KIA,SPORTAGE,2022
7111,DUCATI,HYPERMOTARD 939,2016
7112,DUCATI,HYPERMOTARD 939,2017
7113,DUCATI,HYPERMOTARD 939,2018
7114,DUCATI,HYPERSTRADA 939,2016
7115,DUCATI,HYPERSTRADA 939,2017
7116,DUCATI,HYPERSTRADA 939,2018
7117,VOLKSWAGEN,GOLF R,2023
7118,VOLKSWAGEN,GTI,2023
7119,CADILLAC,XT5,2023
7120,CADILLAC,XT6,2023
7121,GMC,ACADIA,2023
7122,CADILLAC,LYRIQ,2023
7123,SUBARU,IMPREZA,2022
7124,MICRO BIRD,G5 TRANSIT BUS,2022
7125,MICRO BIRD,G5 SCHOOL BUS,2023
7126,MICRO BIRD,MB II SCHOOL BUS,2023
7127,DOOSAN,PORTABLE AIR COMPRESSOR,2021
7128,DOOSAN,PORTABLE AIR COMPRESSOR,2022
7129,LIGHTNING EMOTORS,FE4,2022
7130,LIGHTNING EMOTORS,FT3,2022
7131,ROLLS-ROYCE,PHANTOM,2023
7132,WESTERN STAR,6900,2023
7133,DODGE,JOURNEY,2017
7134,DODGE,JOURNEY,2018
7135,CHEVROLET,EQUINOX,2023
7136,GMC,TERRAIN,2022
7137,KEYSTONE,ALPINE,2021
7138,KEYSTONE,ALPINE,2023
7139,KEYSTONE,AVALANCHE,2021
7140,KEYSTONE,AVALANCHE,2023
7141,KEYSTONE,FUZION,2023
7142,KEYSTONE,IMPACT,2023
7143,CROSSROADS,REDWOOD,2021
7144,CROSSROADS,REDWOOD,2022
7145,FOREST RIVER,OZARK,2021
7146,FOREST RIVER,OZARK,2022
7147,FOREST RIVER,SALEM,2022
7148,FOREST RIVER,WILDWOOD,2022
7149,FORD,F53,2020
7150,FORD,F53,2021
7151,MERCEDES-BENZ,GLS 580,2022
7152,GREAT DANE,CHAMPION,2023
7153,GREAT DANE,EVEREST,2023
7154,CONTRACT MANUFACTURER,EQ14-17+3,2023
7155,CONTRACT MANUFACTURER,EQ16-17+3,2023
7156,CONTRACT MANUFACTURER,TH10-20BK4CR,2023
7157,CONTRACT MANUFACTURER,TU10-20BK4CR,2023
7158,RIVIAN,EDV,2022
7159,HARLEY-DAVIDSON,RH975,2022
7160,HYUNDAI,KONA N,2022
7161,HYUNDAI,VELOSTER N,2021
7162,HYUNDAI,VELOSTER N,2022
7163,BMW,330E,2023
7164,NEWMAR,DUTCH STAR,2023
7165,BMW,M 1000 RR,2022
7166,BMW,S 1000 R,2022
7167,BMW,S 1000 R,2023
7168,BMW,S 1000 RR,2022
7169,BMW,S 1000 XR,2022
7170,BMW,S 1000 XR,2023
7171,AUDI,Q5 SPORTBACK,2023
7172,ELGIN SWEEPER,CROSSWIND 1 (PB 220),2020
7173,ELGIN SWEEPER,CROSSWIND 1 (PB 220),2021
7174,ELGIN SWEEPER,CROSSWIND 1 (PB 220),2022
7175,ELGIN SWEEPER,CROSSWIND 1 (PB 220),2023
7176,WABASH NATIONAL,RFALHSA,2020
7177,WABASH NATIONAL,RFALHSA,2021
7178,WABASH NATIONAL,RFALHSA,2022
7179,WABASH NATIONAL,RFALHSA,2023
7180,KIA,K5,2023
7181,SCHWARZE,A9SE MONSOON,2021
7182,SCHWARZE,A9SE MONSOON,2022
7183,THOMAS BUILT BUSES,SAF-T-LINER EFX,2011
7184,THOMAS BUILT BUSES,SAF-T-LINER EFX,2012
7185,THOMAS BUILT BUSES,SAF-T-LINER EFX,2013
7186,VOLKSWAGEN,ID.4,2022
7187,JEEP,WRANGLER,2023
7188,JAYCO,SEISMIC,2023
7189,BRIGHTDROP,EV600,2022
7190,GMC,HUMMER EV PICKUP,2023
7191,NISSAN,TITAN XD,2022
7192,JAYCO,JAY FEATHER,2022
7193,HIGHLAND RIDGE,OLYMPIA SPORT,2021
7194,HIGHLAND RIDGE,OLYMPIA SPORT,2022
7195,SPARTAN,K4,2023
7196,KME,PANTHER,2021
7197,KME,PANTHER,2022
7198,KME,PANTHER,2023
7199,HARLEY-DAVIDSON,FLH,2021
7200,HARLEY-DAVIDSON,FLHP,2020
7201,HARLEY-DAVIDSON,FLHP,2021
7202,HARLEY-DAVIDSON,FLHP,2022
7203,HARLEY-DAVIDSON,FLHR,2020
7204,HARLEY-DAVIDSON,FLHR,2021
7205,HARLEY-DAVIDSON,FLHR,2022
7206,HARLEY-DAVIDSON,FLHRXS,2020
7207,HARLEY-DAVIDSON,FLHRXS,2021
7208,HARLEY-DAVIDSON,FLHRXS,2022
7209,HARLEY-DAVIDSON,FLHT,2020
7210,HARLEY-DAVIDSON,FLHT,2021
7211,HARLEY-DAVIDSON,FLHT,2022
7212,HARLEY-DAVIDSON,FLHTCUTG,2019
7213,HARLEY-DAVIDSON,FLHTCUTG,2020
7214,HARLEY-DAVIDSON,FLHTCUTG,2021
7215,HARLEY-DAVIDSON,FLHTCUTG,2022
7216,HARLEY-DAVIDSON,FLHTCUTGSE,2020
7217,HARLEY-DAVIDSON,FLHTCUTGSE,2021
7218,HARLEY-DAVIDSON,FLHTCUTGSE,2022
7219,HARLEY-DAVIDSON,FLHTK,2020
7220,HARLEY-DAVIDSON,FLHTK,2021
7221,HARLEY-DAVIDSON,FLHTK,2022
7222,HARLEY-DAVIDSON,FLHTKSE,2020
7223,HARLEY-DAVIDSON,FLHTKSE,2021
7224,HARLEY-DAVIDSON,FLHTK SHRINE,2021
7225,HARLEY-DAVIDSON,FLHTK SHRINE,2022
7226,HARLEY-DAVIDSON,FLHX,2020
7227,HARLEY-DAVIDSON,FLHX,2021
7228,HARLEY-DAVIDSON,FLHX,2022
7229,HARLEY-DAVIDSON,FLHXS,2020
7230,HARLEY-DAVIDSON,FLHXS,2021
7231,HARLEY-DAVIDSON,FLHXS,2022
7232,HARLEY-DAVIDSON,FLHXSE,2020
7233,HARLEY-DAVIDSON,FLHXSE,2021
7234,HARLEY-DAVIDSON,FLHXSE,2022
7235,HARLEY-DAVIDSON,FLHXST,2022
7236,HARLEY-DAVIDSON,FLRT,2019
7237,HARLEY-DAVIDSON,FLRT,2020
7238,HARLEY-DAVIDSON,FLRT,2021
7239,HARLEY-DAVIDSON,FLRT,2022
7240,HARLEY-DAVIDSON,FLTRK,2020
7241,HARLEY-DAVIDSON,FLTRK,2021
7242,HARLEY-DAVIDSON,FLTRK,2022
7243,HARLEY-DAVIDSON,FLTRKSE,2022
7244,HARLEY-DAVIDSON,FLTRX,2020
7245,HARLEY-DAVIDSON,FLTRX,2021
7246,HARLEY-DAVIDSON,FLTRX,2022
7247,HARLEY-DAVIDSON,FLTRXS,2020
7248,HARLEY-DAVIDSON,FLTRXS,2021
7249,HARLEY-DAVIDSON,FLTRXS,2022
7250,HARLEY-DAVIDSON,FLTRXSE,2020
7251,HARLEY-DAVIDSON,FLTRXSE,2021
7252,HARLEY-DAVIDSON,FLTRXSE,2022
7253,HARLEY-DAVIDSON,FLTRXST,2022
7254,THOR MOTOR COACH,MAGNITUDE,2023
7255,THOR MOTOR COACH,OMNI,2023
7256,FORD,TRANSIT,2023
7257,VOLVO,S60,2023
7258,VOLVO,S90,2022
7259,VOLVO,S90,2023
7260,VOLVO,V60,2023
7261,VOLVO,XC60,2023
7262,VOLVO,XC90,2022
7263,VOLVO,XC90,2023
7264,TESLA,MODEL 3,2022
7265,CAN-AM,RYKER,2019
7266,CAN-AM,RYKER,2021
7267,CAN-AM,RYKER,2023
7268,KIA,SPORTAGE,2008
7269,KIA,SPORTAGE,2009
7270,PORSCHE,911 GT3,2022
7271,LAMBORGHINI,URUS,2022
7272,SUNSET PARK & RV,RUSH,2022
7273,SUNSET PARK & RV,SUNLITE,2022
7274,AUDI,A4 ALLROAD,2022
7275,AUDI,A5 CABRIOLET,2022
7276,AUDI,A8,2022
7277,AUDI,S4,2022
7278,AUDI,S5 CABRIOLET,2022
7279,AUDI,S8,2022
7280,PIERCE,ARROW XT,2010
7281,PIERCE,ARROW XT,2011
7282,PIERCE,ARROW XT,2012
7283,PIERCE,ARROW XT,2013
7284,PIERCE,ARROW XT,2014
7285,PIERCE,DASH CF,2010
7286,PIERCE,DASH CF,2011
7287,PIERCE,DASH CF,2012
7288,PIERCE,DASH CF,2013
7289,PIERCE,DASH CF,2014
7290,PIERCE,DASH CF,2015
7291,PIERCE,DASH CF,2016
7292,PIERCE,DASH CF,2017
7293,PIERCE,DASH CF,2018
7294,PIERCE,DASH CF,2019
7295,PIERCE,DASH CF,2020
7296,PIERCE,ENFORCER,2010
7297,PIERCE,ENFORCER,2011
7298,PIERCE,ENFORCER,2012
7299,PIERCE,ENFORCER,2013
7300,PIERCE,ENFORCER,2014
7301,PIERCE,QUANTUM,2010
7302,PIERCE,QUANTUM,2011
7303,PIERCE,QUANTUM,2012
7304,PIERCE,QUANTUM,2013
7305,PIERCE,QUANTUM,2014
7306,PIERCE,VELOCITY,2010
7307,PIERCE,VELOCITY,2011
7308,PIERCE,VELOCITY,2012
7309,PIERCE,VELOCITY,2013
7310,PIERCE,VELOCITY,2014
7311,COACHMEN,BROOKSTONE,2020
7312,COACHMEN,BROOKSTONE,2021
7313,COACHMEN,CHAPARRAL,2019
7314,COACHMEN,CHAPARRAL,2020
7315,COACHMEN,CHAPARRAL,2021
7316,COACHMEN,CHAPARRAL,2022
7317,COACHMEN,CHAPARRAL LITE,2019
7318,COACHMEN,CHAPARRAL LITE,2020
7319,COACHMEN,CHAPARRAL LITE,2021
7320,COACHMEN,CHAPARRAL LITE,2022
7321,SHASTA,PHOENIX,2020
7322,SHASTA,PHOENIX,2021
7323,TIFFIN,ALLEGRO BAY,2023
7324,TIFFIN,RED 340,2023
7325,TIFFIN,RED 360,2022
7326,TIFFIN,RED 360,2023
7327,VOLKSWAGEN,GOLF,2019
7328,VOLKSWAGEN,GOLF,2020
7329,VOLKSWAGEN,GOLF ALLTRACK,2019
7330,VOLKSWAGEN,GOLF SPORTWAGEN,2019
7331,VOLKSWAGEN,GTI,2019
7332,VOLKSWAGEN,GTI,2020
7333,VOLKSWAGEN,JETTA,2019
7334,GENESIS,G80 ELECTRIFIED,2023
7335,HYUNDAI,SANTA FE HYBRID,2021
7336,HYUNDAI,SANTA FE PLUG-IN HYBRID,2023
7337,BMW,X5,2023
7338,AUDI,Q4 E-TRON,2022
7339,VOLKSWAGEN,ID.4,2023
7340,QUALITY TRAILERS OHIO,A,2022
7341,QUALITY TRAILERS OHIO,AW,2022
7342,QUALITY TRAILERS OHIO,ECONOMY SERIES DH,2022
7343,QUALITY TRAILERS OHIO,TANDEM B,2022
7344,PROTERRA,ZX5,2022
7345,RAM,2500,2023
7346,KIA,NIRO,2017
7347,KIA,NIRO,2018
7348,INDIAN,CHIEF,2022
7349,INDIAN,CHIEF BOBBER,2022
7350,INDIAN,CHIEF BOBBER DARK HORSE,2022
7351,INDIAN,CHIEF DARK HORSE,2022
7352,INDIAN,SCOUT,2021
7353,INDIAN,SCOUT,2022
7354,INDIAN,SCOUT BOBBER,2021
7355,INDIAN,SCOUT BOBBER,2022
7356,INDIAN,SCOUT BOBBER ICON,2021
7357,INDIAN,SCOUT BOBBER ICON,2022
7358,INDIAN,SCOUT BOBBER SIXTY,2021
7359,INDIAN,SCOUT BOBBER SIXTY,2022
7360,INDIAN,SCOUT BOBBER TWENTY,2021
7361,INDIAN,SCOUT BOBBER TWENTY,2022
7362,INDIAN,SCOUT ICON,2021
7363,INDIAN,SCOUT ICON,2022
7364,INDIAN,SCOUT ROGUE,2022
7365,INDIAN,SCOUT ROGUE SIXTY,2022
7366,INDIAN,SCOUT SIXTY,2021
7367,INDIAN,SCOUT SIXTY,2022
7368,INDIAN,SUPER CHIEF,2022
7369,INDIAN,SUPER CHIEF LIMITED,2022
7370,THOMAS BUILT BUSES,MINOTOUR,2023
7371,NOVA BUS,LFS,2022
7372,LAMBORGHINI,COUNTACH,2022
7373,IC BUS,EV,2022
7374,TOYOTA,TUNDRA,2023
7375,FORD,ESCAPE,2023
7376,BMW,740I,2023
7377,BMW,760I,2023
7378,BMW,I7,2023
7379,ATC,TOYHAULER,2022
7380,INTERNATIONAL,CV,2021
7381,CHEVROLET,4500HD,2021
7382,CHEVROLET,4500XD,2021
7383,CHEVROLET,4500XD,2022
7384,CHEVROLET,5500HD,2021
7385,CHEVROLET,5500XD,2021
7386,CHEVROLET,5500XD,2022
7387,XOS,RM01,2021
7388,XOS,SA01,2021
7389,XOS,SV05,2021
7390,XOS,SV05,2022
7391,HOLIDAY HOUSE,18RB,2022
7392,HOLIDAY HOUSE,24TB,2022
7393,HOLIDAY HOUSE,27RQ,2022
7394,WINNEBAGO,HIKE,2021
7395,WINNEBAGO,HIKE,2022
7396,WINNEBAGO,MICRO MINNIE,2021
7397,WINNEBAGO,MINNIE,2021
7398,WINNEBAGO,VOYAGE!,2021
7399,PROTERRA,CATALYST,2017
7400,PROTERRA,CATALYST,2018
7401,PROTERRA,CATALYST,2019
7402,TEREX,C4000,2022
7403,TEREX,OPTIMA TC,2022
7404,PIERCE,SABER,2022
7405,TEREX,C5000,2022
7406,TEREX,C6000,2022
7407,TEREX,C7000,2022
7408,TEREX,GENERAL 65,2022
7409,TEREX,GENERAL 80,2022
7410,OLD SCHOOL TRAILERS,OLD SCHOOL TRAILER,2022
7411,TESLA,MODEL Y,2023
7412,VOLVO,VNL,2023
7413,PORSCHE,911,2022
7414,PORSCHE,911,2023
7415,HINO,NE7A,2022
7416,HINO,NE7A,2023
7417,HINO,NJ7B,2022
7418,HINO,NJ7B,2023
7419,HINO,NV7A,2022
7420,KIA,NIRO EV,2020
7421,KTM,1290 SUPER DUKE R,2021
7422,KTM,1290 SUPER DUKE R,2022
7423,AUDI,A3,2023
7424,AUDI,RS 3,2023
7425,AUDI,S3,2023
7426,NOVA BUS,LFS ARTIC,2009
7427,NOVA BUS,LFS ARTIC,2010
7428,NOVA BUS,LFS ARTIC,2011
7429,NOVA BUS,LFS ARTIC,2012
7430,BUICK,ENVISION,2022
7431,BUICK,ENVISION,2023
7432,CADILLAC,CT4,2023
7433,CADILLAC,CT5,2023
7434,CADILLAC,ESCALADE,2023
7435,CADILLAC,ESCALADE ESV,2023
7436,CHEVROLET,SILVERADO 1500,2023
7437,CHEVROLET,SUBURBAN,2023
7438,CHEVROLET,TAHOE,2023
7439,GMC,SIERRA 1500,2023
7440,GMC,YUKON,2023
7441,GMC,YUKON XL,2023
7442,HYUNDAI TRANSLEAD,DRY VAN TRAILER,2020
7443,HYUNDAI TRANSLEAD,DRY VAN TRAILER,2021
7444,HYUNDAI TRANSLEAD,REEFER TRAILER,2020
7445,HYUNDAI TRANSLEAD,REEFER TRAILER,2021
7446,KIA,FORTE,2023
7447,SUBARU,ASCENT,2021
7448,SUBARU,ASCENT,2022
7449,MCLAREN,ARTURA,2023
7450,IC BUS,CESB,2024
7451,INTERNATIONAL,RE,2023
7452,KAWASAKI,NINJA 1000,2015
7453,KAWASAKI,NINJA 1000,2016
7454,KAWASAKI,NINJA 1000,2017
7455,KAWASAKI,NINJA 1000,2018
7456,KAWASAKI,NINJA H2,2019
7457,KAWASAKI,ZR1000K,2022
7458,KAWASAKI,ZR1000K,2023
7459,KAWASAKI,ZR1000L,2022
7460,KAWASAKI,ZR1002L,2023
7461,KAWASAKI,ZX1002J,2022
7462,KAWASAKI,ZX1002R,2022
7463,EAST MANUFACTURING,FRAME DUMP TRAILER,2018
7464,EAST MANUFACTURING,FRAME DUMP TRAILER,2019
7465,EAST MANUFACTURING,FRAME DUMP TRAILER,2020
7466,EAST MANUFACTURING,FRAME DUMP TRAILER,2021
7467,FREIGHTLINER,122SD,2023
7468,PORSCHE,TAYCAN 4S,2021
7469,CHEVROLET,MALIBU,2022
7470,CHEVROLET,MALIBU,2023
7471,POLESTAR,POLESTAR 1,2020
7472,GMC,TERRAIN,2023
7473,CHEVROLET,BOLT EV,2023
7474,AIRSTREAM,INTERSTATE,2023
7475,LIGHTNING EMOTORS,FE4,2021
7476,MERCEDES-BENZ,AMG GLE63,2022
7477,MERCEDES-BENZ,AMG G63,2022
7478,NEW FLYER,XDE35,2013
7479,NEW FLYER,XDE35,2014
7480,NEW FLYER,XDE35,2015
7481,NEW FLYER,XDE35,2016
7482,NEW FLYER,XDE35,2017
7483,NEW FLYER,XDE35,2018
7484,NEW FLYER,XDE35,2019
7485,NEW FLYER,XDE35,2020
7486,NEW FLYER,XDE35,2021
7487,NEW FLYER,XDE35,2022
7488,NEW FLYER,XDE40,2013
7489,NEW FLYER,XDE40,2014
7490,NEW FLYER,XDE40,2015
7491,NEW FLYER,XDE40,2016
7492,NEW FLYER,XDE40,2017
7493,NEW FLYER,XDE40,2018
7494,NEW FLYER,XDE40,2019
7495,NEW FLYER,XDE40,2020
7496,NEW FLYER,XDE60,2013
7497,NEW FLYER,XDE60,2014
7498,NEW FLYER,XDE60,2015
7499,NEW FLYER,XDE60,2016
7500,NEW FLYER,XDE60,2017
7501,NEW FLYER,XDE60,2018
7502,NEW FLYER,XDE60,2019
7503,NEW FLYER,XDE60,2020
7504,NEW FLYER,XDE60,2021
7505,NEW FLYER,XDE60,2022
7506,NEW FLYER,XE60,2017
7507,NEW FLYER,XE60,2022
7508,NEW FLYER,XN40,2013
7509,NEW FLYER,XN40,2014
7510,NEW FLYER,XN40,2015
7511,NEW FLYER,XN40,2016
7512,NEW FLYER,XN40,2017
7513,NEW FLYER,XN40,2018
7514,NEW FLYER,XN40,2019
7515,NEW FLYER,XN40,2020
7516,NEW FLYER,XN40,2021
7517,NEW FLYER,XT40,2014
7518,NEW FLYER,XT40,2015
7519,NEW FLYER,XT40,2016
7520,NEW FLYER,XT40,2017
7521,NEW FLYER,XT40,2018
7522,NEW FLYER,XT40,2019
7523,NEW FLYER,XT40,2020
7524,NEW FLYER,XT40,2021
7525,NEW FLYER,XT40,2022
7526,NEW FLYER,XT60,2014
7527,NEW FLYER,XT60,2015
7528,NEW FLYER,XT60,2016
7529,NEW FLYER,XT60,2017
7530,NEW FLYER,XT60,2018
7531,NEW FLYER,XT60,2019
7532,NEW FLYER,XT60,2020
7533,NEW FLYER,XT60,2021
7534,NEW FLYER,XT60,2022
7535,BMW,I4,2023
7536,VOLKSWAGEN,BEETLE CONVERTIBLE,2015
7537,VOLKSWAGEN,BEETLE CONVERTIBLE,2016
7538,RAM,PROMASTER,2022
7539,SHADOW,LIVING QUARTER,2021
7540,SHADOW,LIVING QUARTER,2022
7541,ACURA,TLX,2022
7542,LINCOLN,AVIATOR,2023
7543,MERCEDES BENZ,C230,2002
7544,MERCEDES BENZ,C230,2003
7545,MERCEDES BENZ,C230,2004
7546,MERCEDES BENZ,C230,2005
7547,MERCEDES BENZ,C240,2001
7548,MERCEDES BENZ,C240,2002
7549,MERCEDES BENZ,C240,2003
7550,MERCEDES BENZ,C240,2004
7551,MERCEDES BENZ,C240,2005
7552,MERCEDES BENZ,C320,2001
7553,MERCEDES BENZ,C320,2002
7554,MERCEDES BENZ,C320,2003
7555,MERCEDES BENZ,C320,2004
7556,MERCEDES BENZ,C320,2005
7557,MERCEDES BENZ,CLK320,2003
7558,MERCEDES BENZ,CLK320,2004
7559,MERCEDES BENZ,CLK320,2005
7560,MERCEDES BENZ,CLK350,2008
7561,MERCEDES BENZ,CLK350,2009
7562,MERCEDES BENZ,CLK500,2003
7563,MERCEDES BENZ,CLK500,2004
7564,MERCEDES BENZ,CLK500,2005
7565,MERCEDES BENZ,CLK550,2008
7566,MERCEDES BENZ,CLS550,2006
7567,MERCEDES BENZ,CLS550,2008
7568,MERCEDES BENZ,CLS550,2009
7569,MERCEDES BENZ,CLS550,2010
7570,MERCEDES BENZ,CLS550,2011
7571,MERCEDES BENZ,E320,2005
7572,MERCEDES BENZ,E320,2008
7573,MERCEDES BENZ,E320,2009
7574,MERCEDES BENZ,E500,2003
7575,MERCEDES BENZ,E500,2004
7576,MERCEDES BENZ,E500,2005
7577,MERCEDES BENZ,E550,2008
7578,MERCEDES BENZ,E550,2009
7579,MERCEDES-BENZ,AMG C32,2002
7580,MERCEDES-BENZ,AMG C32,2003
7581,MERCEDES-BENZ,AMG C32,2004
7582,MERCEDES-BENZ,AMG C55,2005
7583,MERCEDES-BENZ,AMG CLK55,2003
7584,MERCEDES-BENZ,AMG CLK55,2004
7585,MERCEDES-BENZ,AMG CLK55,2005
7586,MERCEDES-BENZ,AMG CLS63,2008
7587,MERCEDES-BENZ,AMG CLS63,2009
7588,MERCEDES-BENZ,AMG CLS63,2010
7589,MERCEDES-BENZ,AMG CLS63,2011
7590,MERCEDES-BENZ,AMG E55,2003
7591,MERCEDES-BENZ,AMG E55,2004
7592,MERCEDES-BENZ,AMG E55,2005
7593,MERCEDES-BENZ,AMG E63,2008
7594,MERCEDES-BENZ,AMG E63,2009
7595,MERCEDES-BENZ,E350,2008
7596,MERCEDES-BENZ,E350,2009
7597,MERCEDES BENZ,ML250,2015
7598,MERCEDES BENZ,ML350,2012
7599,MERCEDES BENZ,ML350,2013
7600,MERCEDES BENZ,ML350,2014
7601,MERCEDES BENZ,ML350,2015
7602,MERCEDES BENZ,ML400,2015
7603,MERCEDES BENZ,ML550,2012
7604,MERCEDES BENZ,ML550,2013
7605,MERCEDES BENZ,ML550,2014
7606,MERCEDES-BENZ,AMG ML63,2012
7607,MERCEDES-BENZ,AMG ML63,2013
7608,MERCEDES-BENZ,AMG ML63,2014
7609,MERCEDES-BENZ,AMG ML63,2015
7610,MERCEDES-BENZ,GLE300D,2016
7611,MERCEDES-BENZ,GLE350,2016
7612,MERCEDES-BENZ,GLE400,2016
7613,MERCEDES-BENZ,GLE550E,2016
7614,CAPRI CAMPER,RETREAT,2022
7615,OUTFITTER MANUFACTURING,APEX 8,2021
7616,OUTFITTER MANUFACTURING,APEX 8,2022
7617,OUTFITTER MANUFACTURING,CARIBOU 6.5,2021
7618,OUTFITTER MANUFACTURING,CARIBOU 6.5,2022
7619,OUTFITTER MANUFACTURING,CARIBOU LITE 6.5,2021
7620,OUTFITTER MANUFACTURING,CARIBOU LITE 6.5,2022
7621,OUTFITTER MANUFACTURING,CARIBOU LITE 8,2021
7622,OUTFITTER MANUFACTURING,CARIBOU LITE 8,2022
7623,OUTFITTER MANUFACTURING,CARIBOU LITE 8.5,2022
7624,RENEGADE,CLASSIC,2023
7625,RENEGADE,EXPLORER,2023
7626,RENEGADE,VERONA,2023
7627,RENEGADE,XL,2023
7628,VOLVO,V60CC,2022
7629,TRIPLE E,UNITY,2023
7630,TRIUMPH,SPEED TRIPLE RR,2023
7631,TRIUMPH,SPEED TRIPLE RS,2023
7632,MCELRATH TRAILERS,VX75 XCEL,2013
7633,MCELRATH TRAILERS,VX75 XCEL,2014
7634,MCELRATH TRAILERS,VX75 XCEL,2015
7635,MCELRATH TRAILERS,VX75 XCEL,2016
7636,MCELRATH TRAILERS,VX75 XCEL,2017
7637,MCELRATH TRAILERS,VX75 XCEL,2018
7638,MCELRATH TRAILERS,VX75 XCEL,2019
7639,MCELRATH TRAILERS,VX75 XCEL,2020
7640,MCELRATH TRAILERS,VX75 XCEL,2021
7641,MCELRATH TRAILERS,VX75 XCEL,2022
7642,MCELRATH TRAILERS,VX75 XCEL,2023
7643,LODE KING,PRESTIGE,2022
7644,LODE KING,PRESTIGE,2023
7645,CHRYSLER,PACIFICA,2017
7646,CHRYSLER,PACIFICA,2018
7647,CHRYSLER,PACIFICA,2023
7648,BMW,R 1250 GS,2022
7649,BMW,R 1250 GS,2023
7650,BMW,R 1250 GS ADVENTURE,2022
7651,BMW,R 1250 GS ADVENTURE,2023
7652,BMW,R 1250 RT,2022
7653,BMW,R 1250 RT,2023
7654,VOLVO,C40BEV,2023
7655,VOLVO,V60CC,2023
7656,VOLVO,V90CC,2023
7657,VOLVO,XC40,2023
7658,SUBARU,WRX,2022
7659,CHEVROLET,LOW CAB FORWARD 5500,2022
7660,CHEVROLET,LOW CAB FORWARD 5500,2023
7661,HINO,S52,2023
7662,ISUZU,N-SERIES,2023
7663,ALLVAC,AVRB-18,2018
7664,ALLVAC,AVRB-18,2019
7665,ALLVAC,AVRB-18,2020
7666,ALLVAC,AVRB-18,2021
7667,FORD,EXPLORER,2023
7668,AUTOCAR,WX,2008
7669,AUTOCAR,WX,2009
7670,AUTOCAR,WX,2010
7671,AUTOCAR,WXLL,2008
7672,AUTOCAR,WXLL,2009
7673,AUTOCAR,WXLL,2010
7674,AUTOCAR,XPEDITOR,2008
7675,AUTOCAR,XPEDITOR,2009
7676,AUTOCAR,XPEDITOR,2010
7677,AUTOCAR,XPEDITOR,2011
7678,AUTOCAR,XPEDITOR,2012
7679,AUTOCAR,XPERT,2012
7680,AUTOCAR,XPERT,2013
7681,AUTOCAR,XPERT,2014
7682,AUTOCAR,XPERT,2015
7683,AUTOCAR,XPERT,2016
7684,AUTOCAR,XSPOTTER,2010
7685,AUTOCAR,XSPOTTER,2011
7686,AUTOCAR,XSPOTTER,2012
7687,AUTOCAR,XSPOTTER,2013
7688,AUTOCAR,XSPOTTER,2014
7689,AUTOCAR,XSPOTTER,2015
7690,AUTOCAR,XSPOTTER,2016
7691,AUTOCAR,XSPOTTER,2017
7692,AUTOCAR,XSPOTTER,2018
7693,AUTOCAR,XSPOTTER,2019
7694,AUTOCAR,XSPOTTER,2020
7695,MACK,LRBE (ELECTRIC),2019
7696,MACK,LRBE (ELECTRIC),2021
7697,MACK,LRBE (ELECTRIC),2022
7698,MACK,LRBE (ELECTRIC),2023
7699,VOLVO,VNRE (ELECTRIC),2019
7700,VOLVO,VNRE (ELECTRIC),2020
7701,VOLVO,VNRE (ELECTRIC),2021
7702,VOLVO,VNRE (ELECTRIC),2022
7703,VOLVO,VNRE (ELECTRIC),2023
7704,JAGUAR,I-PACE,2021
7705,JAGUAR,I-PACE,2022
7706,LAND ROVER,RANGE ROVER PHEV,2020
7707,LAND ROVER,RANGE ROVER PHEV,2021
7708,LAND ROVER,RANGE ROVER SPORT PHEV,2020
7709,LAND ROVER,RANGE ROVER SPORT PHEV,2021
7710,LAND ROVER,RANGE ROVER SPORT PHEV,2022
7711,PORSCHE,PANAMERA,2017
7712,PORSCHE,PANAMERA,2018
7713,PORSCHE,PANAMERA,2019
7714,PORSCHE,PANAMERA,2020
7715,PORSCHE,PANAMERA 4,2017
7716,PORSCHE,PANAMERA 4,2018
7717,PORSCHE,PANAMERA 4,2019
7718,PORSCHE,PANAMERA 4,2020
7719,PORSCHE,PANAMERA 4 EXECUTIVE,2018
7720,PORSCHE,PANAMERA 4 EXECUTIVE,2019
7721,PORSCHE,PANAMERA 4 EXECUTIVE,2020
7722,PORSCHE,PANAMERA 4 EXECUTIVE,2021
7723,PORSCHE,PANAMERA 4S,2017
7724,PORSCHE,PANAMERA 4S,2018
7725,PORSCHE,PANAMERA 4S,2019
7726,PORSCHE,PANAMERA 4S,2020
7727,PORSCHE,PANAMERA 4S EXECUTIVE,2017
7728,PORSCHE,PANAMERA 4S EXECUTIVE,2018
7729,PORSCHE,PANAMERA 4S EXECUTIVE,2019
7730,PORSCHE,PANAMERA 4S EXECUTIVE,2020
7731,PORSCHE,PANAMERA 4S EXECUTIVE,2021
7732,PORSCHE,PANAMERA 4 SPORT TURISMO,2018
7733,PORSCHE,PANAMERA 4 SPORT TURISMO,2019
7734,PORSCHE,PANAMERA 4 SPORT TURISMO,2020
7735,PORSCHE,PANAMERA 4S SPORT TURISMO,2018
7736,PORSCHE,PANAMERA 4S SPORT TURISMO,2019
7737,PORSCHE,PANAMERA 4S SPORT TURISMO,2020
7738,PORSCHE,PANAMERA 4S SPORT TURISMO,2021
7739,PORSCHE,PANAMERA GTS,2019
7740,PORSCHE,PANAMERA GTS,2020
7741,PORSCHE,PANAMERA GTS SPORT TURISM,2019
7742,PORSCHE,PANAMERA GTS SPORT TURISM,2020
7743,PORSCHE,PANAMERA TURBO,2017
7744,PORSCHE,PANAMERA TURBO,2018
7745,PORSCHE,PANAMERA TURBO,2019
7746,PORSCHE,PANAMERA TURBO,2020
7747,PORSCHE,PANAMERA TURBO EXECUTIVE,2017
7748,PORSCHE,PANAMERA TURBO EXECUTIVE,2018
7749,PORSCHE,PANAMERA TURBO EXECUTIVE,2019
7750,PORSCHE,PANAMERA TURBO EXECUTIVE,2020
7751,PORSCHE,PANAMERA TURBO S EXECUTIV,2021
7752,PORSCHE,PANAMERA TURBO SPORT TURI,2018
7753,PORSCHE,PANAMERA TURBO SPORT TURI,2019
7754,PORSCHE,PANAMERA TURBO SPORT TURI,2020
7755,BENTLEY,CONTINENTAL GTC,2020
7756,KIA,TELLURIDE,2023
7757,HYUNDAI,SANTA CRUZ,2023
7758,HYUNDAI,TUCSON,2022
7759,BMW,230I,2023
7760,BMW,M240I,2023
7761,CHEVROLET,BLAZER,2023
7762,CHEVROLET,TRAVERSE,2023
7763,LAND ROVER,RANGE ROVER,2022
7764,LAND ROVER,RANGE ROVER,2023
7765,LAND ROVER,RANGE ROVER SPORT,2023
7766,LAND ROVER,RANGE ROVER VELAR,2023
7767,JAGUAR,F-PACE,2023
7768,HONDA,FIT,2018
7769,HONDA,FIT,2020
7770,HONDA,HR-V,2020
7771,HONDA,HR-V,2021
7772,HONDA,HR-V,2022
7773,NISSAN,LEAF,2018
7774,NISSAN,LEAF,2019
7775,NISSAN,LEAF,2021
7776,NISSAN,LEAF,2022
7777,NISSAN,LEAF,2023
7778,BMW,S 1000 XR,2021
7779,CAN-AM,SPYDER F3,2022
7780,CAN-AM,SPYDER F3-S,2022
7781,MAINTAINER,CRANE W/ SERVICE BODY,2019
7782,MAINTAINER,CRANE W/ SERVICE BODY,2020
7783,MAINTAINER,CRANE W/ SERVICE BODY,2021
7784,MAINTAINER,CRANE W/ SERVICE BODY,2022
7785,MAINTAINER,CRANE W/ SERVICE BODY,2023
7786,RAM,1500,2023
7787,RAM,3500,2023
7788,RAM,4500,2023
7789,RAM,5500,2023
7790,FREIGHTLINER,CORONADO,2022
7791,FREIGHTLINER,CORONADO,2023
7792,IC BUS,CE SBUS,2022
7793,IC BUS,CE SBUS,2023
7794,NISSAN,ARMADA,2008
7795,NISSAN,ARMADA,2009
7796,NISSAN,ARMADA,2010
7797,NISSAN,ARMADA,2011
7798,NISSAN,FRONTIER,2008
7799,NISSAN,FRONTIER,2009
7800,NISSAN,FRONTIER,2010
7801,NISSAN,FRONTIER,2011
7802,NISSAN,PATHFINDER,2008
7803,NISSAN,PATHFINDER,2009
7804,NISSAN,PATHFINDER,2010
7805,NISSAN,PATHFINDER,2011
7806,NISSAN,QUEST,2008
7807,NISSAN,QUEST,2009
7808,NISSAN,TITAN,2008
7809,NISSAN,TITAN,2009
7810,NISSAN,TITAN,2010
7811,NISSAN,TITAN,2011
7812,NISSAN,XTERRA,2008
7813,NISSAN,XTERRA,2009
7814,NISSAN,XTERRA,2010
7815,NISSAN,XTERRA,2011
7816,THOR MOTOR COACH,RIZE,2021
7817,THOR MOTOR COACH,RIZE,2023
7818,THOR MOTOR COACH,SCOPE,2021
7819,THOR MOTOR COACH,SCOPE,2023
7820,FORD,BRONCO,2023
7821,FORD,F-150,2023
7822,FORD,MUSTANG,2023
7823,LAKOTA,BIGHORN,2019
7824,LAKOTA,BIGHORN,2020
7825,LAKOTA,BIGHORN,2023
7826,BMW,X1,2023
7827,SUBARU,CROSSTREK HYBRID,2019
7828,SUBARU,CROSSTREK HYBRID,2020
7829,SUBARU,CROSSTREK HYBRID,2021
7830,SUBARU,CROSSTREK HYBRID,2022
7831,KEYSTONE,CARBON,2021
7832,KEYSTONE,CARBON,2023
7833,KEYSTONE,RAPTOR,2023
7834,NEW FLYER,XE35,2022
7835,NEW FLYER,XE40,2023
7836,AUDI,A8,2023
7837,AUDI,S8,2023
7838,TESLA,MODEL 3,2023
7839,TESLA,MODEL S,2022
7840,TESLA,MODEL S,2023
7841,TESLA,MODEL X,2019
7842,TESLA,MODEL X,2020
7843,TESLA,MODEL X,2022
7844,TESLA,MODEL X,2023
7845,AUDI,Q7,2009
7846,AUDI,Q7,2010
7847,AUDI,Q7,2011
7848,AUDI,Q7,2012
7849,AUDI,Q7,2013
7850,AUDI,Q7,2014
7851,AUDI,Q7,2015
7852,KENWORTH,T280,2024
7853,KENWORTH,T380,2021
7854,KENWORTH,T380,2024
7855,KENWORTH,T480,2021
7856,KENWORTH,T480,2024
7857,PETERBILT,536,2024
7858,PETERBILT,537,2021
7859,PETERBILT,537,2024
7860,PETERBILT,548,2021
7861,PETERBILT,548,2024
7862,SUZUKI,GSX1300RRQ,2022
7863,JAYCO,REDHAWK SE,2023
7864,HONDA,CR-V,2023
7865,NISSAN,ROGUE,2020
7866,NISSAN,ROGUE SPORT,2017
7867,NISSAN,ROGUE SPORT,2018
7868,NISSAN,ROGUE SPORT,2019
7869,NISSAN,ROGUE SPORT,2020
7870,NISSAN,ROGUE SPORT,2022
7871,GENESIS,G80,2022
7872,GENESIS,G80,2023
7873,GENESIS,GV60,2023
7874,GENESIS,GV70,2023
7875,GENESIS,GV80,2020
7876,GENESIS,GV80,2022
7877,GENESIS,GV80,2023
7878,ELECTRAMECCANICA,SOLO G2,2019
7879,ELECTRAMECCANICA,SOLO G3,2021
7880,ELECTRAMECCANICA,SOLO G3,2022
7881,ELECTRAMECCANICA,SOLO G3,2023
7882,PIERCE,ARROW XT,2023
7883,PIERCE,ENFORCER,2023
7884,PIERCE,IMPEL,2018
7885,PIERCE,IMPEL,2019
7886,PIERCE,IMPEL,2020
7887,PIERCE,IMPEL,2023
7888,PIERCE,VELOCITY,2023
7889,BMW,840I,2023
7890,BMW,ALPINA B8,2023
7891,BMW,M2,2023
7892,BMW,M8,2023
7893,BMW,M850I,2023
7894,BMW,Z4,2022
7895,BMW,Z4,2023
7896,ATC,QUEST,2022
7897,ATC,QUEST,2023
7898,ATC,TOYHAULER,2021
7899,ATC,TOYHAULER,2023
7900,FREIGHTLINER,COLUMBIA,2021
7901,FREIGHTLINER,M2,2019
7902,FREIGHTLINER,M2,2020
7903,FREIGHTLINER,M2,2021
7904,POLARIS,SLINGSHOT,2023
7905,POLARIS,SLINGSHOT R,2022
7906,POLARIS,SLINGSHOT S,2022
7907,POLARIS,SLINGSHOT S,2023
7908,POLARIS,SLINGSHOT SL,2022
7909,POLARIS,SLINGSHOT SL,2023
7910,POLARIS,SLINGSHOT SLR,2022
7911,POLARIS,SLINGSHOT SLR,2023
7912,SAFARI CONDO,ALTO,2021
7913,SAFARI CONDO,ALTO,2022
7914,SAFARI CONDO,ALTO,2023
7915,SAFARI CONDO,ALTO,2024
7916,INFINITI,QX60,2023
7917,LUCID,AIR,2023
7918,TOYOTA,TUNDRA HYBRID,2023
7919,THOR MOTOR COACH,PALAZZO,2015
7920,THOR MOTOR COACH,PALAZZO,2016
7921,THOR MOTOR COACH,PALAZZO,2022
7922,THOR MOTOR COACH,PALAZZO,2023
7923,LORDSTOWN,ENDURANCE,2023
7924,DODGE,DURANGO1,2023
7925,JEEP,GLADIATOR,2023
7926,BMW,330I,2023
7927,BMW,430I,2023
7928,BMW,M3,2023
7929,BMW,M340I,2023
7930,BMW,M440I,2023
7931,INTERNATIONAL,HV,2024
7932,INTERNATIONAL,MV,2024
7933,BMW,S 1000 RR,2023
7934,FORD,EXPEDITION,2023
7935,LINCOLN,NAVIGATOR,2023
7936,NISSAN,ARIYA,2023
7937,HYUNDAI,VELOSTER,2013
7938,HYUNDAI,VELOSTER,2014
7939,AIRSTREAM,ATLAS,2023
7940,AIRSTREAM,BAMBI,2023
7941,AIRSTREAM,BASECAMP,2023
7942,FERRARI,SF90 SPIDER,2022
7943,FERRARI,SF90 STRADALE,2021
7944,FERRARI,SF90 STRADALE,2022
7945,FERRARI,SF90 STRADALE,2023
7946,OFF GRID TRAILERS,EXPEDITION,2020
7947,OFF GRID TRAILERS,EXPEDITION,2023
7948,OFF GRID TRAILERS,PANDO,2020
7949,OFF GRID TRAILERS,SWITCHBACK,2020
7950,OFF GRID TRAILERS,SWITCHBACK,2023
7951,ITASCA,SUNSTAR,2023
7952,WINNEBAGO,ADVENTURER,2023
7953,WINNEBAGO,VISTA,2023
7954,TRIUMPH,BONNEVILLE T120,2023
7955,BENTLEY,CONTINENTAL GTC,2021
7956,KME,PANTHER,2024
7957,SPARTAN FIRE,FC-94,2024
7958,SPARTAN FIRE,GLADIATOR,2024
7959,SPARTAN FIRE,METROSTAR,2024
7960,HONDA,CR-V,2017
7961,RIVIAN,R1S,2023
7962,FORD,MAVERICK,2023
7963,FORD,FUSION,2017
7964,FORD,FUSION,2018
7965,LINCOLN,MKZ,2017
7966,LINCOLN,MKZ,2018
7967,FORD,F-53,2022
7968,AMERICAN COACH,AMERICAN TRADITION,2023
7969,FLEETWOOD,FRONTIER GTX,2023
7970,FLEETWOOD,PACE ARROW,2023
7971,HOLIDAY RAMBLER,ENDEAVOR,2023
7972,FORD,F-150 LIGHTNING BEV,2023
7973,KEYSTONE,COUGAR,2023
7974,INTERNATIONAL,HX,2024
7975,VOLVO,VHD,2024
7976,VOLVO,VNL,2024
7977,VOLVO,VNR,2024
7978,HONDA,PASSPORT,2021
7979,HONDA,PASSPORT,2022
7980,CAN-AM,SPYDER RT,2021
7981,CAN-AM,SPYDER RT,2022
7982,CAN-AM,SPYDER RT,2023
7983,PORSCHE,TAYCAN,2023
7984,PORSCHE,TAYCAN 4 CROSS TURISMO,2022
7985,PORSCHE,TAYCAN 4S,2020
7986,PORSCHE,TAYCAN 4S,2022
7987,PORSCHE,TAYCAN 4S CROSS TURISMO,2021
7988,PORSCHE,TAYCAN 4S CROSS TURISMO,2022
7989,PORSCHE,TAYCAN GTS,2022
7990,PORSCHE,TAYCAN TURBO,2020
7991,PORSCHE,TAYCAN TURBO,2022
7992,PORSCHE,TAYCAN TURBO CROSS TURISM,2022
7993,PORSCHE,TAYCAN TURBO S,2020
7994,PORSCHE,TAYCAN TURBO S,2021
7995,PORSCHE,TAYCAN TURBO S,2022
7996,MERCEDES-BENZ,AMG GLE53,2023
7997,MERCEDES-BENZ,AMG GLE63 S,2022
7998,MERCEDES-BENZ,AMG GLE63 S,2023
7999,MERCEDES-BENZ,AMG GLS63,2022
8000,MERCEDES-BENZ,AMG GLS63,2023
8001,MERCEDES-BENZ,GLE 350,2023
8002,MERCEDES-BENZ,GLE 450,2023
8003,MERCEDES-BENZ,GLE 580,2022
8004,MERCEDES-BENZ,GLE 580,2023
8005,MERCEDES-BENZ,GLS 450,2023
8006,MERCEDES-BENZ,GLS 580,2023
8007,MERCEDES-MAYBACH,GLS 600,2022
8008,MERCEDES-MAYBACH,GLS 600,2023
8009,KIA,CARNIVAL,2023
8010,HYUNDAI,PALISADE,2023
8011,HYUNDAI,SANTA FE,2019
8012,HYUNDAI,SANTA FE,2023
8013,HYUNDAI,SANTA FE HYBRID,2023
8014,PETERBILT,579,2024
8015,INFINITI,QX50,2022
8016,INFINITI,QX55,2023
8017,AUDI,Q4 E-TRON,2023
8018,HONDA,NVA110B,2022
8019,FORD,EDGE,2023
8020,LINCOLN,NAUTILUS,2023
8021,FOREST RIVER,PAUSE,2023
8022,JAYCO,NORTH POINT,2023
8023,VERMEER,BC700XL,2021
8024,VERMEER,BC700XL,2022
8025,VERMEER,BC700XL,2023
8026,LIGHTNING EMOTORS,FE4-129,2019
8027,LIGHTNING EMOTORS,FE4-129,2020
8028,LIGHTNING EMOTORS,FE4-129,2021
8029,LIGHTNING EMOTORS,FE4-86,2020
8030,LIGHTNING EMOTORS,FT3-43,2020
8031,LIGHTNING EMOTORS,FT3-86,2019
8032,LIGHTNING EMOTORS,FT3-86,2020
8033,LIGHTNING EMOTORS,FT3-86,2021
8034,LIGHTNING EMOTORS,FT3-86,2022
8035,GENESIS,G90,2023
8036,VOLKSWAGEN,ID 4,2023
8037,INTERNATIONAL,LT,2024
8038,INTERNATIONAL,RH,2024
8039,LAND ROVER,RANGE ROVER PHEV,2019
8040,LAND ROVER,RANGE ROVER SPORT PHEV,2019
8041,HONDA,CR-V,2007
8042,HONDA,CR-V,2008
8043,HONDA,CR-V,2009
8044,HONDA,CR-V,2010
8045,HONDA,CR-V,2011
8046,HONDA,CIVIC TYPE-R,2023
8047,MERCEDES-BENZ,AMG CLA45,2023
8048,WINNEBAGO,EKKO,2021
8049,WINNEBAGO,EKKO,2022
8050,WINNEBAGO,EKKO,2023
8051,FCCC,M2,2020
8052,FCCC,M2,2021
8053,FCCC,M2,2022
8054,FCCC,S2RV,2020
8055,FREIGHTLINER,M2,2022
8056,FCCC,MT55,2023
8057,FCCC,S2RV,2023
8058,FREIGHTLINER,M2,2023
8059,MCI,D45CRTLE,2019
8060,PORSCHE,CARRERA GT,2004
8061,PORSCHE,CARRERA GT,2005
8062,MASERATI,MC20 CIELO,2023
8063,CHEVROLET,EXPRESS CUTAWAY VAN,2003
8064,CHEVROLET,EXPRESS CUTAWAY VAN,2004
8065,CHEVROLET,EXPRESS CUTAWAY VAN,2005
8066,CHEVROLET,EXPRESS CUTAWAY VAN,2006
8067,CHEVROLET,EXPRESS CUTAWAY VAN,2007
8068,CHEVROLET,EXPRESS CUTAWAY VAN,2008
8069,CHEVROLET,EXPRESS CUTAWAY VAN,2009
8070,CHEVROLET,EXPRESS CUTAWAY VAN,2010
8071,CHEVROLET,EXPRESS CUTAWAY VAN,2011
8072,CHEVROLET,EXPRESS CUTAWAY VAN,2012
8073,CHEVROLET,EXPRESS CUTAWAY VAN,2013
8074,CHEVROLET,EXPRESS CUTAWAY VAN,2014
8075,CHEVROLET,EXPRESS CUTAWAY VAN,2015
8076,CHEVROLET,EXPRESS CUTAWAY VAN,2016
8077,CHEVROLET,EXPRESS CUTAWAY VAN,2017
8078,CHEVROLET,EXPRESS CUTAWAY VAN,2018
8079,CHEVROLET,EXPRESS CUTAWAY VAN,2019
8080,CHEVROLET,EXPRESS CUTAWAY VAN,2020
8081,CHEVROLET,EXPRESS CUTAWAY VAN,2021
8082,CHEVROLET,EXPRESS CUTAWAY VAN,2022
8083,CHEVROLET,EXPRESS CUTAWAY VAN,2023
8084,GMC,SAVANA,2003
8085,GMC,SAVANA,2004
8086,GMC,SAVANA,2005
8087,GMC,SAVANA,2006
8088,GMC,SAVANA,2007
8089,GMC,SAVANA,2008
8090,GMC,SAVANA,2009
8091,GMC,SAVANA,2010
8092,GMC,SAVANA,2011
8093,GMC,SAVANA,2012
8094,GMC,SAVANA,2013
8095,GMC,SAVANA,2014
8096,GMC,SAVANA,2015
8097,GMC,SAVANA,2016
8098,GMC,SAVANA,2017
8099,GMC,SAVANA,2022
8100,GMC,SAVANA,2023
8101,INTERNATIONAL,LONESTAR,2017
8102,INTERNATIONAL,PROSTAR,2017
8103,INTERNATIONAL,PROSTAR,2018
8104,INTERNATIONAL,PROSTAR,2019
8105,INTERNATIONAL,TRANSTAR,2016
8106,INTERNATIONAL,TRANSTAR,2017
8107,NIKOLA,TRE BEV,2022
8108,NIKOLA,TRE BEV,2023
8109,NIKOLA,TRE BEV,2024
8110,DUCATI,DIAVEL,2023
8111,VOLVO,VNR,2023
8112,SUPER PRODUCTS,CAMEL,2014
8113,SUPER PRODUCTS,CAMEL,2015
8114,SUPER PRODUCTS,CAMEL,2016
8115,SUPER PRODUCTS,CAMEL,2017
8116,SUPER PRODUCTS,CAMEL,2018
8117,SUPER PRODUCTS,CAMEL,2019
8118,SUPER PRODUCTS,MUD DOG,2014
8119,SUPER PRODUCTS,MUD DOG,2015
8120,SUPER PRODUCTS,MUD DOG,2016
8121,SUPER PRODUCTS,MUD DOG,2017
8122,SUPER PRODUCTS,MUD DOG,2018
8123,SUPER PRODUCTS,MUD DOG,2019
8124,BUELL,1190 RX HAMMERHEAD,2021
8125,BUELL,1190 RX HAMMERHEAD,2022
8126,BUELL,1190 SX,2021
8127,BUELL,1190 SX,2022
8128,SUBARU,ASCENT,2023
8129,THOMAS BUILT BUSES,HDX,2023
8130,THOMAS BUILT BUSES,SAF-T-LINER C2,2024
8131,THOMAS BUILT BUSES,SAF-T-LINER C2 JOULEY,2024
8132,THOMAS BUILT BUSES,SAF-T-LINER MVP-EF,2023
8133,HONDA,CMX300,2023
8134,CHEVROLET,4500HD,2023
8135,CHEVROLET,5500HD,2023
8136,CHEVROLET,6500HD,2019
8137,CHEVROLET,6500HD,2020
8138,CHEVROLET,6500HD,2021
8139,CHEVROLET,6500HD,2023
8140,FIELD VAN,SPRINTER,2019
8141,FIELD VAN,SPRINTER,2020
8142,FIELD VAN,SPRINTER,2021
8143,FIELD VAN,SPRINTER,2022
8144,NISSAN,PATHFINDER,2023
8145,NISSAN,ROGUE,2023
8146,WINNEBAGO,MICRO MINNIE,2023
8147,NISSAN,FRONTIER,2023
8148,AIRSTREAM,RANGELINE,2023
8149,HEARTLAND,BIG COUNTRY,2023
8150,HEARTLAND,BIGHORN,2023
8151,TRIPLE E RV,WONDER,2023
8152,INTERNATIONAL,CV,2017
8153,INTERNATIONAL,CV,2018
8154,INTERNATIONAL,CV,2023
8155,FORD,RANGER,2023
8156,THOR MOTOR COACH,DAZZLE,2023
8157,THOR MOTOR COACH,DAZZLE,2024
8158,THOR MOTOR COACH,RIZE,2024
8159,THOR MOTOR COACH,SCOPE,2024
8160,THOR MOTOR COACH,SEQUENCE,2023
8161,THOR MOTOR COACH,TELLARO,2023
8162,THOR MOTOR COACH,TELLARO,2024
8163,THOR MOTOR COACH,TWIST,2023
8164,THOR MOTOR COACH,TWIST,2024
8165,NOVA BUS,LFS,2023
8166,SUBARU,IMPREZA,2023
8167,BMW,XM,2023
8168,BMW,IX,2024
8169,NISSAN,LEAF,2013
8170,NISSAN,LEAF,2014
8171,NISSAN,LEAF,2015
8172,NISSAN,LEAF,2016
8173,NISSAN,LEAF,2017
8174,KIA,NIRO,2023
8175,KIA,NIRO PHEV,2023
8176,KIA,SOUL,2023
8177,KIA,SPORTAGE HYBRID,2023
8178,KIA,SPORTAGE PHEV,2023
8179,FREIGHTLINER,BUSINESS CLASS M2,2024
8180,FREIGHTLINER,CASCADIA,2024
8181,FREIGHTLINER,CLASSIC CASCADIA,2020
8182,WINNEBAGO,SOLIS,2021
8183,WINNEBAGO,SOLIS,2022
8184,WINNEBAGO,SOLIS,2023
8185,WINNEBAGO,TRAVATO,2020
8186,WINNEBAGO,TRAVATO,2021
8187,WINNEBAGO,TRAVATO,2022
8188,WINNEBAGO,TRAVATO,2023
8189,MERCEDES-BENZ,EQE 350,2023
8190,MERCEDES-BENZ,EQS450,2023
8191,MERCEDES-BENZ,EQS 450+,2022
8192,MERCEDES-BENZ,EQS580,2023
8193,MERCEDES-BENZ,S 580 E,2023
8194,MACK,LR,2024
8195,PORSCHE,911 CARRERA,2022
8196,PORSCHE,911 CARRERA S,2020
8197,PORSCHE,TAYCAN TURBO,2021
8198,BENTLEY,FLYING SPUR,2023
8199,PJ TRAILERS,CC,2022
8200,PJ TRAILERS,CC,2023
8201,PJ TRAILERS,CC,2024
8202,PJ TRAILERS,DD,2022
8203,PJ TRAILERS,DD,2023
8204,PJ TRAILERS,DD,2024
8205,PJ TRAILERS,LD,2022
8206,PJ TRAILERS,LD,2023
8207,PJ TRAILERS,LD,2024
8208,PJ TRAILERS,LS,2022
8209,PJ TRAILERS,LS,2023
8210,PJ TRAILERS,LS,2024
8211,PJ TRAILERS,LX,2022
8212,PJ TRAILERS,LX,2023
8213,PJ TRAILERS,LX,2024
8214,PJ TRAILERS,LY,2022
8215,PJ TRAILERS,LY,2023
8216,PJ TRAILERS,LY,2024
8217,PJ TRAILERS,TJ,2022
8218,PJ TRAILERS,TJ,2023
8219,PJ TRAILERS,TJ,2024
8220,PJ TRAILERS,TS,2022
8221,PJ TRAILERS,TS,2023
8222,PJ TRAILERS,TS,2024
8223,FERRARI,296,2022
8224,FERRARI,296,2023
8225,BRAUN AMBULANCES,CHIEF XL TYPE I,2020
8226,BRAUN AMBULANCES,CHIEF XL TYPE I,2021
8227,BRAUN AMBULANCES,CHIEF XL TYPE I,2022
8228,BRAUN AMBULANCES,CHIEF XL TYPE I,2023
8229,BRAUN AMBULANCES,EXPRESS PLUS TYPE I,2021
8230,BRAUN AMBULANCES,EXPRESS PLUS TYPE I,2022
8231,BRAUN AMBULANCES,EXPRESS PLUS TYPE I,2023
8232,BRAUN AMBULANCES,LIBERTY TYPE I,2020
8233,BRAUN AMBULANCES,LIBERTY TYPE I,2021
8234,BRAUN AMBULANCES,LIBERTY TYPE I,2022
8235,BRAUN AMBULANCES,LIBERTY TYPE I,2023
8236,GMC,ACADIA,2017
8237,JEEP,GRAND CHEROKEE,2023
8238,MINI,COOPER,2007
8239,MINI,COOPER,2008
8240,MINI,COOPER,2009
8241,MINI,COOPER,2010
8242,MINI,COOPER,2011
8243,MINI,COOPER,2012
8244,MINI,COOPER,2013
8245,MINI,COOPER CLUBMAN,2008
8246,MINI,COOPER CLUBMAN,2009
8247,MINI,COOPER CLUBMAN,2010
8248,MINI,COOPER CLUBMAN,2011
8249,MINI,COOPER CLUBMAN,2012
8250,MINI,COOPER CLUBMAN,2013
8251,MINI,COOPER CLUBMAN,2014
8252,MINI,COOPER S,2007
8253,MINI,COOPER S,2008
8254,MINI,COOPER S,2009
8255,MINI,COOPER S,2010
8256,MINI,COOPER S,2011
8257,MINI,COOPER S,2012
8258,MINI,COOPER S,2013
8259,MINI,JCW,2007
8260,MINI,JCW,2008
8261,MINI,JCW,2009
8262,MINI,JCW,2010
8263,MINI,JCW,2011
8264,MINI,JCW,2012
8265,MINI,JCW,2013
8266,ALTEC,DIGGER DERRICK,2023
8267,FORD,F-250 SD,2023
8268,FORD,F-350 SD,2023
8269,FORD,F-450 SD,2023
8270,MITSUBISHI,OUTLANDER,2023
8271,MITSUBISHI,OUTLANDER PHEV,2023
8272,WESTERN STAR,57X,2023
8273,FORETRAVEL,FS450,2022
8274,FORETRAVEL,FS450,2023
8275,FORETRAVEL,FS450,2024
8276,FORETRAVEL,REALM,2022
8277,FORETRAVEL,REALM,2023
8278,FORETRAVEL,REALM,2024
8279,FORETRAVEL,REALM PRESIDENTIAL,2022
8280,FORETRAVEL,REALM PRESIDENTIAL,2023
8281,FORETRAVEL,REALM PRESIDENTIAL,2024
8282,FLEETWOOD,BOUNDER,2024
8283,HOLIDAY RAMBLER,VACATIONER,2024
8284,INTERNATIONAL,4400,2004
8285,INTERNATIONAL,4400,2005
8286,INTERNATIONAL,4400,2006
8287,INTERNATIONAL,4400,2007
8288,INTERNATIONAL,4400,2008
8289,INTERNATIONAL,4400,2009
8290,INTERNATIONAL,4400,2011
8291,INTERNATIONAL,4400,2012
8292,INTERNATIONAL,4400,2016
8293,INTERNATIONAL,8100,2000
8294,INTERNATIONAL,8100,2001
8295,INTERNATIONAL,8100,2002
8296,INTERNATIONAL,8100,2003
8297,INTERNATIONAL,8500,2002
8298,INTERNATIONAL,8500,2003
8299,INTERNATIONAL,8500,2004
8300,INTERNATIONAL,8500,2005
8301,INTERNATIONAL,8500,2006
8302,INTERNATIONAL,8500,2007
8303,INTERNATIONAL,8500,2009
8304,INTERNATIONAL,8600,2003
8305,INTERNATIONAL,8600,2004
8306,INTERNATIONAL,8600,2005
8307,INTERNATIONAL,8600,2006
8308,INTERNATIONAL,8600,2007
8309,INTERNATIONAL,8600,2008
8310,INTERNATIONAL,8600,2009
8311,INTERNATIONAL,8600,2010
8312,INTERNATIONAL,8600,2011
8313,INTERNATIONAL,8600,2012
8314,INTERNATIONAL,8600,2013
8315,INTERNATIONAL,8600,2014
8316,INTERNATIONAL,8600,2015
8317,INTERNATIONAL,8600,2016
8318,INTERNATIONAL,8600,2017
8319,INTERNATIONAL,8600,2018
8320,INTERNATIONAL,9100I,2001
8321,INTERNATIONAL,9100I,2002
8322,INTERNATIONAL,9100I,2003
8323,INTERNATIONAL,9200I,2001
8324,INTERNATIONAL,9200I,2002
8325,INTERNATIONAL,9200I,2003
8326,INTERNATIONAL,9200I,2004
8327,INTERNATIONAL,9200I,2005
8328,INTERNATIONAL,9200I,2006
8329,INTERNATIONAL,9200I,2007
8330,INTERNATIONAL,9200I,2008
8331,INTERNATIONAL,9200I,2009
8332,INTERNATIONAL,9200I,2010
8333,INTERNATIONAL,9400I,2001
8334,INTERNATIONAL,9400I,2002
8335,INTERNATIONAL,9400I,2003
8336,INTERNATIONAL,9400I,2004
8337,INTERNATIONAL,9400I,2005
8338,INTERNATIONAL,9400I,2006
8339,INTERNATIONAL,9400I,2007
8340,INTERNATIONAL,9900I,2003
8341,INTERNATIONAL,9900I,2004
8342,INTERNATIONAL,9900I,2005
8343,INTERNATIONAL,9900I,2006
8344,INTERNATIONAL,9900I,2007
8345,INTERNATIONAL,9900I,2013
8346,INTERNATIONAL,9900IX,2004
8347,INTERNATIONAL,9900IX,2007
8348,INTERNATIONAL,LONESTAR,2010
8349,INTERNATIONAL,LONESTAR,2011
8350,INTERNATIONAL,LONESTAR,2013
8351,INTERNATIONAL,LONESTAR,2016
8352,INTERNATIONAL,LS,2019
8353,INTERNATIONAL,LS,2020
8354,INTERNATIONAL,LS,2021
8355,INTERNATIONAL,PROSTAR,2008
8356,INTERNATIONAL,PROSTAR,2009
8357,INTERNATIONAL,PROSTAR,2010
8358,INTERNATIONAL,PROSTAR,2011
8359,INTERNATIONAL,PROSTAR,2012
8360,INTERNATIONAL,PROSTAR,2013
8361,INTERNATIONAL,PROSTAR,2014
8362,INTERNATIONAL,PROSTAR,2015
8363,INTERNATIONAL,PROSTAR,2016
8364,TICO,SPOTTER B 6.7,2022
8365,TICO,SPOTTER B 6.7,2023
8366,VINFAST,VF 8,2023
8367,ALTEC,AERIAL DEVICE,2023
8368,ALTEC,EFFER CRANE,2021
8369,ALTEC,EFFER CRANE,2022
8370,ALTEC,EFFER CRANE,2023
8371,ALTEC,SERVICE BODY,2021
8372,ALTEC,SERVICE BODY,2022
8373,ALTEC,SERVICE BODY,2023
8374,MERCEDES-MAYBACH,S 580,2023
8375,MERCEDES-MAYBACH,S 680,2023
8376,KIDRON,REFRIGERATED TRAILER,2021
8377,KIDRON,REFRIGERATED TRAILER,2022
8378,KIDRON,REFRIGERATED TRAILER,2023
8379,JAGUAR,I-PACE,2019
8380,JAGUAR,I-PACE,2023
8381,JAGUAR,I-PACE,2024
8382,INTERNATIONAL,EMV,2021
8383,INTERNATIONAL,EMV,2022
8384,INTERNATIONAL,EMV,2023
8385,INTERNATIONAL,EMV,2024
8386,INTERNATIONAL,LONESTAR,2024
8387,IC BUS,EVSB,2022
8388,IC BUS,EVSB,2023
8389,IC BUS,EVSB,2024
8390,IC BUS,RESB,2024
8391,KEYSTONE,ARCADIA,2021
8392,KEYSTONE,ARCADIA,2023
8393,DUCATI,PANIGALE V2,2020
8394,DUCATI,PANIGALE V2,2021
8395,DUCATI,PANIGALE V2,2022
8396,DUCATI,PANIGALE V2,2023
8397,LINCOLN,MKC,2016
8398,LINCOLN,MKC,2017
8399,LINCOLN,MKC,2018
8400,LINCOLN,MKC,2019
8401,LINCOLN,CORSAIR,2023
8402,ALFA ROMEO,GIULIA,2017
8403,ALFA ROMEO,GIULIA,2018
8404,ALFA ROMEO,GIULIA,2019
8405,ALFA ROMEO,STELVIO,2018
8406,TOYOTA,COROLLA CROSS,2022
8407,TOYOTA,COROLLA CROSS,2023
8408,BENTLEY,BENTAYGA,2023
8409,IC BUS,TC,2024
8410,INTERNATIONAL,1300FBC,2018
8411,INTERNATIONAL,1300FBC,2019
8412,INTERNATIONAL,1300FBC,2020
8413,INTERNATIONAL,1300FBC,2023
8414,INTERNATIONAL,1300FBC,2024
8415,IC BUS,CESB,2016
8416,MACK,LRBE (ELECTRIC),2020
8417,VOLVO,VHD,2023
8418,ENTEGRA,ETHOS,2023
8419,ENTEGRA,ETHOS LI,2023
8420,JAYCO,SWIFT,2023
8421,JAYCO,SWIFT LI,2023
8422,MERCEDES-BENZ,AMG EQE,2023
8423,MERCEDES-BENZ,AMG EQS,2023
8424,TIFFIN,ZEPHYR,2023
8425,ALTEC,TG-124S,2022
8426,ALTEC,TG-124S,2023
8427,FORD,EXPEDITION,2018
8428,FORD,F-550 SD,2023
8429,LINCOLN,NAVIGATOR,2018
8430,LINCOLN,NAVIGATOR,2019
8431,NISSAN,SENTRA,2022
8432,GREAT DANE,CHAMPION,2024
8433,GREAT DANE,EVEREST,2024
8434,ACURA,INTEGRA,2023
8435,ACURA,RDX,2023
8436,HONDA,ACCORD,2022
8437,HONDA,CIVIC,2023
8438,HONDA,ODYSSEY,2023
8439,HONDA,PASSPORT,2023
8440,HONDA,PILOT,2022
8441,TOYOTA,CAMRY,2023
8442,TOYOTA,CAMRY HYBRID,2023
8443,ALTEC,LR SERIES AERIAL DEVICE,1999
8444,ALTEC,LR SERIES AERIAL DEVICE,2000
8445,ALTEC,LR SERIES AERIAL DEVICE,2001
8446,ALTEC,LR SERIES AERIAL DEVICE,2002
8447,ALTEC,LR SERIES AERIAL DEVICE,2003
8448,ALTEC,LR SERIES AERIAL DEVICE,2004
8449,ALTEC,LR SERIES AERIAL DEVICE,2005
8450,ALTEC,LR SERIES AERIAL DEVICE,2006
8451,ALTEC,LR SERIES AERIAL DEVICE,2007
8452,ALTEC,LR SERIES AERIAL DEVICE,2008
8453,ALTEC,LR SERIES AERIAL DEVICE,2009
8454,ALTEC,LR SERIES AERIAL DEVICE,2010
8455,ALTEC,LR SERIES AERIAL DEVICE,2011
8456,ALTEC,LR SERIES AERIAL DEVICE,2012
8457,ALTEC,LR SERIES AERIAL DEVICE,2013
8458,ALTEC,LR SERIES AERIAL DEVICE,2014
8459,ALTEC,LR SERIES AERIAL DEVICE,2015
8460,ALTEC,LR SERIES AERIAL DEVICE,2016
8461,ALTEC,LR SERIES AERIAL DEVICE,2017
8462,ALTEC,LR SERIES AERIAL DEVICE,2018
8463,ALTEC,LR SERIES AERIAL DEVICE,2019
8464,ALTEC,LR SERIES AERIAL DEVICE,2020
8465,ALTEC,LR SERIES AERIAL DEVICE,2021
8466,ALTEC,LR SERIES AERIAL DEVICE,2022
8467,ALTEC,L SERIES AERIAL DEVICE,1999
8468,ALTEC,L SERIES AERIAL DEVICE,2000
8469,ALTEC,L SERIES AERIAL DEVICE,2001
8470,ALTEC,L SERIES AERIAL DEVICE,2002
8471,ALTEC,L SERIES AERIAL DEVICE,2003
8472,ALTEC,L SERIES AERIAL DEVICE,2004
8473,ALTEC,L SERIES AERIAL DEVICE,2005
8474,ALTEC,L SERIES AERIAL DEVICE,2006
8475,ALTEC,L SERIES AERIAL DEVICE,2007
8476,ALTEC,L SERIES AERIAL DEVICE,2008
8477,ALTEC,L SERIES AERIAL DEVICE,2009
8478,ALTEC,L SERIES AERIAL DEVICE,2010
8479,ALTEC,L SERIES AERIAL DEVICE,2011
8480,ALTEC,L SERIES AERIAL DEVICE,2012
8481,ALTEC,L SERIES AERIAL DEVICE,2013
8482,ALTEC,L SERIES AERIAL DEVICE,2014
8483,ALTEC,L SERIES AERIAL DEVICE,2015
8484,ALTEC,L SERIES AERIAL DEVICE,2016
8485,ALTEC,L SERIES AERIAL DEVICE,2017
8486,ALTEC,L SERIES AERIAL DEVICE,2018
8487,ALTEC,L SERIES AERIAL DEVICE,2019
8488,ALTEC,L SERIES AERIAL DEVICE,2020
8489,ALTEC,L SERIES AERIAL DEVICE,2021
8490,ALTEC,L SERIES AERIAL DEVICE,2022
8491,FORD,FUSION,2019
8492,FORD,FUSION,2020
8493,VOLVO,VAH,2023
8494,VOLVO,VAH,2024
8495,VOLVO,VN,2024
8496,PORSCHE,MACAN,2019
8497,PORSCHE,MACAN S,2019
8498,PORSCHE,MACAN S,2020
8499,PORSCHE,MACAN SPORT EDITION,2018
8500,PORSCHE,MACAN TURBO,2020
8501,PORSCHE,PANAMERA 4 E-HYBRID,2018
8502,MERCEDES-BENZ,AMG C43,2022
8503,MERCEDES-BENZ,AMG C43,2023
8504,MERCEDES-BENZ,AMG C63 S,2022
8505,MERCEDES-BENZ,AMG C63 S,2023
8506,MERCEDES-BENZ,AMG E53,2023
8507,MERCEDES-BENZ,AMG E63 S,2023
8508,MERCEDES-BENZ,AMG G63,2023
8509,MERCEDES-BENZ,AMG GLC43,2022
8510,MERCEDES-BENZ,AMG GLC43,2023
8511,MERCEDES-BENZ,AMG GT43,2023
8512,MERCEDES-BENZ,AMG GT53,2023
8513,MERCEDES-BENZ,AMG GT63,2023
8514,MERCEDES-BENZ,AMG GT63 S,2023
8515,MERCEDES-BENZ,AMG SL43,2023
8516,MERCEDES-BENZ,AMG SL55,2023
8517,MERCEDES-BENZ,AMG SL63,2023
8518,MERCEDES-BENZ,C 300,2023
8519,MERCEDES-BENZ,CLS 450,2023
8520,MERCEDES-BENZ,E 350,2023
8521,MERCEDES-BENZ,E 450,2023
8522,MERCEDES-BENZ,G 550,2022
8523,MERCEDES-BENZ,GLC 300,2022
8524,MERCEDES-BENZ,GLC 300,2023
8525,MERCEDES-BENZ,S 500,2023
8526,MERCEDES-BENZ,S 580,2023
8527,MERCEDES-MAYBACH,S 680,2022
8528,PORSCHE,911 GT3,2023
8529,THOR MOTOR COACH,SANCTUARY,2023
8530,THOR MOTOR COACH,TRANQUILITY,2023
8531,THOR MOTOR COACH,TRANQUILITY,2024
8532,LION,LIONC,2019
8533,LION,LIONC,2020
8534,LION,LIONC,2021
8535,LION,LIONC,2022
8536,LION,LIONC,2023
8537,LION,LIONC,2024
8538,LION,LIONC,2025
8539,KIDRON,REFRIGERATED BODIES,2011
8540,KIDRON,REFRIGERATED BODIES,2012
8541,KIDRON,REFRIGERATED BODIES,2013
8542,KIDRON,REFRIGERATED BODIES,2014
8543,KIDRON,REFRIGERATED BODIES,2015
8544,KIDRON,REFRIGERATED BODIES,2016
8545,KIDRON,REFRIGERATED BODIES,2017
8546,KIDRON,REFRIGERATED BODIES,2018
8547,KIDRON,REFRIGERATED BODIES,2019
8548,KIDRON,REFRIGERATED BODIES,2020
8549,KIDRON,REFRIGERATED BODIES,2021
8550,LION,LION6,2021
8551,LION,LION6,2022
8552,LION,LION6,2023
8553,LION,LION6,2024
8554,LION,LION6,2025
8555,LION,LION8,2021
8556,LION,LION8,2022
8557,LION,LION8,2023
8558,LION,LION8,2024
8559,LION,LION8,2025
8560,FREIGHTLINER,E-CASCADIA,2023
8561,FREIGHTLINER,E-CASCADIA,2024
8562,AIRSTREAM,INTERSTATE,2024
8563,HINO,NE7B,2022
8564,HINO,NE7B,2023
8565,HINO,NV7B,2022
8566,HINO,NV7B,2023
8567,HONDA,CIVIC,2021
8568,HONDA,RIDGELINE,2022
8569,HONDA,RIDGELINE,2023
8570,MOBILITY VENTURES,MV-1,2015
8571,MOBILITY VENTURES,MV-1,2016
8572,MACK,LR,2023
8573,POLARIS,SLINGSHOT GT,2020
8574,POLARIS,SLINGSHOT R,2020
8575,POLARIS,SLINGSHOT R,2021
8576,POLARIS,SLINGSHOT S,2021
8577,POLARIS,SLINGSHOT SL,2020
8578,POLARIS,SLINGSHOT SL,2021
8579,POLARIS,SLINGSHOT S TECH,2021
8580,POLARIS,SLINGSHOT S TECH,2022
8581,POLARIS,SLINGSHOT S TECH,2023
8582,TOYOTA,SEQUOIA HYBRID,2023
8583,NEWMAR,BAY STAR,2021
8584,NEWMAR,BAY STAR,2022
8585,NEWMAR,BAY STAR,2023
8586,NEWMAR,BAY STAR SPORT,2020
8587,NEWMAR,BAY STAR SPORT,2022
8588,NEWMAR,BAY STAR SPORT,2023
8589,NEWMAR,SUPER STAR,2022
8590,NEWMAR,SUPER STAR,2023
8591,BMW,X5,2024
8592,BMW,X6,2024
8593,BMW,X7,2024
8594,POLESTAR,POLESTAR 2,2023
8595,LEXUS,NX250,2023
8596,LEXUS,NX250,2024
8597,LEXUS,NX350,2023
8598,LEXUS,NX350,2024
8599,LEXUS,NX HYBRID,2023
8600,LEXUS,NX HYBRID,2024
8601,LEXUS,RX350,2023
8602,LEXUS,RX500H,2023
8603,LEXUS,RX HYBRID,2023
8604,TOYOTA,COROLLA,2023
8605,TOYOTA,COROLLA CROSS HYBRID,2023
8606,TOYOTA,HIGHLANDER,2023
8607,TOYOTA,HIGHLANDER HYBRID,2023
8608,NOVA BUS,LFS ARTIC,2023
8609,MCLAREN,600LT,2020
8610,TOYOTA,RAV4,2023
8611,MAZDA,CX-3,2016
8612,MAZDA,CX-3,2017
8613,MAZDA,CX-3,2018
8614,MAZDA,CX-3,2019
8615,MAZDA,CX-3,2020
8616,MAZDA,CX-3,2021
8617,MAZDA,MAZDA3,2014
8618,MAZDA,MAZDA3,2015
8619,MAZDA,MAZDA3,2016
8620,MAZDA,MAZDA3,2017
8621,MAZDA,MAZDA3,2018
8622,TITAN BUS,DRW,2017
8623,TITAN BUS,DRW,2018
8624,TITAN BUS,DRW,2019
8625,TITAN BUS,DRW,2020
8626,TITAN BUS,DRW,2021
8627,TITAN BUS,SRW,2017
8628,TITAN BUS,SRW,2018
8629,TITAN BUS,SRW,2019
8630,TITAN BUS,SRW,2020
8631,TITAN BUS,SRW,2021
8632,JAGUAR,XE,2019
8633,FORD,F-53,2023
8634,FORD,F-59,2023
8635,VOLVO,VNRE (ELECTRIC),2024
8636,KAWASAKI,ZX400,2023
8637,BUICK,VERANO,2013
8638,CHEVROLET,CAMARO,2013
8639,CHEVROLET,SONIC,2013
8640,CHEVROLET,VOLT,2013
8641,HONDA,CR-V,2022
8642,HYUNDAI,KONA,2023
8643,HYUNDAI,PALISADE,2024
8644,HYUNDAI,SONATA,2023
8645,HYUNDAI,TUCSON,2023
8646,HYUNDAI,TUCSON,2024
8647,PORSCHE,CAYENNE,2024
8648,PORSCHE,CAYENNE COUPE,2024
8649,PORSCHE,CAYENNE S,2024
8650,PORSCHE,CAYENNE S COUPE,2024
8651,PORSCHE,CAYENNE TURBO GT,2024
8652,TEMP AIR,EBB-60,2020
8653,TEMP AIR,EBB-60,2021
8654,TEMP AIR,EBB-60,2022
8655,CHINOOK,BAYSIDE,2020
8656,CHINOOK,BAYSIDE,2021
8657,CHINOOK,BAYSIDE,2022
8658,CHINOOK,BAYSIDE,2023
8659,CHINOOK,BAYSIDE,2024
8660,KIA,SELTOS,2023
8661,KIA,SELTOS,2024
8662,KIA,NIRO,2019
8663,KIA,NIRO,2020
8664,KIA,NIRO,2021
8665,KIA,NIRO,2022
8666,KIA,NIRO PHEV,2018
8667,KIA,NIRO PHEV,2019
8668,KIA,NIRO PHEV,2020
8669,KIA,NIRO PHEV,2021
8670,KIA,NIRO PHEV,2022
8671,ROSENBAUER,COMMERCIAL 567,2022
8672,ROSENBAUER,COMMERCIAL F-550,2021
8673,ROSENBAUER,COMMERCIAL F-550,2022
8674,ROSENBAUER,COMMERCIAL M2-106,2022
8675,ROSENBAUER,COMMERCIAL M2-112,2022
8676,TIGER,BENGAL TX,2021
8677,TIGER,BENGAL TX,2022
8678,TIGER,BENGAL TX,2023
8679,JEEP,GRAND WAGONEER,2023
8680,JEEP,WAGONEER,2023
8681,STARCRAFT,SUPER LITE MAXX,2023
8682,HIGHLAND RIDGE,RANGE LITE AIR,2023
8683,HIGHLAND RIDGE,RANGE LITE AIR,2024
8684,CHEVROLET,SILVERADO 2500,2024
8685,CHEVROLET,SILVERADO 3500,2024
8686,GMC,SIERRA 2500,2024
8687,GMC,SIERRA 3500,2024
8688,LAKOTA,BIGHORN,2024
8689,LAKOTA,CHARGER,2020
8690,LAKOTA,CHARGER,2023
8691,LAKOTA,CHARGER,2024
8692,SUBARU,CROSSTREK,2024
8693,SUBARU,IMPREZA,2024
8694,MERCEDES-BENZ,EQE 500,2023
8695,HINO,CONVENTIONAL MODELS,2020
8696,HINO,CONVENTIONAL MODELS,2021
8697,HINO,CONVENTIONAL MODELS,2022
8698,HINO,CONVENTIONAL MODELS,2023
8699,HINO,CONVENTIONAL MODELS,2024
8700,ISUZU,CHEVROLET LCF 3500HG,2023
8701,ISUZU,CHEVROLET LCF 3500HG,2024
8702,ISUZU,CHEVROLET LCF 4500HG,2023
8703,ISUZU,CHEVROLET LCF 4500HG,2024
8704,ISUZU,CHEVROLET LCF 5500HG,2024
8705,ISUZU,CHEVROLET LCF 5500XG,2024
8706,ISUZU,N-SERIES,2024
8707,LAND ROVER,RANGE ROVER PHEV,2023
8708,JEEP,COMPASS,2023
8709,JEEP,GRAND CHEROKEE,2022
8710,JEEP,GRAND WAGONEER,2024
8711,JEEP,WAGONEER,2024
8712,TRAIL KING,AB,1992
8713,TRAIL KING,AB,1993
8714,TRAIL KING,AB,1994
8715,TRAIL KING,AB,1995
8716,TRAIL KING,AB,1996
8717,TRAIL KING,AB,1997
8718,TRAIL KING,AB,1998
8719,TRAIL KING,AB,1999
8720,TRAIL KING,AB,2000
8721,TRAIL KING,AB,2001
8722,TRAIL KING,AB,2002
8723,TRAIL KING,AB,2003
8724,TRAIL KING,AB,2004
8725,TRAIL KING,AB,2005
8726,TRAIL KING,AB,2006
8727,TRAIL KING,AB,2007
8728,TRAIL KING,AB,2008
8729,TRAIL KING,AB,2009
8730,TRAIL KING,AB,2010
8731,TRAIL KING,AB,2011
8732,TRAIL KING,AB,2012
8733,TRAIL KING,AB,2013
8734,TRAIL KING,AB,2014
8735,TRAIL KING,AB,2015
8736,TRAIL KING,AB,2016
8737,TRAIL KING,AB,2017
8738,TRAIL KING,AB,2018
8739,TRAIL KING,AB,2019
8740,TRAIL KING,AB,2020
8741,TRAIL KING,AB,2021
8742,TRAIL KING,AB,2022
8743,TRAIL KING,AB,2023
8744,TRAIL KING,AB EXT,1992
8745,TRAIL KING,AB EXT,1993
8746,TRAIL KING,AB EXT,1994
8747,TRAIL KING,AB EXT,1995
8748,TRAIL KING,AB EXT,1996
8749,TRAIL KING,AB EXT,1997
8750,TRAIL KING,AB EXT,1998
8751,TRAIL KING,AB EXT,1999
8752,TRAIL KING,AB EXT,2000
8753,TRAIL KING,AB EXT,2001
8754,TRAIL KING,AB EXT,2002
8755,TRAIL KING,AB EXT,2003
8756,TRAIL KING,AB EXT,2004
8757,TRAIL KING,AB EXT,2005
8758,TRAIL KING,AB EXT,2006
8759,TRAIL KING,AB EXT,2007
8760,TRAIL KING,AB EXT,2008
8761,TRAIL KING,AB EXT,2009
8762,TRAIL KING,AB EXT,2010
8763,TRAIL KING,AB EXT,2011
8764,TRAIL KING,AB EXT,2012
8765,TRAIL KING,AB EXT,2013
8766,TRAIL KING,AB EXT,2014
8767,TRAIL KING,AB EXT,2015
8768,TRAIL KING,AB EXT,2016
8769,TRAIL KING,AB EXT,2017
8770,TRAIL KING,AB EXT,2018
8771,TRAIL KING,AB EXT,2019
8772,TRAIL KING,AB EXT,2020
8773,TRAIL KING,AB EXT,2021
8774,TRAIL KING,AB EXT,2022
8775,TRAIL KING,AB EXT,2023
8776,TRAIL KING,TKFA,1992
8777,TRAIL KING,TKFA,1993
8778,TRAIL KING,TKFA,1994
8779,TRAIL KING,TKFA,1995
8780,TRAIL KING,TKFA,1996
8781,TRAIL KING,TKFA,1997
8782,TRAIL KING,TKFA,1998
8783,TRAIL KING,TKFA,1999
8784,TRAIL KING,TKFA,2000
8785,TRAIL KING,TKFA,2001
8786,TRAIL KING,TKFA,2002
8787,TRAIL KING,TKFA,2003
8788,TRAIL KING,TKFA,2004
8789,TRAIL KING,TKFA,2005
8790,TRAIL KING,TKFA,2006
8791,TRAIL KING,TKFA,2007
8792,TRAIL KING,TKFA,2008
8793,TRAIL KING,TKFA,2009
8794,TRAIL KING,TKFA,2010
8795,TRAIL KING,TKFA,2011
8796,TRAIL KING,TKFA,2012
8797,TRAIL KING,TKFA,2013
8798,TRAIL KING,TKFA,2014
8799,TRAIL KING,TKFA,2015
8800,TRAIL KING,TKFA,2016
8801,TRAIL KING,TKFA,2017
8802,TRAIL KING,TKFA,2018
8803,TRAIL KING,TKFA,2019
8804,TRAIL KING,TKFA,2020
8805,TRAIL KING,TKFA,2021
8806,TRAIL KING,TKFA,2022
8807,TRAIL KING,TKFA,2023
8808,TRAIL KING,TKPA,1992
8809,TRAIL KING,TKPA,1993
8810,TRAIL KING,TKPA,1994
8811,TRAIL KING,TKPA,1995
8812,TRAIL KING,TKPA,1996
8813,TRAIL KING,TKPA,1997
8814,TRAIL KING,TKPA,1998
8815,TRAIL KING,TKPA,1999
8816,TRAIL KING,TKPA,2000
8817,TRAIL KING,TKPA,2001
8818,TRAIL KING,TKPA,2002
8819,TRAIL KING,TKPA,2003
8820,TRAIL KING,TKPA,2004
8821,TRAIL KING,TKPA,2005
8822,TRAIL KING,TKPA,2006
8823,TRAIL KING,TKPA,2007
8824,TRAIL KING,TKPA,2008
8825,TRAIL KING,TKPA,2009
8826,TRAIL KING,TKPA,2010
8827,TRAIL KING,TKPA,2011
8828,TRAIL KING,TKPA,2012
8829,TRAIL KING,TKPA,2013
8830,TRAIL KING,TKPA,2014
8831,TRAIL KING,TKPA,2015
8832,TRAIL KING,TKPA,2016
8833,TRAIL KING,TKPA,2017
8834,TRAIL KING,TKPA,2018
8835,TRAIL KING,TKPA,2019
8836,TRAIL KING,TKPA,2020
8837,TRAIL KING,TKPA,2021
8838,TRAIL KING,TKPA,2022
8839,TRAIL KING,TKPA,2023
8840,KIA,SORENTO,2023
8841,INDIAN,CHALLENGER,2023
8842,INDIAN,PURSUIT DARK HORSE,2023
8843,INDIAN,PURSUIT LIMITED,2023
8844,TRIUMPH,TIGER SPORT 660,2022
8845,TRIUMPH,TIGER SPORT 660,2023
8846,TRIUMPH,TIGER SPORT 660,2024
8847,TRIUMPH,TRIDENT 660,2022
8848,TRIUMPH,TRIDENT 660,2023
8849,TRIUMPH,TRIDENT 660,2024
8850,BMW,M340I,2022
8851,HONDA,ACCORD HYBRID,2023
8852,HONDA,CR-V HYBRID,2023
8853,HYUNDAI,ELANTRA HYBRID,2023
8854,ATC,PL700,2022
8855,ATC,PL700,2023
8856,HARLEY-DAVIDSON,FLDE,2018
8857,HARLEY-DAVIDSON,FLDE,2019
8858,HARLEY-DAVIDSON,FLHC,2018
8859,HARLEY-DAVIDSON,FLHC,2019
8860,HARLEY-DAVIDSON,FLHC,2020
8861,HARLEY-DAVIDSON,FLHC,2021
8862,HARLEY-DAVIDSON,FLHCS,2018
8863,HARLEY-DAVIDSON,FLHCS,2019
8864,HARLEY-DAVIDSON,FLHCS,2020
8865,HARLEY-DAVIDSON,FLHCS,2021
8866,HARLEY-DAVIDSON,FLHCS,2022
8867,HARLEY-DAVIDSON,FLHCS,2023
8868,HARLEY-DAVIDSON,FLHCS ANV,2018
8869,HARLEY-DAVIDSON,FLHCS ANV,2023
8870,HARLEY-DAVIDSON,FXLRS,2020
8871,HARLEY-DAVIDSON,FXLRS,2021
8872,HARLEY-DAVIDSON,FXLRS,2022
8873,HARLEY-DAVIDSON,FXLRS,2023
8874,HARLEY-DAVIDSON,FXLRST,2022
8875,HARLEY-DAVIDSON,FXLRST,2023
8876,HARLEY-DAVIDSON,FXRST,2022
8877,BENTLEY,BENTAYGA,2017
8878,VOLKSWAGEN,ATLAS,2024
8879,VOLKSWAGEN,ATLAS CROSS SPORT,2024
8880,KIA,OPTIMA,2016
8881,KIA,OPTIMA,2017
8882,KIA,OPTIMA,2018
8883,KIA,RIO,2016
8884,KIA,RIO,2017
8885,MACK,GRANITE (GR),2015
8886,MACK,GRANITE (GR),2016
8887,MACK,GRANITE (GR),2017
8888,MACK,GRANITE (GU),2015
8889,MACK,GRANITE (GU),2016
8890,MACK,GRANITE (GU),2017
8891,MACK,GRANITE (GU),2023
8892,INTERSTATE,ITLT716A2,2023
8893,MACK,MD,2024
8894,SUBARU,BRZ,2022
8895,TOYOTA,GR86,2022
8896,AUDI,E TRON GT,2023
8897,AUDI,RS E-TRON GT,2023
8898,PORSCHE,TAYCAN 4 CROSS TURISMO,2023
8899,PORSCHE,TAYCAN 4S,2023
8900,PORSCHE,TAYCAN 4S CROSS TURISMO,2023
8901,PORSCHE,TAYCAN CROSS TURISMO,2023
8902,PORSCHE,TAYCAN GTS,2023
8903,PORSCHE,TAYCAN GTS SPORT TURISMO,2023
8904,PORSCHE,TAYCAN TURBO,2023
8905,PORSCHE,TAYCAN TURBO S,2023
8906,PORSCHE,TAYCAN TURBO S CROSS TURI,2023
8907,WILSON,DWH-750,2024
8908,DUCATI,XDIAVEL S,2018
8909,DUCATI,XDIAVEL S,2019
8910,DUCATI,XDIAVEL S,2020
8911,ALFA ROMEO,TONALE,2023
8912,ALFA ROMEO,TONALE,2024
8913,DODGE,HORNET,2023
8914,DODGE,HORNET,2024
8915,FORD,E-350,2024
8916,FORD,E-350,2025
8917,FORD,F-650 INCOMPLETE CHASSIS,2024
8918,FORD,F-650 SD,2025
8919,FORD,F-750 SD,2024
8920,FORD,F-750 SD,2025
8921,WINNEBAGO,TRAVATO,2017
8922,WINNEBAGO,TRAVATO,2018
8923,WINNEBAGO,TRAVATO,2019
8924,WINNEBAGO,TRAVATO,2024
8925,KME,PREDATOR,2023
8926,KENTUCKY TRAILER,XL-12,2019
8927,KENTUCKY TRAILER,XL-12,2020
8928,KENTUCKY TRAILER,XL-12,2021
8929,KENTUCKY TRAILER,XL-12,2022
8930,KENTUCKY TRAILER,XL-12,2023
8931,ALTEC,DIGGER DERRICK,2004
8932,ALTEC,DIGGER DERRICK,2005
8933,ALTEC,DIGGER DERRICK,2006
8934,ALTEC,DIGGER DERRICK,2007
8935,ALTEC,DIGGER DERRICK,2008
8936,ALTEC,DIGGER DERRICK,2009
8937,ALTEC,DIGGER DERRICK,2010
8938,ALTEC,DIGGER DERRICK,2011
8939,ALTEC,DIGGER DERRICK,2012
8940,ALTEC,DIGGER DERRICK,2013
8941,ALTEC,DIGGER DERRICK,2014
8942,ALTEC,DIGGER DERRICK,2015
8943,WINNEBAGO,MINNIE WINNIE,2021
8944,WINNEBAGO,MINNIE WINNIE,2022
8945,WINNEBAGO,NAVION,2020
8946,WINNEBAGO,NAVION,2021
8947,WINNEBAGO,NAVION,2022
8948,WINNEBAGO,PORTO,2020
8949,WINNEBAGO,PORTO,2021
8950,WINNEBAGO,SPIRIT,2020
8951,WINNEBAGO,SPIRIT,2021
8952,WINNEBAGO,SPIRIT,2022
8953,WINNEBAGO,VIEW,2020
8954,WINNEBAGO,VIEW,2021
8955,WINNEBAGO,VIEW,2022
8956,WINNEBAGO,VITA,2020
8957,WINNEBAGO,VITA,2021
8958,DODGE,DURANGO,2023
8959,TIFFIN,ALLEGRO BUS,2016
8960,TIFFIN,ALLEGRO BUS,2017
8961,TIFFIN,ALLEGRO BUS,2024
8962,TIFFIN,ZEPHYR,2017
8963,TIFFIN,ZEPHYR,2024
8964,ROLLS-ROYCE,GHOST,2022
8965,ROLLS-ROYCE,GHOST,2023
8966,SUBARU,LEGACY,2023
8967,SUBARU,OUTBACK,2023
8968,HYUNDAI,KONA,2024
8969,HYUNDAI,ACCENT,2013
8970,HYUNDAI,ACCENT,2014
8971,HYUNDAI,ACCENT,2015
8972,HYUNDAI,AZERA,2012
8973,HYUNDAI,AZERA,2013
8974,HYUNDAI,AZERA,2014
8975,HYUNDAI,AZERA,2015
8976,HYUNDAI,ELANTRA,2013
8977,HYUNDAI,ELANTRA,2014
8978,HYUNDAI,ELANTRA,2015
8979,HYUNDAI,ELANTRA COUPE,2013
8980,HYUNDAI,ELANTRA COUPE,2014
8981,HYUNDAI,ELANTRA COUPE,2015
8982,HYUNDAI,EQUUS,2014
8983,HYUNDAI,EQUUS,2015
8984,HYUNDAI,GENESIS COUPE,2011
8985,HYUNDAI,GENESIS COUPE,2012
8986,HYUNDAI,GENESIS COUPE,2013
8987,HYUNDAI,GENESIS COUPE,2014
8988,HYUNDAI,GENESIS COUPE,2015
8989,HYUNDAI,SANTA FE,2013
8990,HYUNDAI,SANTA FE,2014
8991,HYUNDAI,SANTA FE,2015
8992,HYUNDAI,SONATA HYBRID,2014
8993,HYUNDAI,SONATA HYBRID,2015
8994,HYUNDAI,TUCSON,2010
8995,HYUNDAI,TUCSON,2011
8996,HYUNDAI,TUCSON,2012
8997,HYUNDAI,TUCSON,2013
8998,HYUNDAI,TUCSON FUEL CELL,2015
8999,KIA,BORREGO,2010
9000,KIA,BORREGO,2011
9001,KIA,BORREGO,2012
9002,KIA,BORREGO,2013
9003,KIA,BORREGO,2014
9004,KIA,BORREGO,2015
9005,KIA,BORREGO,2016
9006,KIA,BORREGO,2017
9007,KIA,BORREGO,2018
9008,KIA,BORREGO,2019
9009,KIA,FORTE,2010
9010,KIA,FORTE,2011
9011,KIA,FORTE KOUP,2010
9012,KIA,FORTE KOUP,2011
9013,KIA,K900,2015
9014,KIA,OPTIMA,2011
9015,KIA,RIO,2012
9016,KIA,RIO,2013
9017,KIA,RIO,2014
9018,KIA,RIO,2015
9019,KIA,RONDO,2010
9020,KIA,RONDO,2011
9021,KIA,SORENTO,2011
9022,KIA,SOUL,2011
9023,KIA,SOUL,2012
9024,KIA,SOUL,2013
9025,KIA,SPORTAGE,2010
9026,KIA,SPORTAGE,2011
9027,KIA,SPORTAGE,2013
9028,PETERBILT,567,2024
9029,RAM,2500,2024
9030,KENWORTH,T480,2020
9031,PETERBILT,536,2020
9032,PETERBILT,548,2020
9033,MERCEDES-BENZ,A 220,2022
9034,MERCEDES-BENZ,AMG GLA35,2022
9035,MERCEDES-BENZ,GLA 250,2022
9036,BRINKLEY RV,MODEL G,2024
9037,HARLEY-DAVIDSON,X350RA,2023
9038,THOMAS BUILT BUSES,SAF-T-LINER C2 JOLEY,2022
9039,THOMAS BUILT BUSES,SAF-T-LINER C2 JOLEY,2023
9040,THOMAS BUILT BUSES,SAF-T-LINER C2 JOLEY,2024
9041,THOMAS BUILT BUSES,SAF-T-LINER C2 JOULEY,2020
9042,HARLEY-DAVIDSON,FLHXSE,2023
9043,HARLEY-DAVIDSON,FLTRXSE,2023
9044,BUICK,VERANO,2014
9045,CHEVROLET,CRUZE,2014
9046,MERCEDES-BENZ,EQB 350 4MATIC,2022
9047,TOYOTA,4RUNNER,2023
9048,CADILLAC,XT5,2024
9049,CADILLAC,XT6,2024
9050,BRIGHTDROP,ZEVO 600,2023
9051,BRIGHTDROP,ZEVO 600,2024
9052,PELSUE,FIBERLITE POD TRADESMAN,2022
9053,PELSUE,FIBERLITE XL TRADESMAN,2022
9054,MACK,ANTHEM (AN),2024
9055,MACK,PINNACLE (PI/PN),2024
9056,KIA,BORREGO,2009
9057,WINNEBAGO,ERA,2020
9058,WINNEBAGO,ERA,2021
9059,WINNEBAGO,ERA,2022
9060,WINNEBAGO,ERA,2023
9061,WINNEBAGO,ERA,2024
9062,WINNEBAGO,NAVION,2023
9063,WINNEBAGO,NAVION,2024
9064,WINNEBAGO,VIEW,2023
9065,WINNEBAGO,VIEW,2024
9066,STORYTELLER OVERLAND,MODE LT,2022
9067,STORYTELLER OVERLAND,MODE LT,2023
9068,FERRARI,SF90 SPIDER,2023
9069,FERRARI,SF90 SPIDER,2024
9070,FERRARI,SF90 STRADALE,2024
9071,BMW,530I,2024
9072,BMW,740I,2024
9073,BMW,750E,2024
9074,BMW,760I,2024
9075,BMW,I5,2024
9076,BMW,I5 M60,2024
9077,BMW,I7,2024
9078,BMW,I7 M70,2024
9079,BMW,I7 M70 XDRIVE,2023
9080,TEREX,TL48,2021
9081,TEREX,TL48,2022
9082,TEREX,TL48,2023
9083,HONDA,CIVIC,2022
9084,HONDA,CIVIC,2024
9085,BMW,1 SERIES,2010
9086,BMW,1 SERIES,2011
9087,BMW,1 SERIES,2012
9088,BMW,5 SERIES,2011
9089,BMW,X3,2011
9090,NEW FLYER,XD35,2021
9091,NEW FLYER,XD35,2022
9092,NEW FLYER,XD35,2023
9093,NEW FLYER,XD40,2023
9094,NEW FLYER,XD60,2023
9095,NEW FLYER,XN35,2023
9096,NEW FLYER,XN60,2022
9097,NEW FLYER,XN60,2023
9098,PORSCHE,911 CARRERA 4 GTS,2022
9099,PORSCHE,911 CARRERA 4 GTS,2023
9100,PORSCHE,911 CARRERA GTS,2022
9101,PORSCHE,911 CARRERA GTS,2023
9102,PORSCHE,911 CARRERA GTS,2024
9103,PORSCHE,911 CARRERA T,2024
9104,PORSCHE,911 DAKAR,2023
9105,PORSCHE,911 GT3 RS,2023
9106,PORSCHE,911 GT3 TOURING,2022
9107,PORSCHE,911 GT3 TOURING,2023
9108,PORSCHE,911 TURBO,2022
9109,PORSCHE,911 TURBO S,2021
9110,PORSCHE,911 TURBO S,2022
9111,PORSCHE,911 TURBO S,2023
9112,KENWORTH,T660,2020
9113,KENWORTH,T800,2024
9114,KENWORTH,W900,2021
9115,KENWORTH,W900,2024
9116,TOYOTA,HIGHLANDER,2021
9117,NEW FLYER,XD35,2019
9118,NEW FLYER,XD35,2020
9119,NEW FLYER,XD35,2024
9120,NEW FLYER,XD40,2019
9121,NEW FLYER,XD40,2020
9122,NEW FLYER,XD40,2024
9123,NEW FLYER,XN35,2019
9124,NEW FLYER,XN35,2020
9125,NEW FLYER,XN35,2021
9126,NEW FLYER,XN35,2024
9127,NEW FLYER,XN40,2023
9128,NEW FLYER,XN40,2024
9129,SUBARU,FORESTER,2024
9130,NISSAN,Z,2023
9131,NISSAN,Z,2024
9132,TRIUMPH,ROCKET 3 GT,2022
9133,TRIUMPH,ROCKET 3 GT,2023
9134,TRIUMPH,ROCKET 3 GT,2024
9135,TRIUMPH,ROCKET 3 R,2022
9136,TRIUMPH,ROCKET 3 R,2023
9137,TRIUMPH,ROCKET 3 R,2024
9138,MACK,GRANITE (GR),2024
9139,MACK,TERRAPRO (TE),2024
9140,TOYOTA,RAV4,2013
9141,TOYOTA,RAV4,2014
9142,TOYOTA,RAV4,2015
9143,TOYOTA,RAV4,2016
9144,TOYOTA,RAV4,2017
9145,TOYOTA,RAV4,2018
9146,HONDA,PILOT,2023
9147,HONDA,PILOT,2024
9148,FREIGHTLINER,114SD,2024
9149,FREIGHTLINER,M2,2024
9150,MERCEDES-BENZ,GLC 300,2024
9151,BUICK,ENCORE GX,2024
9152,BUICK,ENVISTA,2024
9153,CHEVROLET,TRAX,2024
9154,WINNEBAGO,MICRO MINNIE,2017
9155,WINNEBAGO,MICRO MINNIE,2018
9156,VOLKSWAGEN,ID.4,2024
9157,ACURA,MDX,2016
9158,ACURA,MDX,2017
9159,ACURA,MDX,2018
9160,ACURA,TLX,2015
9161,ACURA,TLX,2016
9162,ACURA,TLX,2017
9163,ACURA,TLX,2018
9164,SUBARU,FORESTER,2023
9165,SUBARU,WRX,2023
9166,SUBARU,CROSSTREK,2021
9167,SUBARU,FORESTER,2022
9168,SUBARU,LEGACY,2022
9169,TOYOTA,TUNDRA,2024
9170,FORD,F-600 SD,2023
9171,TERBERG BENSCHOP B.V.,TERMINAL TRACTOR,2022
9172,TRIPLE E RV,WONDER,2024
9173,PRATT INTERMODAL CHASSIS,GN30402-EC-6P,2022
9174,PRATT INTERMODAL CHASSIS,GN30402-EC-6P,2023
9175,VOLVO,VHD,2019
9176,VOLVO,VN,2019
9177,VOLVO,VN,2020
9178,VOLVO,VN,2021
9179,BMW,230I,2024
9180,BMW,330I,2024
9181,BMW,X3,2024
9182,BMW,X4,2024
9183,AIRSTREAM,ATLAS,2019
9184,AIRSTREAM,ATLAS,2024
9185,AIRSTREAM,INTERSTATE,2019
9186,AIRSTREAM,RANGELINE,2019
9187,AIRSTREAM,RANGELINE,2020
9188,AIRSTREAM,RANGELINE,2021
9189,AIRSTREAM,RANGELINE,2022
9190,AIRSTREAM,RANGELINE,2024
9191,CFMOTO,700CL-X,2022
9192,CFMOTO,700CL-X,2023
9193,VOLVO,S60,2024
9194,HONDA,ACCORD,2023
9195,HONDA,ACCORD,2024
9196,HONDA,HR-V,2023
9197,HONDA,HR-V,2024
9198,RIVIAN,R1T,2023
9199,CADILLAC,LYRIQ,2024
9200,CHEVROLET,SILVERADO EV,2024
9201,GMC,HUMMER EV SUV,2024
9202,LAND ROVER,RANGE ROVER,2024
9203,MACK,ANTHEM (AN),2023
9204,MACK,TERRAPRO (TE),2023
9205,LODE KING,PRESTIGE,2024
9206,MCLAREN,ARTURA,2024
9207,BMW,X3,2014
9208,BMW,X4,2014
9209,BMW,X4,2015
9210,RAM,3500,2024
9211,RAM,4500,2024
9212,RAM,5500,2024
9213,FORD,MUSTANG,2024
9214,MERCEDES-BENZ,GLE 450 E,2024
9215,KME,AERIAL FIRE APPARATUS,2020
9216,KME,AERIAL FIRE APPARATUS,2021
9217,KME,AERIAL FIRE APPARATUS,2022
9218,KME,PUMPER FIRE APPARATUS,2021
9219,SMEAL,AERIAL,2022
9220,SMEAL,AERIAL,2023
9221,SPARTAN FIRE,LADDER TOWER APPARATUS,2020
9222,SPARTAN FIRE,S-180 PUMPER,2022
9223,PORSCHE,718 BOXSTER GTS,2024
9224,PORSCHE,718 BOXSTER S,2024
9225,PORSCHE,718 CAYMAN GTS,2023
9226,PORSCHE,718 CAYMAN GTS,2024
9227,INFINITI,QX60,2024
9228,TERBERG BENSCHOP B.V.,TERMINAL TRACTOR,2021
9229,CUSHMAN,HAULER PRO LSV,2024
9230,DUCATI,XDIAVEL S,2016
9231,DUCATI,XDIAVEL S,2017
9232,DUCATI,XDIAVEL S,2021
9233,DUCATI,XDIAVEL S,2022
9234,DUCATI,XDIAVEL S,2023
9235,DUCATI,XDIAVEL STD,2016
9236,DUCATI,XDIAVEL STD,2017
9237,DUCATI,XDIAVEL STD,2018
9238,DUCATI,XDIAVEL STD,2019
9239,DUCATI,XDIAVEL STD,2020
9240,DUCATI,XDIAVEL STD,2021
9241,DUCATI,XDIAVEL STD,2022
9242,DUCATI,XDIAVEL STD,2023
9243,BMW,3 SERIES,2023
9244,BMW,4 SERIES,2023
9245,BMW,5 SERIES,2023
9246,BMW,8 SERIES,2023
9247,BMW,X3,2023
9248,BMW,X4,2023
9249,BMW,X6,2023
9250,TOYOTA,SUPRA,2023
9251,PILOTCAR,PC-2,2021
9252,PILOTCAR,PC-2,2022
9253,PILOTCAR,PC-2,2023
9254,PILOTCAR,PC-4,2021
9255,PILOTCAR,PC-4,2022
9256,PILOTCAR,PC-4,2023
9257,PILOTCAR,PC-6,2021
9258,PILOTCAR,PC-6,2022
9259,PILOTCAR,PC-6,2023
9260,LAMBORGHINI,HURACAN,2023
9261,LAMBORGHINI,HURACAN,2024
9262,VOLVO,XC90,2015
9263,VOLVO,XC90,2024
9264,INEOS,GRENADIER,2024
9265,INDIAN,CHIEFTAIN,2023
9266,INDIAN,CHIEFTAIN,2024
9267,INDIAN,CHIEFTAIN DARK HORSE,2023
9268,INDIAN,CHIEFTAIN DARK HORSE,2024
9269,INDIAN,CHIEFTAIN ELITE,2023
9270,INDIAN,CHIEFTAIN LIMITED,2023
9271,INDIAN,CHIEFTAIN LIMITED,2024
9272,INDIAN,ROADMASTER,2023
9273,INDIAN,ROADMASTER,2024
9274,INDIAN,ROADMASTER DARK HORSE,2023
9275,INDIAN,ROADMASTER DARK HORSE,2024
9276,INDIAN,ROADMASTER ELITE,2024
9277,INDIAN,ROADMASTER LIMITED,2023
9278,INDIAN,ROADMASTER LIMITED,2024
9279,INDIAN,SPRINGFIELD,2023
9280,INDIAN,SPRINGFIELD,2024
9281,INDIAN,SPRINGFIELD DARK HORSE,2023
9282,INDIAN,SPRINGFIELD DARK HORSE,2024
9283,AMERICAN COACH,AMERICAN EAGLE,2016
9284,AMERICAN COACH,AMERICAN EAGLE,2017
9285,AMERICAN COACH,AMERICAN EAGLE,2018
9286,AMERICAN COACH,AMERICAN EAGLE,2019
9287,AMERICAN COACH,AMERICAN EAGLE,2020
9288,AMERICAN COACH,AMERICAN EAGLE,2021
9289,AMERICAN COACH,AMERICAN EAGLE,2022
9290,AMERICAN COACH,AMERICAN EAGLE,2023
9291,PORSCHE,TAYCAN 4 CROSS TURISMO,2021
9292,PORSCHE,TAYCAN GTS SPORT TURISMO,2022
9293,PORSCHE,TAYCAN TURBO CROSS TURISM,2021
9294,PORSCHE,TAYCAN TURBO S CROSS TURI,2022
9295,PORSCHE,CAYENNE E-HYBRID,2019
9296,PORSCHE,CAYENNE E-HYBRID,2022
9297,PORSCHE,CAYENNE E-HYBRID,2023
9298,PORSCHE,CAYENNE E-HYBRID,2024
9299,PORSCHE,CAYENNE TURBO E-HYBRID,2024
9300,PORSCHE,CAYENNE TURBO S E-HYBRID,2020
9301,PORSCHE,CAYENNE TURBO S E-HYBRID,2021
9302,PORSCHE,CAYENNE TURBO S E-HYBRID,2022
9303,PORSCHE,CAYENNE TURBO S E-HYBRID,2023
9304,PORSCHE,PANAMERA 4 E-HYBRID,2022
9305,PORSCHE,PANAMERA 4 E-HYBRID,2023
9306,PORSCHE,PANAMERA 4S E-HYBRID,2022
9307,PORSCHE,PANAMERA 4S E-HYBRID,2023
9308,PORSCHE,PANAMERA TURBO S E-HYBRID,2021
9309,PORSCHE,PANAMERA TURBO S E-HYBRID,2022
9310,PORSCHE,PANAMERA TURBO S E-HYBRID,2023
9311,PORSCHE,TAYCAN,2024
9312,PORSCHE,TAYCAN 4 CROSS TURISMO,2024
9313,PORSCHE,TAYCAN 4S,2024
9314,PORSCHE,TAYCAN 4S CROSS TURISMO,2024
9315,PORSCHE,TAYCAN GTS,2024
9316,PORSCHE,TAYCAN GTS SPORT TURISMO,2024
9317,PORSCHE,TAYCAN TURBO,2024
9318,PORSCHE,TAYCAN TURBO CROSS TURISM,2023
9319,PORSCHE,TAYCAN TURBO CROSS TURISM,2024
9320,PORSCHE,TAYCAN TURBO S,2024
9321,PORSCHE,TAYCAN TURBO S CROSS TURI,2021
9322,PORSCHE,TAYCAN TURBO S CROSS TURI,2024
9323,AUDI,E-TRON,2019
9324,AUDI,E-TRON,2023
9325,AUDI,E-TRON,2024
9326,AUDI,E-TRON GT,2023
9327,AUDI,E-TRON GT,2024
9328,AUDI,Q4 E-TRON,2024
9329,AUDI,Q5,2022
9330,AUDI,Q5,2023
9331,AUDI,Q5,2024
9332,AUDI,RS E-TRON GT,2022
9333,AUDI,RS E-TRON GT,2024
9334,THOMAS BUILT BUSES,SAF-T-LINER C2,2025
9335,HONDA,CR-V HYBRID,2021
9336,THOMAS BUILT BUSES,SAF-T-LINER C2 JOULEY,2025
9337,FORD,MAVERICK,2024
9338,MERCEDES-BENZ,EQE350,2023
9339,MERCEDES-BENZ,GLC 350 E,2018
9340,MERCEDES-BENZ,S550E,2015
9341,CAN-AM,SPYDER F3,2023
9342,PJ TRAILERS,B5,2024
9343,PJ TRAILERS,B6,2024
9344,PJ TRAILERS,B8,2024
9345,PJ TRAILERS,C8,2024
9346,PJ TRAILERS,CE,2024
9347,PJ TRAILERS,D3,2024
9348,PJ TRAILERS,D5,2024
9349,PJ TRAILERS,D8,2024
9350,PJ TRAILERS,DG,2024
9351,PJ TRAILERS,DL,2024
9352,PJ TRAILERS,DM,2024
9353,PJ TRAILERS,DR,2024
9354,PJ TRAILERS,DT,2024
9355,PJ TRAILERS,F8,2024
9356,PJ TRAILERS,FD,2024
9357,PJ TRAILERS,FY,2024
9358,PJ TRAILERS,L6,2024
9359,PJ TRAILERS,P8,2024
9360,PJ TRAILERS,PL,2024
9361,PJ TRAILERS,T1,2024
9362,PJ TRAILERS,T6,2024
9363,PJ TRAILERS,T7,2024
9364,PJ TRAILERS,T8,2024
9365,PJ TRAILERS,T9,2024
9366,PJ TRAILERS,TF,2024
9367,ACURA,ILX,2016
9368,ACURA,ILX,2017
9369,ACURA,ILX,2018
9370,ACURA,ILX,2020
9371,ACURA,MDX,2013
9372,ACURA,MDX,2014
9373,ACURA,MDX,2015
9374,ACURA,MDX HYBRID,2018
9375,ACURA,MDX HYBRID,2019
9376,ACURA,MDX HYBRID,2020
9377,ACURA,NSX,2017
9378,ACURA,NSX,2020
9379,ACURA,RDX,2014
9380,ACURA,RDX,2018
9381,ACURA,RLX,2014
9382,ACURA,RLX,2015
9383,ACURA,RLX,2018
9384,ACURA,RLX,2020
9385,HONDA,ACCORD,2016
9386,HONDA,ACCORD,2017
9387,HONDA,ACCORD HYBRID,2017
9388,HONDA,CIVIC,2016
9389,HONDA,CIVIC,2017
9390,HONDA,CIVIC TYPE-R,2018
9391,HONDA,CIVIC TYPE-R,2020
9392,HONDA,CLARITY PLUG-IN HYBRID,2018
9393,HONDA,CR-V,2013
9394,HONDA,CR-V,2014
9395,HONDA,CR-V,2015
9396,HONDA,CR-V,2016
9397,HONDA,ODYSSEY,2013
9398,HONDA,ODYSSEY,2014
9399,HONDA,ODYSSEY,2015
9400,HONDA,ODYSSEY,2016
9401,HONDA,ODYSSEY,2017
9402,HONDA,PILOT,2015
9403,DOOSAN PORTABLE POWER,MOBILE GENERATOR,2019
9404,DOOSAN PORTABLE POWER,MOBILE GENERATOR,2020
9405,DOOSAN PORTABLE POWER,MOBILE GENERATOR,2021
9406,DOOSAN PORTABLE POWER,MOBILE GENERATOR,2022
9407,DOOSAN PORTABLE POWER,MOBILE GENERATOR,2023
9408,BMW,430I,2024
9409,LEXUS,ES,2020
9410,LEXUS,ES,2021
9411,LEXUS,ES HYBRID,2021
9412,LEXUS,ES HYBRID,2022
9413,LEXUS,RX,2020
9414,LEXUS,RX,2021
9415,LEXUS,RX HYBRID,2020
9416,LEXUS,RX HYBRID,2021
9417,TOYOTA,AVALON HYBRID,2021
9418,TOYOTA,CAMRY,2021
9419,TOYOTA,CAMRY,2022
9420,TOYOTA,CAMRY HYBRID,2021
9421,TOYOTA,CAMRY HYBRID,2022
9422,TOYOTA,COROLLA,2021
9423,TOYOTA,RAV4,2021
9424,TOYOTA,RAV4 HYBRID,2021
9425,TOYOTA,SIENNA HYBRID,2021
9426,AUDI,Q7,2023
9427,AUDI,Q7,2024
9428,AUDI,Q8,2023
9429,AUDI,Q8,2024
9430,AUDI,RS Q8,2023
9431,AUDI,RS Q8,2024
9432,AUDI,SQ7,2024
9433,AUDI,SQ8,2023
9434,AUDI,SQ8,2024
9435,CHEVROLET,BLAZER,2024
9436,CHEVROLET,BLAZER EV,2024
9437,CHEVROLET,EQUINOX,2024
9438,GMC,TERRAIN,2024
9439,LAND ROVER,RANGE ROVER SPORT,2024
9440,MERCEDES-BENZ,GLE 350,2024
9441,MERCEDES-BENZ,GLE 450,2024
9442,FCCC,MT50E,2024
9443,MERCEDES-BENZ,AMG E63,2023
9444,MERCEDES-BENZ,AMG GLE53,2024
9445,MERCEDES-BENZ,AMG GLE63,2023
9446,MERCEDES-BENZ,AMG GLE63,2024
9447,MERCEDES-BENZ,C 300,2024
9448,MERCEDES-BENZ,G 550,2023
9449,NISSAN,ALTIMA,2024
9450,BMW,R 18 B,2021
9451,BMW,R 18 B,2022
9452,BMW,R 18 B,2023
9453,BMW,R 18 B,2024
9454,BMW,R 18 TRANSCONTINENTAL,2021
9455,BMW,R 18 TRANSCONTINENTAL,2022
9456,BMW,R 18 TRANSCONTINENTAL,2023
9457,BMW,R 18 TRANSCONTINENTAL,2024
9458,OLD DOMINION BRUSH CO.,TRAILER MOUNT UNIT,2022
9459,OLD DOMINION BRUSH CO.,TRAILER MOUNT UNIT,2023
9460,OLD DOMINION BRUSH CO.,TRUCK MOUNTED UNIT,2021
9461,OLD DOMINION BRUSH CO.,TRUCK MOUNTED UNIT,2022
9462,OLD DOMINION BRUSH CO.,TRUCK MOUNTED UNIT,2023
9463,ROSENBAUER,AVENGER,2022
9464,ROSENBAUER,COMMANDER,2023
9465,ROSENBAUER,COMMANDER,2024
9466,ROSENBAUER,COMMERCIAL 108SD,2023
9467,ROSENBAUER,COMMERCIAL 114SD,2024
9468,ROSENBAUER,COMMERCIAL F-350,2023
9469,ROSENBAUER,COMMERCIAL F-550,2023
9470,ROSENBAUER,WARRIOR,2022
9471,ROSENBAUER,WARRIOR,2023
9472,ROSENBAUER,WARRIOR,2024
9473,NEW FLYER,XE35,2023
9474,NEW FLYER,XE60,2023
9475,INEOS,GRENADIER,2023
9476,FORD,ECOSPORT,2018
9477,FORD,ECOSPORT,2019
9478,FORD,ECOSPORT,2021
9479,FORD,ECOSPORT,2022
9480,FORD,FOCUS,2016
9481,FORD,FOCUS,2017
9482,FORD,FOCUS,2018
9483,BUICK,ALL-WEATHER FLOOR LINER,2024
9484,SPACE CRAFT,FIFTH WHEEL,2023
9485,LAND ROVER,DEFENDER,2024
9486,LAND ROVER,DEFENDER,2025
9487,COACHMEN,GALLERIA,2021
9488,COACHMEN,GALLERIA,2022
9489,COACHMEN,GALLERIA,2023
9490,COACHMEN,GALLERIA,2024
9491,VOLVO,XC40,2024
9492,ALTEC,AERIAL DEVICE,2004
9493,KENWORTH,T180,2023
9494,KENWORTH,T180,2024
9495,PETERBILT,535,2022
9496,PETERBILT,535,2024
9497,HEARTLAND,CORTERRA,2024
9498,MORGAN MOTOR COMPANY,SUPER 3,2023
9499,LODE KING,AHV45-3,2019
9500,LODE KING,AHV45-3,2021
9501,LODE KING,AHV45-3,2022
9502,LODE KING,AHV45-3,2023
9503,KIA,CARNIVAL,2024
9504,KIA,SPORTAGE,2024
9505,TIFFIN,ALLEGRO RED 360,2022
9506,BRINKLEY RV,MODEL Z,2024
9507,SUZUKI,GSX1300R,2024
9508,ROLLS-ROYCE,SPECTRE,2024
9509,TEREX,XT PRO,2023
9510,TEREX ADVANCE,HRX50,2023
9511,TEREX ADVANCE,HRX55,2023
9512,TEREX ADVANCE,TC55,2023
9513,KENWORTH,T880,2024
9514,KENWORTH,W990,2024
9515,PETERBILT,367,2024
9516,PETERBILT,389,2024
9517,PETERBILT,520,2024
9518,KENWORTH,L770,2024
9519,KENWORTH,L770,2025
9520,KENWORTH,T280,2025
9521,KENWORTH,T380,2025
9522,KENWORTH,T480,2025
9523,KENWORTH,T680,2024
9524,KENWORTH,T680,2025
9525,KENWORTH,T880,2025
9526,KENWORTH,W990,2025
9527,PETERBILT,389,2025
9528,PETERBILT,520,2025
9529,PETERBILT,535,2025
9530,PETERBILT,536,2025
9531,PETERBILT,537,2025
9532,PETERBILT,548,2025
9533,PETERBILT,567,2025
9534,PETERBILT,579,2025
9535,PETERBILT,589,2024
9536,PETERBILT,589,2025
9537,TIFFIN,CONVOY,2023
9538,TIFFIN,CONVOY,2024
9539,TIFFIN,GH1,2023
9540,TIFFIN,GH1,2024
9541,NISSAN,MURANO,2024
9542,NEW FLYER,XE60,2024
9543,NEW FLYER,XHE40,2023
9544,NEW FLYER,XHE40,2024
9545,KIA,EV6,2023
9546,KIA,NIRO EV,2023
9547,KIA,NIRO EV,2024
9548,FREIGHTLINER,CASCADIA,2025
9549,WESTERN STAR,49X,2024
9550,WESTERN STAR,49X,2025
9551,CHEVROLET,SILVERADO 2500,2023
9552,CHEVROLET,SILVERADO 3500,2023
9553,GMC,SIERRA 2500,2023
9554,GMC,SIERRA 3500,2023
9555,TIFFIN,ALLEGRO BAY,2024
9556,ACURA,MDX,2022
9557,ACURA,RDX,2022
9558,ACURA,TLX,2021
9559,HONDA,CIVIC TYPE-R,2021
9560,HYUNDAI,IONIQ 5,2023
9561,HYUNDAI,IONIQ 6,2023
9562,INDIAN,CHALLENGER,2021
9563,INDIAN,CHALLENGER,2022
9564,INDIAN,CHALLENGER DARK HORSE,2020
9565,INDIAN,CHALLENGER DARK HORSE,2021
9566,INDIAN,CHALLENGER DARK HORSE,2022
9567,INDIAN,CHALLENGER ELITE,2022
9568,INDIAN,CHALLENGER LIMITED,2020
9569,INDIAN,CHALLENGER LIMITED,2021
9570,INDIAN,CHALLENGER LIMITED,2022
9571,INDIAN,FTR 1200 RALLY,2022
9572,INDIAN,FTR 1200 R CARBON,2022
9573,INDIAN,FTR 1200 S,2022
9574,INDIAN,PURSUIT DARK HORSE,2022
9575,INDIAN,PURSUIT DARK HORSE PREMIU,2022
9576,INDIAN,PURSUIT LIMITED,2022
9577,INDIAN,PURSUIT LIMITED PREMIUM,2022
9578,MITSUBISHI FUSO,RIZON FEC7K (E16),2024
9579,MITSUBISHI FUSO,RIZON FEC9K (E18),2024
9580,MCI,D4000,2014
9581,MCI,D4000,2017
9582,MCI,D4005,2013
9583,MCI,D4005,2014
9584,MCI,D4005,2015
9585,MCI,D4005,2016
9586,MCI,D4500,2013
9587,MCI,D4500,2014
9588,MCI,D4500,2023
9589,MCI,D4505,2013
9590,MCI,D4505,2014
9591,MCI,D45CRTLE,2023
9592,MCI,D45CRTLE,2024
9593,ELDORADO,ARRIVO,2012
9594,ELDORADO,ARRIVO,2013
9595,ELDORADO,ARRIVO,2014
9596,ELDORADO,ARRIVO,2015
9597,ELDORADO,ARRIVO,2016
9598,ELDORADO,ARRIVO,2017
9599,ELDORADO,ARRIVO,2018
9600,ELDORADO,ARRIVO,2019
9601,ELDORADO,ARRIVO,2020
9602,ELDORADO,ARRIVO,2021
9603,ELDORADO,ARRIVO,2022
9604,ELDORADO,ARRIVO,2023
9605,ELDORADO,XHF,2012
9606,ELDORADO,XHF,2013
9607,ELDORADO,XHF,2014
9608,ELDORADO,XHF,2015
9609,ELDORADO,XHF,2016
9610,ELDORADO,XHF,2017
9611,ELDORADO,XHF,2018
9612,ELDORADO,XHF,2019
9613,ELDORADO,XHF,2020
9614,ELDORADO,XHF,2021
9615,ELDORADO,XHF,2022
9616,ELDORADO,XHF,2023
9617,HINO,NE7A,2024
9618,HINO,NE7B,2024
9619,HINO,NH7A,2022
9620,HINO,NH7A,2023
9621,HINO,NH7A,2024
9622,HINO,NH9A,2022
9623,HINO,NH9A,2023
9624,HINO,NH9A,2024
9625,HINO,NH9B,2022
9626,HINO,NH9B,2023
9627,HINO,NH9B,2024
9628,HINO,NH9C,2022
9629,HINO,NH9C,2023
9630,HINO,NH9C,2024
9631,HINO,NJ7A,2024
9632,HINO,NJ7B,2024
9633,HINO,NJ7C,2022
9634,HINO,NJ7C,2023
9635,HINO,NJ7C,2024
9636,HINO,NM9A,2022
9637,HINO,NM9A,2023
9638,HINO,NM9A,2024
9639,HINO,NM9B,2022
9640,HINO,NM9B,2023
9641,HINO,NM9B,2024
9642,HINO,NV7A,2024
9643,HINO,NV7B,2024
9644,HINO,NV7C,2022
9645,HINO,NV7C,2023
9646,HINO,NV7C,2024
9647,HINO,TH9K,2022
9648,HINO,TH9K,2023
9649,HINO,TH9K,2024
9650,HINO,TM9K,2022
9651,HINO,TM9K,2023
9652,HINO,TM9K,2024
9653,LUCID,AIR,2024
9654,KIA,TELLURIDE,2024
9655,SUZUKI,GSX800,2024
9656,IC BUS,CECB,2024
9657,INTERNATIONAL,HV,2025
9658,INTERNATIONAL,MV,2025
9659,IC BUS,CE SBUS,2024
9660,FCCC,MT45,2024
9661,FCCC,MT45G,2024
9662,VERMEER,BC1800XL,2016
9663,VERMEER,BC1800XL,2017
9664,VERMEER,BC1800XL,2018
9665,VERMEER,BC1800XL,2019
9666,VERMEER,BC1800XL,2020
9667,VERMEER,BC1800XL,2021
9668,FORD,TRANSIT,2024
9669,FOREST RIVER,FR3,2019
9670,FOREST RIVER,FR3,2020
9671,FOREST RIVER,FR3,2021
9672,FOREST RIVER,FR3,2022
9673,FOREST RIVER,FR3,2023
9674,FOREST RIVER,FR3,2024
9675,FOREST RIVER,GEORGETOWN,2019
9676,FOREST RIVER,GEORGETOWN,2020
9677,FOREST RIVER,GEORGETOWN,2021
9678,FOREST RIVER,GEORGETOWN,2022
9679,FOREST RIVER,GEORGETOWN,2023
9680,FOREST RIVER,GEORGETOWN,2024
9681,BMW,530I,2025
9682,BMW,550E,2025
9683,BMW,740I,2025
9684,BMW,750E,2023
9685,BMW,750E,2025
9686,BMW,760I,2025
9687,BMW,I5,2025
9688,BMW,I7,2025
9689,BMW,M5,2025
9690,BMW,X1,2024
9691,BMW,X1,2025
9692,BMW,X2,2024
9693,BMW,X2,2025
9694,BMW,X5,2025
9695,BMW,X6,2025
9696,BMW,X7,2025
9697,BMW,XM,2024
9698,MINI,COOPER,2025
9699,MINI,COOPER S,2025
9700,MINI,COUNTRYMAN,2025
9701,ROLLS-ROYCE,SPECTRE,2025
9702,GENESIS,G90,2017
9703,GENESIS,G90,2018
9704,GENESIS,G90,2019
9705,CFMOTO,450SS,2023
9706,VOLKSWAGEN,GOLF,2015
9707,VOLKSWAGEN,GOLF SPORTWAGEN,2015
9708,VOLKSWAGEN,GOLF SPORTWAGEN,2017
9709,VOLKSWAGEN,GOLF SPORTWAGEN,2018
9710,VOLKSWAGEN,GTI,2015
9711,VOLKSWAGEN,GTI,2017
9712,VOLKSWAGEN,GTI,2018
9713,JEEP,GRAND CHEROKEE,2024
9714,JEEP,WRANGLER,2024
9715,CHRYSLER,300,2023
9716,DODGE,CHALLENGER,2023
9717,DODGE,CHARGER,2023
9718,HONDA,CBR1000RR,2018
9719,HONDA,CBR1000RR,2019
9720,HONDA,CBR600RR,2018
9721,HONDA,CBR600RR,2019
9722,HONDA,CBR600RR,2020
9723,HONDA,GL1800,2018
9724,HONDA,GL1800,2019
9725,HONDA,GL1800,2023
9726,HONDA,GL1800,2024
9727,ACURA,RDX,2024
9728,HONDA,ODYSSEY,2024
9729,MERCEDES-BENZ,AMG C43,2024
9730,MERCEDES-BENZ,AMG C63E S,2024
9731,MERCEDES-BENZ,AMG EQS,2024
9732,MERCEDES-BENZ,AMG SL43,2024
9733,MERCEDES-BENZ,AMG SL 63 S E,2024
9734,MERCEDES-BENZ,CLE 300,2024
9735,MERCEDES-BENZ,CLE 450,2024
9736,MERCEDES-BENZ,E 350,2024
9737,MERCEDES-BENZ,E 450,2024
9738,MERCEDES-BENZ,EQE 350,2024
9739,MERCEDES-BENZ,EQE 500,2024
9740,MERCEDES-BENZ,EQS 450,2023
9741,MERCEDES-BENZ,EQS 450,2024
9742,MERCEDES-BENZ,EQS 580,2023
9743,MERCEDES-BENZ,EQS 580,2024
9744,MERCEDES-BENZ,S 580,2024
9745,MERCEDES-BENZ,S 580 E,2024
9746,MERCEDES-MAYBACH,S 580,2024
9747,MERCEDES-MAYBACH,S 680,2024
9748,PRIME TIME,SANIBEL,2015
9749,PRIME TIME,SANIBEL,2016
9750,PRIME TIME,SANIBEL,2017
9751,PRIME TIME,SANIBEL,2021
9752,PRIME TIME,SANIBEL,2022
9753,PRIME TIME,SANIBEL,2023
9754,KEYSTONE,HIDEOUT,2024
9755,KEYSTONE,SPRINGDALE,2024
9756,VOLVO,VNL,2025
9757,VOLVO,VNR,2025
9758,PORSCHE,911 CARRERA,2023
9759,PORSCHE,911 CARRERA 4,2023
9760,PORSCHE,911 CARRERA 4S,2023
9761,PORSCHE,911 CARRERA S,2023
9762,PORSCHE,911 CARRERA T,2023
9763,PORSCHE,911 TARGA 4S,2023
9764,PORSCHE,911 TURBO,2023
9765,LEXUS,ES,2023
9766,LEXUS,ES,2024
9767,LEXUS,ES HYBRID,2023
9768,LEXUS,ES HYBRID,2024
9769,LEXUS,LC,2024
9770,LEXUS,LC HYBRID,2024
9771,LEXUS,LS,2023
9772,LEXUS,LS HYBRID,2023
9773,TOYOTA,MIRAI,2023
9774,LEXUS,LX,2022
9775,LEXUS,LX,2023
9776,LEXUS,LX,2024
9777,TOYOTA,SEQUOIA HYBRID,2024
9778,TOYOTA,TUNDRA HYBRID,2024
9779,TOYOTA,CAMRY,2024
9780,TOYOTA,CAMRY HYBRID,2024
9781,RAM,PROMASTER,2023
9782,CHEVROLET,COLORADO,2023
9783,GMC,CANYON,2023
9784,BMW,I4,2024
9785,BMW,I4 M50,2024
9786,ELKHART,ELKC,2024
9787,FOREST RIVER,IBEX,2024
9788,FOREST RIVER,NO BOUNDARIES,2024
9789,FORD,BRONCO,2024
9790,FORD,F-650 SD,2023
9791,FORD,F-750 SD,2023
9792,HYUNDAI,ELANTRA,2016
9793,PIERCE,COMMERCIAL,2023
9794,PIERCE,COMMERCIAL,2024
9795,LIVEWIRE,S2 DEL MAR,2024
9796,INFINITI,QX50,2023
9797,INFINITI,QX50,2024
9798,NISSAN,FRONTIER,2024
9799,NISSAN,KICKS,2023
9800,NISSAN,KICKS,2024
9801,NISSAN,PATHFINDER,2024
9802,NISSAN,SENTRA,2023
9803,NISSAN,SENTRA,2024
9804,NISSAN,TITAN,2024
9805,NISSAN,VERSA,2023
9806,NISSAN,VERSA,2024
9807,PORSCHE,911,2020
9808,PORSCHE,911,2024
9809,CHEVROLET,6500XD,2022
9810,CHEVROLET,6500XD,2023
9811,CHEVROLET,6500XD,2024
9812,CHEVROLET,7500XD,2023
9813,CHEVROLET,7500XD,2024
9814,ISUZU,FTR,2023
9815,ISUZU,FTR,2024
9816,ISUZU,FVR,2023
9817,ISUZU,FVR,2024
9818,ENTEGRA,ETHOS LI,2021
9819,ENTEGRA,ETHOS LI,2022
9820,ENTEGRA,ETHOS LI,2024
9821,ENTEGRA,EXPANSE LI,2021
9822,ENTEGRA,EXPANSE LI,2022
9823,ENTEGRA,EXPANSE LI,2023
9824,ENTEGRA,EXPANSE LI,2024
9825,ENTEGRA,LAUNCH,2021
9826,ENTEGRA,LAUNCH,2022
9827,ENTEGRA,LAUNCH,2023
9828,ENTEGRA,LAUNCH,2024
9829,ENTEGRA,LAUNCH LE,2021
9830,ENTEGRA,LAUNCH LE,2022
9831,ENTEGRA,LAUNCH LE,2023
9832,ENTEGRA,LAUNCH LE,2024
9833,JAYCO,SOLSTICE LI,2021
9834,JAYCO,SOLSTICE LI,2022
9835,JAYCO,SOLSTICE LI,2023
9836,JAYCO,SOLSTICE LI,2024
9837,JAYCO,SWIFT,2021
9838,JAYCO,SWIFT,2022
9839,JAYCO,SWIFT,2024
9840,JAYCO,TERRAIN,2021
9841,JAYCO,TERRAIN,2022
9842,JAYCO,TERRAIN,2023
9843,JAYCO,TERRAIN,2024
9844,JAYCO,TERRAIN LE,2021
9845,JAYCO,TERRAIN LE,2022
9846,JAYCO,TERRAIN LE,2023
9847,JAYCO,TERRAIN LE,2024
9848,AUTOCAR,LEGEND,2024
9849,LAND ROVER,DISCOVERY SPORT,2024
9850,INTERNATIONAL,HX,2025
9851,INTERNATIONAL,LT,2025
9852,BMW,K 1600 B,2024
9853,BMW,K 1600 GT,2024
9854,BMW,K 1600 GTL,2024
9855,BMW,R 1250 RT,2024
9856,KIA,K900,2019
9857,KIA,K900,2020
9858,KIA,STINGER,2022
9859,KIA,STINGER,2023
9860,WINNEBAGO,SOLIS,2024
9861,WINNEBAGO,SUNSTAR,2023
9862,WINNEBAGO,SUNSTAR,2024
9863,FARADAY FUTURE,FF-91 ALLIANCE,2023
9864,TRIUMPH,SPEED TRIPLE RR,2024
9865,TRIUMPH,SPEED TRIPLE RS,2024
9866,SPARTAN FIRE,COMMERCIAL,2024
9867,KALMAR,OTTAWA T2,2023
9868,COACHMEN,PRISM,2023
9869,COACHMEN,PRISM,2024
9870,KENWORTH,T180,2021
9871,KENWORTH,T180,2025
9872,KENWORTH,W990,2021
9873,PETERBILT,365,2024
9874,PETERBILT,389,2021
9875,PETERBILT,535,2021
9876,GENESIS,G70,2022
9877,GENESIS,G90,2020
9878,GENESIS,G90,2021
9879,GENESIS,G90,2022
9880,JEEP,WRANGLER,2016
9881,CHRYSLER,300,2018
9882,CHRYSLER,300,2019
9883,CHRYSLER,PACIFICA,2024
9884,CHRYSLER,VOYAGER,2023
9885,RAM,1500,2024
9886,KIA,EV6,2024
9887,JAGUAR,E-PACE,2021
9888,JAGUAR,E-PACE,2022
9889,JAGUAR,E-PACE,2023
9890,JAGUAR,E-PACE,2024
9891,DYNAMAX,ISATA,2023
9892,DYNAMAX,ISATA,2024
9893,GENESIS,GV60,2024
9894,GENESIS,GV70 ELECTRIFIED,2023
9895,GENESIS,GV70 ELECTRIFIED,2024
9896,HYUNDAI,IONIQ 5,2024
9897,HYUNDAI,IONIQ 6,2024
9898,GENESIS,GV70,2024
9899,MERCEDES-BENZ,AMG GLE63 S,2024
9900,CRUISER,AVENIR,2023
9901,CRUISER,AVENIR,2024
9902,TITAN BUS,CHEVROLET EXPRESS 3500,2018
9903,TITAN BUS,CHEVROLET EXPRESS 3500,2019
9904,TITAN BUS,CHEVROLET EXPRESS 3500,2020
9905,TITAN BUS,CHEVROLET EXPRESS 3500,2021
9906,KAWASAKI,NINJA ZX-4RR,2024
9907,KAWASAKI,ZX400P,2023
9908,KAWASAKI,ZX400P,2024
9909,KAWASAKI,ZX400S,2023
9910,READING TRUCK EQUIPMENT,DUMP BODIED TRUCKS,2021
9911,READING TRUCK EQUIPMENT,DUMP BODIED TRUCKS,2022
9912,READING TRUCK EQUIPMENT,DUMP BODIED TRUCKS,2023
9913,READING TRUCK EQUIPMENT,DUMP BODIED TRUCKS,2024
9914,DOOSAN PORTABLE POWER,MOBILE GENERATOR,2015
9915,DOOSAN PORTABLE POWER,MOBILE GENERATOR,2016
9916,DOOSAN PORTABLE POWER,MOBILE GENERATOR,2017
9917,DOOSAN PORTABLE POWER,MOBILE GENERATOR,2018
9918,NOVA BUS,LFS,2024
9919,MACK,LR,2025
9920,CROSSROADS,CRUISER,2021
9921,DUTCHMEN,ASPEN TRAIL,2024
9922,KEYSTONE,FUZION,2024
9923,KEYSTONE,MONTANA,2023
9924,CRUISER,EMBRACE,2023
9925,CRUISER,EMBRACE,2024
9926,CRUISER,ESSENCE,2024
9927,CRUISER,MPG,2023
9928,CRUISER,MPG,2024
9929,CRUISER,SHADOW CRUISER,2023
9930,CRUISER,SHADOW CRUISER,2024
9931,CRUISER,STRYKER,2023
9932,CRUISER,STRYKER,2024
9933,CRUISER,TWILIGHT,2024
9934,CRUISER RV,RADIANCE,2023
9935,CRUISER RV,RADIANCE,2024
9936,HEARTLAND,BIG COUNTRY,2024
9937,HEARTLAND,BIGHORN,2024
9938,HEARTLAND,EDDIE BAUER,2024
9939,HEARTLAND,ELKRIDGE,2023
9940,HEARTLAND,FUEL,2023
9941,HEARTLAND,FUEL,2024
9942,HEARTLAND,GRAVITY,2023
9943,HEARTLAND,GRAVITY,2024
9944,HEARTLAND,LITHIUM,2023
9945,HEARTLAND,MALLARD,2023
9946,HEARTLAND,MALLARD,2024
9947,HEARTLAND,MILESTONE,2023
9948,HEARTLAND,MILESTONE,2024
9949,HEARTLAND,NORTH TRAIL,2023
9950,HEARTLAND,NORTH TRAIL,2024
9951,HEARTLAND,PIONEER,2023
9952,HEARTLAND,PIONEER,2024
9953,HEARTLAND,PROWLER,2023
9954,HEARTLAND,PROWLER,2024
9955,HEARTLAND,SOUTH FORK,2023
9956,HEARTLAND,SOUTH FORK,2024
9957,HEARTLAND,SUNDANCE,2023
9958,HEARTLAND,SUNDANCE,2024
9959,HEARTLAND,TORQUE,2023
9960,HEARTLAND,TORQUE,2024
9961,HEARTLAND,TRAIL RUNNER,2023
9962,HEARTLAND,TRAIL RUNNER,2024
9963,CHRYSLER,VOYAGER,2024
9964,JEEP,CHEROKEE,2022
9965,MICRO BIRD,G5 SCHOOL BUS,2024
9966,BIG TEX,25GN,2024
9967,BIG TEX,25PH,2024
9968,BIG TEX,3XGN,2024
9969,BIG TEX,3XPH,2024
9970,HYUNDAI,SANTA FE,2024
9971,ASTON MARTIN,DBX,2021
9972,AUDI,A4 ALLROAD,2023
9973,AUDI,A8,2024
9974,AUDI,Q3,2023
9975,AUDI,Q3,2024
9976,AUDI,RS 5,2023
9977,AUDI,S5,2023
9978,AUDI,S5 CABRIOLET,2023
9979,AUDI,SQ7,2023
9980,AUDI,TT,2023
9981,TEREX ADVANCE,COMMANDER,2023
9982,CHAMPION,CHALLENGER,2023
9983,CHAMPION,CHALLENGER,2024
9984,ELDORADO,ADVANTAGE,2022
9985,ELDORADO,ADVANTAGE,2023
9986,ELDORADO,ADVANTAGE,2024
9987,ELKHART,ELKC,2023
9988,GLAVAL BUS,UNIVERSAL,2019
9989,GLAVAL BUS,UNIVERSAL,2020
9990,GLAVAL BUS,UNIVERSAL,2021
9991,GLAVAL BUS,UNIVERSAL,2022
9992,GLAVAL BUS,UNIVERSAL,2023
9993,GLAVAL BUS,UNIVERSAL,2024
9994,STARCRAFT BUS,ALLSTAR,2018
9995,STARCRAFT BUS,ALLSTAR,2019
9996,STARCRAFT BUS,ALLSTAR,2020
9997,STARCRAFT BUS,ALLSTAR,2021
9998,STARCRAFT BUS,ALLSTAR,2022
9999,STARCRAFT BUS,ALLSTAR,2023
10000,STARCRAFT BUS,ALLSTAR,2024
10001,STARCRAFT BUS,ALLSTAR MVP,2022
10002,STARCRAFT BUS,ALLSTAR MVP,2023
10003,STARCRAFT BUS,ALLSTAR MVP,2024
10004,STARCRAFT BUS,CANDIDATE II,2018
10005,STARCRAFT BUS,SENATOR II,2018
10006,STARCRAFT BUS,SENATOR II,2019
10007,STARCRAFT BUS,SENATOR II,2020
10008,STARCRAFT BUS,SENATOR II,2021
10009,STARCRAFT BUS,SENATOR II,2022
10010,STARCRAFT BUS,SENATOR II,2023
10011,STARCRAFT BUS,SENATOR II,2024
10012,STARCRAFT BUS,SENATOR II MVP,2022
10013,STARCRAFT BUS,SENATOR II MVP,2023
10014,STARCRAFT BUS,SENATOR II MVP,2024
10015,STARCRAFT BUS,STARLITE,2023
10016,COACHMEN,CATALINA,2024
10017,FOREST RIVER,AURORA,2024
10018,CROSSROADS,SUNSET TRAIL,2024
10019,AIRSTREAM,POTTERY BARN,2024
10020,TIFFIN,ALLEGRO OPEN ROAD,2023
10021,TIFFIN,ALLEGRO OPEN ROAD,2024
10022,TIFFIN,ALLEGRO RED 360,2023
10023,TIFFIN,ALLEGRO RED 360,2024
10024,TIFFIN,BYWAY,2024
10025,DUTCHMEN,ASPEN TRAIL LOFT,2024
10026,KEYSTONE,HAMPTON,2024
10027,KEYSTONE,RESIDENCE,2024
10028,KEYSTONE,RETREAT,2024
10029,FOREST RIVER,CARDINAL,2024
10030,FOREST RIVER,WILDCAT,2024
10031,FORD,BRONCO SPORT,2024
10032,MASERATI,GHIBLI,2022
10033,MASERATI,QUATTROPORTE,2022
10034,KAWASAKI,ZR900C,2024
10035,KAWASAKI,ZR900E,2024
10036,KAWASAKI,ZR900N,2024
10037,KIA,EV9,2024
10038,DYNAMAX,DX3,2021
10039,DYNAMAX,DX3,2022
10040,DYNAMAX,DX3,2023
10041,DYNAMAX,DX3,2024
10042,DYNAMAX,DYNAQUEST XL,2021
10043,DYNAMAX,DYNAQUEST XL,2022
10044,DYNAMAX,DYNAQUEST XL,2023
10045,DYNAMAX,DYNAQUEST XL,2024
10046,DYNAMAX,EUROPA,2022
10047,DYNAMAX,EUROPA,2023
10048,DYNAMAX,EUROPA,2024
10049,DYNAMAX,FORCE,2021
10050,DYNAMAX,FORCE,2022
10051,DYNAMAX,FORCE,2023
10052,DYNAMAX,ISATA,2021
10053,DYNAMAX,ISATA,2022
10054,FOREST RIVER,CARDINAL,2021
10055,FOREST RIVER,CARDINAL,2022
10056,FOREST RIVER,CEDAR CREEK,2018
10057,FOREST RIVER,CEDAR CREEK,2019
10058,FOREST RIVER,COLUMBUS,2021
10059,FOREST RIVER,CONTINENTAL CARGO,2023
10060,FOREST RIVER,IBEX,2021
10061,FOREST RIVER,IBEX,2022
10062,FOREST RIVER,IBEX,2023
10063,FOREST RIVER,NO BOUNDARIES,2022
10064,FOREST RIVER,NO BOUNDARIES,2023
10065,FOREST RIVER,SANDSTORM,2022
10066,FOREST RIVER,SANDSTORM,2023
10067,FOREST RIVER,SHOCKWAVE,2022
10068,FOREST RIVER,SHOCKWAVE,2023
10069,FOREST RIVER,STEALTH,2022
10070,FOREST RIVER,STEALTH,2023
10071,FOREST RIVER,WILDCAT,2021
10072,FOREST RIVER,WILDCAT,2022
10073,TOYOTA,PRIUS,2023
10074,TOYOTA,PRIUS,2024
10075,TOYOTA,PRIUS PRIME,2023
10076,TOYOTA,PRIUS PRIME,2024
10077,LEXUS,LS,2018
10078,LEXUS,LS,2019
10079,LEXUS,LS,2020
10080,LEXUS,LS,2021
10081,LEXUS,LS HYBRID,2020
10082,FLEETWOOD,DISCOVERY,2024
10083,HOLIDAY RAMBLER,ENDEAVOR,2024
10084,KIA,SORENTO,2024
10085,BMW,228I,2014
10086,BMW,228I,2015
10087,BMW,320I,2014
10088,BMW,320I,2015
10089,BMW,328I,2014
10090,BMW,328I,2015
10091,BMW,335I,2014
10092,BMW,335I,2015
10093,BMW,428I,2014
10094,BMW,428I,2015
10095,BMW,435I,2014
10096,BMW,435I,2015
10097,BMW,M235I,2014
10098,BMW,M235I,2015
10099,BMW,M3,2014
10100,BMW,M3,2015
10101,BMW,M4,2014
10102,BMW,M4,2015
10103,WINNEBAGO,CAMBRIA,2022
10104,WINNEBAGO,CAMBRIA,2023
10105,WINNEBAGO,FORZA,2023
10106,WINNEBAGO,INSPIRE,2022
10107,WINNEBAGO,INSPIRE,2023
10108,WINNEBAGO,MINNIE WINNIE,2024
10109,WINNEBAGO,PORTO,2024
10110,WINNEBAGO,PORTO,2025
10111,WINNEBAGO,SPIRIT,2024
10112,WINNEBAGO,SUNSTAR,2021
10113,WINNEBAGO,SUNSTAR,2022
10114,WINNEBAGO,VISTA,2021
10115,WINNEBAGO,VISTA,2022
10116,WINNEBAGO,VITA,2024
10117,WINNEBAGO,VITA,2025
10118,BUCHER,V65T,2014
10119,BUCHER,V65T,2015
10120,BUCHER,V65T,2016
10121,BUCHER,V65T,2017
10122,BUCHER,V65T,2018
10123,BUCHER,V65T,2019
10124,BUCHER,V65T,2020
10125,JOHNSTON,VS651,2014
10126,JOHNSTON,VS651,2015
10127,JOHNSTON,VS651,2016
10128,JOHNSTON,VS651,2017
10129,JOHNSTON,VS651,2018
10130,JOHNSTON,VS651,2019
10131,JOHNSTON,VS651,2020
10132,JOHNSTON,VS652,2014
10133,JOHNSTON,VS652,2015
10134,JOHNSTON,VS652,2016
10135,JOHNSTON,VS652,2017
10136,JOHNSTON,VS652,2018
10137,JOHNSTON,VS652,2019
10138,JOHNSTON,VS652,2020
10139,JOHNSTON,VS802,2014
10140,JOHNSTON,VS802,2015
10141,JOHNSTON,VS802,2016
10142,JOHNSTON,VS802,2017
10143,JOHNSTON,VS802,2018
10144,JOHNSTON,VS802,2019
10145,JOHNSTON,VS802,2020
10146,JOHNSTON,VT651,2014
10147,JOHNSTON,VT651,2015
10148,JOHNSTON,VT651,2016
10149,JOHNSTON,VT651,2017
10150,JOHNSTON,VT651,2018
10151,JOHNSTON,VT651,2019
10152,JOHNSTON,VT651,2020
10153,JOHNSTON,VT652,2014
10154,JOHNSTON,VT652,2015
10155,JOHNSTON,VT652,2016
10156,JOHNSTON,VT652,2017
10157,JOHNSTON,VT652,2018
10158,JOHNSTON,VT652,2019
10159,JOHNSTON,VT652,2020
10160,JOHNSTON,VT801,2014
10161,JOHNSTON,VT801,2015
10162,JOHNSTON,VT801,2016
10163,JOHNSTON,VT801,2017
10164,JOHNSTON,VT801,2018
10165,JOHNSTON,VT801,2019
10166,JOHNSTON,VT801,2020
10167,MERCEDES BENZ,GL350,2009
10168,MERCEDES BENZ,ML500,2008
10169,MINI,COOPER SE,2020
10170,MINI,COOPER SE,2022
10171,MINI,COOPER SE,2023
10172,MINI,COOPER SE,2024
10173,READING TRUCK EQUIPMENT,RM-78 CRANE BODY,2022
10174,READING TRUCK EQUIPMENT,RM-78 CRANE BODY,2023
10175,READING TRUCK EQUIPMENT,RM-78 CRANE BODY,2024
10176,HYUNDAI,ELANTRA,2024
10177,HYUNDAI,VENUE,2024
10178,FOREST RIVER,ROCKPORT,2011
10179,FOREST RIVER,ROCKPORT,2016
10180,FOREST RIVER,ROCKPORT,2017
10181,FOREST RIVER,ROCKPORT,2018
10182,FOREST RIVER,ROCKPORT,2019
10183,FOREST RIVER,ROCKPORT,2021
10184,FOREST RIVER,ROCKPORT,2022
10185,FOREST RIVER,ROCKPORT,2023
10186,FOREST RIVER,ROCKPORT,2024
10187,RIVIAN,R1S,2024
10188,RIVIAN,R1T,2024
10189,GMC,HUMMER EV PICKUP,2024
10190,GMC,SIERRA EV,2024
10191,HONDA,RIDGELINE,2024
10192,HONDA,RIDGELINE,2025
10193,OLIVER TRAVEL TRAILERS,LEGACY ELITE II,2009
10194,OLIVER TRAVEL TRAILERS,LEGACY ELITE II,2010
10195,OLIVER TRAVEL TRAILERS,LEGACY ELITE II,2011
10196,OLIVER TRAVEL TRAILERS,LEGACY ELITE II,2012
10197,OLIVER TRAVEL TRAILERS,LEGACY ELITE II,2013
10198,OLIVER TRAVEL TRAILERS,LEGACY ELITE II,2014
10199,OLIVER TRAVEL TRAILERS,LEGACY ELITE II,2015
10200,OLIVER TRAVEL TRAILERS,LEGACY ELITE II,2016
10201,OLIVER TRAVEL TRAILERS,LEGACY ELITE II,2017
10202,OLIVER TRAVEL TRAILERS,LEGACY ELITE II,2018
10203,OLIVER TRAVEL TRAILERS,LEGACY ELITE II,2019
10204,OLIVER TRAVEL TRAILERS,LEGACY ELITE II,2020
10205,OLIVER TRAVEL TRAILERS,LEGACY ELITE II,2021
10206,OLIVER TRAVEL TRAILERS,LEGACY ELITE II,2022
10207,OLIVER TRAVEL TRAILERS,LEGACY ELITE II,2023
10208,OLIVER TRAVEL TRAILERS,LEGACY ELITE II,2024
10209,MOBILITY TRANS,SAFETBUS,2024
10210,COACHMEN,NOVA,2024
10211,COACHMEN,NOVA,2025
10212,FORD,F-150,2024
10213,MERCEDES-BENZ,EQB 300 4MATIC,2022
10214,VAN HOOL,CX35,2023
10215,VAN HOOL,CX35,2024
10216,VAN HOOL,CX45,2023
10217,VAN HOOL,CX45,2024
10218,MACK,MD,2025
10219,FREIGHTLINER,BUSINESS CLASS M2,2025
10220,TIFFIN,BYWAY,2025
10221,CLIPPER TOWABLE,CWT162RBU,2022
10222,CLIPPER TOWABLE,CWT182DBU,2021
10223,CLIPPER TOWABLE,CWT182DBU,2022
10224,CLIPPER TOWABLE,CWT182DBU,2023
10225,CLIPPER TOWABLE,CWT182DBU,2024
10226,CLIPPER TOWABLE,CWT272RLS,2021
10227,CLIPPER TOWABLE,CWT272RLS,2022
10228,CLIPPER TOWABLE,CWT272RLS,2023
10229,CLIPPER TOWABLE,CWT272RLS,2024
10230,INDEPENDENCE TRAIL TRAILE,NTT262BH,2020
10231,INDEPENDENCE TRAIL TRAILE,NTT262BH,2021
10232,INDEPENDENCE TRAIL TRAILE,NTT262DBS,2020
10233,INDEPENDENCE TRAIL TRAILE,NTT262DBS,2021
10234,INDEPENDENCE TRAIL TRAILE,NTT262DBS,2022
10235,INDEPENDENCE TRAIL TRAILE,NTT262DBS,2023
10236,VIKING TOWABLE,VWT162RBU,2022
10237,VIKING TOWABLE,VWT182DBU,2021
10238,VIKING TOWABLE,VWT182DBU,2022
10239,VIKING TOWABLE,VWT182DBU,2023
10240,VIKING TOWABLE,VWT182DBU,2024
10241,VIKING TOWABLE,VWT262BHS,2020
10242,VIKING TOWABLE,VWT262BHS,2021
10243,VIKING TOWABLE,VWT262BHS,2022
10244,VIKING TOWABLE,VWT262BHS,2023
10245,VIKING TOWABLE,VWT262BHS,2024
10246,VIKING TOWABLE,VWT26SBHSAGA,2020
10247,VIKING TOWABLE,VWT26SBHSAGA,2021
10248,VIKING TOWABLE,VWT272RLS,2021
10249,VIKING TOWABLE,VWT272RLS,2022
10250,VIKING TOWABLE,VWT272RLS,2023
10251,VIKING TOWABLE,VWT272RLS,2024
10252,IC BUS,CESB,2025
10253,MORBARK,EEGER BEEVER 1821,2023
10254,MORBARK,EEGER BEEVER 1821,2024
10255,MORBARK,EEGER BEEVER 1922,2023
10256,MORBARK,EEGER BEEVER 1922,2024
10257,MORBARK,EEGER BEEVER 2131,2023
10258,MORBARK,EEGER BEEVER 2131,2024
10259,PORSCHE,BOXSTER,2024
10260,PORSCHE,CAYMAN,2024
10261,BMW,ALPINA XB7,2025
10262,LAMBORGHINI,URUS,2023
10263,LAMBORGHINI,URUS,2024
10264,AURORA,AART18RD,2024
10265,CATALINA,ACAT18RDL,2024
10266,FOREST RIVER,FORESTER,2023
10267,FOREST RIVER,FORESTER,2024
10268,FOREST RIVER,FORESTER,2025
10269,FOREST RIVER,SOLERA,2024
10270,FOREST RIVER,SOLERA,2025
10271,FOREST RIVER,SUNSEEKER,2023
10272,FOREST RIVER,SUNSEEKER,2024
10273,FOREST RIVER,SUNSEEKER,2025
10274,BRAUNABILITY,CHRYSLER WHEELCHAIR VAN,2023
10275,BRAUNABILITY,CHRYSLER WHEELCHAIR VAN,2024
10276,ATC,TOYHAULER,2024
10277,VERMEER,BC900XL,2015
10278,VERMEER,BC900XL,2016
10279,VERMEER,BC900XL,2017
10280,VERMEER,BC900XL,2018
10281,VERMEER,BC900XL,2019
10282,VERMEER,BC900XL,2020
10283,VERMEER,BC900XL,2022
10284,KIA,NIRO EV,2022
10285,CHEVROLET,COLORADO,2024
10286,RIVIAN,EDV,2023
10287,RIVIAN,EDV,2024
10288,LINCOLN,AVIATOR,2024
10289,VINFAST,VF 8,2022
10290,VINFAST,VF 8,2024
10291,FOREST RIVER BUS,STARCRAFT RONDAK,2013
10292,STARCRAFT BUS,PRODIGY,2010
10293,STARCRAFT BUS,PRODIGY,2011
10294,STARCRAFT BUS,PRODIGY,2012
10295,STARCRAFT BUS,PRODIGY,2013
10296,STARCRAFT BUS,PRODIGY,2014
10297,STARCRAFT BUS,PRODIGY,2015
10298,STARCRAFT BUS,PRODIGY,2016
10299,STARCRAFT BUS,PRODIGY,2017
10300,STARCRAFT BUS,PRODIGY,2018
10301,STARCRAFT BUS,PRODIGY,2019
10302,STARCRAFT BUS,PRODIGY,2020
10303,STARCRAFT BUS,QUEST,2010
10304,STARCRAFT BUS,QUEST,2011
10305,STARCRAFT BUS,QUEST,2012
10306,STARCRAFT BUS,QUEST,2013
10307,STARCRAFT BUS,QUEST,2014
10308,STARCRAFT BUS,QUEST,2015
10309,STARCRAFT BUS,QUEST,2016
10310,STARCRAFT BUS,QUEST,2017
10311,STARCRAFT BUS,QUEST,2018
10312,STARCRAFT BUS,QUEST,2019
10313,STARCRAFT BUS,QUEST,2020
10314,MERCEDES-BENZ,AMG EQE 53 4MATIC,2024
10315,MERCEDES-BENZ,AMG EQE SUV 53 4MATIC,2024
10316,MERCEDES-BENZ,AMG EQE SUV 53 4MATIC,2025
10317,MERCEDES-BENZ,AMG EQS 53 4MATIC,2024
10318,MERCEDES-BENZ,EQE 350+,2024
10319,MERCEDES-BENZ,EQE 350 4MATIC,2024
10320,MERCEDES-BENZ,EQE SUV 350+,2023
10321,MERCEDES-BENZ,EQE SUV 350+,2024
10322,MERCEDES-BENZ,EQE SUV 350+,2025
10323,MERCEDES-BENZ,EQE SUV 350 4MATIC,2023
10324,MERCEDES-BENZ,EQE SUV 350 4MATIC,2024
10325,MERCEDES-BENZ,EQE SUV 350 4MATIC,2025
10326,MERCEDES-BENZ,EQE SUV 500 4MATIC,2023
10327,MERCEDES-BENZ,EQE SUV 500 4MATIC,2024
10328,MERCEDES-BENZ,EQE SUV 500 4MATIC,2025
10329,MERCEDES-BENZ,EQS 450+,2024
10330,MERCEDES-BENZ,EQS SUV 450+,2023
10331,MERCEDES-BENZ,EQS SUV 450+,2024
10332,MERCEDES-BENZ,EQS SUV 450+,2025
10333,MERCEDES-BENZ,EQS SUV 450 4MATIC,2023
10334,MERCEDES-BENZ,EQS SUV 450 4MATIC,2024
10335,MERCEDES-BENZ,EQS SUV 450 4MATIC,2025
10336,MERCEDES-BENZ,EQS SUV 580 4MATIC,2023
10337,MERCEDES-BENZ,EQS SUV 580 4MATIC,2024
10338,MERCEDES-BENZ,EQS SUV 580 4MATIC,2025
10339,MERCEDES-MAYBACH,EQS SUV 680 4MATIC,2024
10340,MERCEDES-MAYBACH,EQS SUV 680 4MATIC,2025
10341,KARMA,REVERO GS-6,2020
10342,KARMA,REVERO GS-6,2021
10343,KARMA,REVERO GS-6,2022
10344,KARMA,REVERO GT,2020
10345,KARMA,REVERO GT,2021
10346,KARMA,REVERO GT,2022
10347,KARMA,REVERO GTS,2020
10348,KARMA,REVERO GTS,2021
10349,KARMA,REVERO GTS,2022
10350,AUTOCAR,XPEDITOR,2024
10351,FOREST RIVER,SABRE,2024
10352,FOREST RIVER,PUMA,2024
10353,FOREST RIVER,RAINIER,2024
10354,FOREST RIVER,SALEM,2024
10355,FOREST RIVER,STEALTH EVO,2024
10356,FOREST RIVER,VIBE,2024
10357,FOREST RIVER,WILDWOOD,2024
10358,THOMAS BUILT BUSES,SAF-T-LINER EFX,2025
10359,FCCC,MC,2025
10360,FCCC,MT45,2025
10361,FCCC,MT45G,2025
10362,FCCC,MT55,2025
10363,FCCC,MT55G,2025
10364,FCCC,S2C,2025
10365,FCCC,S2RV,2025
10366,FCCC,XBS,2025
10367,FCCC,XCM,2025
10368,FCCC,XCP,2025
10369,FCCC,XCR,2025
10370,FCCC,XCS,2025
10371,FREIGHTLINER,108SD,2025
10372,FREIGHTLINER,114SD,2025
10373,WESTERN STAR,47X,2025
10374,WESTERN STAR,57X,2025
10375,FOREST RIVER,CEDAR CREEK,2004
10376,FOREST RIVER,CEDAR CREEK,2005
10377,FOREST RIVER,CEDAR CREEK,2006
10378,FOREST RIVER,CEDAR CREEK,2007
10379,FOREST RIVER,CEDAR CREEK,2008
10380,FOREST RIVER,CEDAR CREEK,2009
10381,FOREST RIVER,CEDAR CREEK,2010
10382,FOREST RIVER,CEDAR CREEK,2011
10383,FOREST RIVER,CEDAR CREEK,2012
10384,FOREST RIVER,CEDAR CREEK,2013
10385,FOREST RIVER,CEDAR CREEK,2014
10386,FOREST RIVER,CEDAR CREEK,2015
10387,FOREST RIVER,CEDAR CREEK,2016
10388,FOREST RIVER,CEDAR CREEK,2017
10389,FOREST RIVER,CEDAR CREEK,2020
10390,FOREST RIVER,CEDAR CREEK,2021
10391,FOREST RIVER,CEDAR CREEK,2022
10392,FOREST RIVER,CEDAR CREEK,2023
10393,FOREST RIVER,CEDAR CREEK,2024
10394,FOREST RIVER,PUMA,2006
10395,FOREST RIVER,PUMA,2007
10396,FOREST RIVER,PUMA,2008
10397,FOREST RIVER,PUMA,2009
10398,FOREST RIVER,PUMA,2010
10399,FOREST RIVER,PUMA,2011
10400,FOREST RIVER,PUMA,2012
10401,FOREST RIVER,PUMA,2013
10402,FOREST RIVER,PUMA,2014
10403,FOREST RIVER,PUMA,2015
10404,FOREST RIVER,PUMA,2016
10405,FOREST RIVER,PUMA,2017
10406,FOREST RIVER,PUMA,2018
10407,FOREST RIVER,PUMA,2019
10408,FOREST RIVER,PUMA,2020
10409,FOREST RIVER,PUMA,2021
10410,FOREST RIVER,PUMA,2022
10411,FOREST RIVER,PUMA,2023
10412,VOLVO,VHD,2025
10413,VOLVO,VN,2025
10414,VOLVO,VNRE (ELECTRIC),2025
10415,MACK,ANTHEM (AN),2025
10416,MACK,GRANITE (GR),2025
10417,MACK,TE,2025
10418,MACK,MD (ELECTRIC),2024
10419,TIMPTE,TIMPTE,2024
10420,TIMPTE,TIMPTE,2025
10421,VERMEER,VACUUM EXCAVATOR,2023
10422,HYUNDAI,SANTA CRUZ,2024
10423,RAM,PROMASTER,2024
10424,FORETRAVEL,IC-37,2020
10425,CHEVROLET,CORVETTE,2024
10426,CHEVROLET,CORVETTE,2025
10427,TOYOTA,HIGHLANDER,2024
10428,FCCC,XBS,2024
10429,FCCC,XCM,2024
10430,FCCC,XCR,2024
10431,MACK,PIONEER (PR),2025
10432,THOR MOTOR COACH,INDIGO,2024
10433,THOR MOTOR COACH,INDIGO,2025
10434,THOR MOTOR COACH,LUMINATE,2024
10435,THOR MOTOR COACH,LUMINATE,2025
10436,THOR MOTOR COACH,SANCTUARY,2025
10437,THOR MOTOR COACH,TRANQUILITY,2025
10438,AUDI,Q8 E-TRON,2024
10439,AUDI,Q8 SPORTBACK E-TRON,2024
10440,FOREST RIVER BUS,STARCRAFT ALLSTAR MPV,2013
10441,FOREST RIVER BUS,STARCRAFT ALLSTAR MPV,2014
10442,FOREST RIVER BUS,STARCRAFT ALLSTAR MPV,2015
10443,FOREST RIVER BUS,STARCRAFT ALLSTAR MPV,2016
10444,FOREST RIVER BUS,STARCRAFT ALL STAR XL,2016
10445,FOREST RIVER BUS,STARCRAFT ALL STAR XL,2019
10446,FOREST RIVER BUS,STARCRAFT ALLSTAR XL MVP,2016
10447,FOREST RIVER BUS,STARCRAFT ALLSTAR XL MVP,2017
10448,FOREST RIVER BUS,STARCRAFT ALLSTAR XL MVP,2018
10449,FOREST RIVER BUS,STARCRAFT MFSAB/PRODIGY,2009
10450,FOREST RIVER BUS,STARCRAFT MFSAB/PRODIGY,2010
10451,FOREST RIVER BUS,STARCRAFT MFSAB/PRODIGY,2012
10452,FOREST RIVER BUS,STARCRAFT MFSAB/PRODIGY,2013
10453,FOREST RIVER BUS,STARCRAFT MFSAB/PRODIGY,2014
10454,FOREST RIVER BUS,STARCRAFT MFSAB/PRODIGY,2015
10455,FOREST RIVER BUS,STARCRAFT MFSAB/PRODIGY,2016
10456,FOREST RIVER BUS,STARCRAFT MFSAB/PRODIGY,2017
10457,FOREST RIVER BUS,STARCRAFT MFSAB/PRODIGY,2018
10458,FOREST RIVER BUS,STARCRAFT MPV/PRODIGY BUS,2013
10459,FOREST RIVER BUS,STARCRAFT MPV/PRODIGY BUS,2015
10460,FOREST RIVER BUS,STARCRAFT MPV/PRODIGY BUS,2016
10461,FOREST RIVER BUS,STARCRAFT MPV/PRODIGY BUS,2017
10462,FOREST RIVER BUS,STARCRAFT MPV/PRODIGY BUS,2018
10463,STARCRAFT BUS,PRODIGY,2009
10464,STARCRAFT BUS,QUEST,2009
10465,STARCRAFT BUS,QUEST,2021
10466,STARCRAFT BUS,QUEST,2022
10467,STARCRAFT BUS,QUEST XL,2011
10468,STARCRAFT BUS,QUEST XL,2014
10469,STARCRAFT BUS,QUEST XL,2015
10470,STARCRAFT BUS,QUEST XL,2016
10471,ENDERA,SCHOOL BUS,2021
10472,ENDERA,SCHOOL BUS,2022
10473,ENDERA,SCHOOL BUS,2023
10474,ENDERA,SCHOOL BUS,2024
10475,KENWORTH,K270,2025
10476,KENWORTH,K370,2025
10477,KENWORTH,W900,2025
10478,PETERBILT,MODEL 220,2025
10479,TEREX,TM-SERIES,2022
10480,TEREX,TM-SERIES,2023
10481,ALTEC,AERIAL DEVICE,2024
10482,FORD,ESCAPE,2024
10483,THOR MOTOR COACH,MAGNITUDE,2024
10484,THOR MOTOR COACH,OMNI,2024
10485,TOYOTA,CROWN,2023
10486,MICRO BIRD,G5 SCHOOL BUS,2025
10487,LAND ROVER,DISCOVERY,2024
10488,LAND ROVER,RANGE ROVER VELAR,2024
10489,JAGUAR,F-PACE,2024
10490,PORSCHE,TAYCAN,2025
10491,CADILLAC,XT5,2025
10492,CADILLAC,XT6,2025
10493,LEXUS,TX,2024
10494,LEXUS,TX HYBRID,2024
10495,TOYOTA,GRAND HIGHLANDER,2024
10496,TOYOTA,GRAND HIGHLANDER HYBRID,2024
10497,ISUZU,FTR,2025
10498,INFINITI,Q50,2014
10499,INFINITI,Q50,2015
10500,INFINITI,Q50,2016
10501,INFINITI,Q50,2017
10502,INFINITI,Q50,2018
10503,INFINITI,Q70,2015
10504,INFINITI,Q70,2016
10505,INFINITI,Q70,2017
10506,INFINITI,Q70,2018
10507,INFINITI,Q70,2019
10508,INFINITI,Q70 HYBRID,2015
10509,INFINITI,Q70 HYBRID,2016
10510,INFINITI,Q70 HYBRID,2017
10511,INFINITI,Q70 HYBRID,2018
10512,INFINITI,Q70L,2015
10513,INFINITI,Q70L,2016
10514,INFINITI,Q70L,2017
10515,INFINITI,Q70L,2018
10516,INFINITI,Q70L,2019
10517,FIAT,500,2014
10518,FIAT,500,2015
10519,FIAT,500,2016
10520,FIAT,500,2017
10521,FIAT,500,2018
10522,FIAT,500,2019
10523,BRINKLEY RV,MODEL Z,2023
10524,POLESTAR,POLESTAR 2,2024
10525,VOLKSWAGEN,GOLF R,2024
10526,VOLKSWAGEN,GTI,2024
10527,LEXUS,NX,2024
10528,LEXUS,NX,2025
10529,LEXUS,NX HYBRID,2025
10530,LEXUS,RX,2024
10531,LEXUS,RX HYBRID,2024
10532,ALTEC,AERIAL DEVICE JEMS HYBRID,2021
10533,ALTEC,AERIAL DEVICE JEMS HYBRID,2022
10534,ALTEC,AERIAL DEVICE JEMS HYBRID,2023
10535,ALTEC,AERIAL DEVICE JEMS HYBRID,2024
10536,MICRO BIRD,MB II SCHOOL BUS,2024
10537,MICRO BIRD,T-SERIES SCHOOL BUS,2023
10538,MICRO BIRD,T-SERIES SCHOOL BUS,2024
10539,MICRO BIRD,G5 TRANSIT BUS,2023
10540,MICRO BIRD,G5 TRANSIT BUS,2024
10541,MICRO BIRD,T-SERIES TRANSIT BUS,2020
10542,MICRO BIRD,T-SERIES TRANSIT BUS,2021
10543,MICRO BIRD,T-SERIES TRANSIT BUS,2022
10544,MICRO BIRD,T-SERIES TRANSIT BUS,2023
10545,COACHMEN,CROSS TRAIL,2024
10546,COACHMEN,CROSS TRAIL,2025
10547,FOREST RIVER,SALEM,2025
10548,FOREST RIVER,WILDWOOD,2025
10549,GMC,CANYON,2024
10550,DELCO TRAILERS,BUMPER HORSE,2019
10551,DELCO TRAILERS,BUMPER HORSE,2020
10552,DELCO TRAILERS,BUMPER HORSE,2021
10553,DELCO TRAILERS,BUMPER HORSE,2022
10554,DELCO TRAILERS,BUMPER HORSE,2023
10555,DELCO TRAILERS,BUMPER HORSE,2024
10556,STARCRAFT BUS,STARLITE,2024
10557,VERMEER,BC1200XL,2024
10558,TIFFIN,GH1,2025
10559,KME,PANTHER,2025
10560,SPARTAN FIRE,GLADIATOR,2025
10561,SPARTAN FIRE,METROSTAR,2025
10562,HONDA,CR-V,2024
10563,ALFA ROMEO,GIULIA,2022
10564,ALFA ROMEO,GIULIA,2023
10565,ALFA ROMEO,GIULIA,2024
10566,ALFA ROMEO,STELVIO,2022
10567,ALFA ROMEO,STELVIO,2023
10568,ALFA ROMEO,STELVIO,2024
10569,ALFA ROMEO,STELVIO,2025
10570,FIAT,500E,2024
10571,FIAT,500X,2019
10572,FIAT,500X,2020
10573,FIAT,500X,2021
10574,FIAT,500X,2022
10575,FIAT,500X,2023
10576,JEEP,RENEGADE,2021
10577,JEEP,RENEGADE,2022
10578,JEEP,RENEGADE,2023
10579,FCCC,S2C,2023
10580,FCCC,S2C,2024
10581,FCCC,S2RV,2024
10582,BMW,323I,2006
10583,BMW,323I,2007
10584,BMW,323I,2008
10585,BMW,323I,2009
10586,BMW,323I,2010
10587,BMW,323I,2011
10588,KEYSTONE,ASPEN TRAIL,2024
10589,KEYSTONE,COLORADO,2024
10590,TEREX,XT PRO,2024
10591,BMW,528I,2014
10592,BMW,535I,2014
10593,BMW,550I,2014
10594,BMW,640I,2015
10595,BMW,650I,2015
10596,BMW,ACTIVEHYBRID 5,2014
10597,BMW,X3,2013
10598,GENESIS,G70,2023
10599,HYUNDAI,ELANTRA N,2023
10600,HYUNDAI,KONA N,2023
10601,HYUNDAI,VELOSTER N,2019
10602,HYUNDAI,VELOSTER N,2020
10603,FOREST RIVER,CHEROKEE,2025
10604,SUZUKI,DL800,2023
10605,SUZUKI,DL800,2024
10606,MASERATI,MC20,2023
10607,MASERATI,MC20,2024
10608,MASERATI,MC20 CIELO,2024
10609,CHRYSLER,PACIFICA PLUG-IN HYBRID,2021
10610,HYUNDAI,XCIENT,2023
10611,HONDA,PROLOGUE,2024
10612,DOOSAN PORTABLE POWER,MOBILE GENERATOR,2024
10613,MOTIV,E-450 CHASSIS,2021
10614,MOTIV,E-450 CHASSIS,2022
10615,MOTIV,E-450 CHASSIS,2023
10616,MOTIV,E-450 CHASSIS,2024
10617,MOTIV,F-53 CHASSIS,2019
10618,MOTIV,F-53 CHASSIS,2020
10619,MOTIV,F-59 CHASSIS,2019
10620,MOTIV,F-59 CHASSIS,2020
10621,MOTIV,F-59 CHASSIS,2021
10622,MOTIV,F-59 CHASSIS,2022
10623,MOTIV,F-59 CHASSIS,2023
10624,TOYOTA,4RUNNER,2024
10625,TOYOTA,BZ4X,2024
10626,TOYOTA,CAMRY HYBRID,2025
10627,TOYOTA,COROLLA,2024
10628,TOYOTA,COROLLA CROSS HYBRID,2024
10629,TOYOTA,CROWN,2024
10630,TOYOTA,CROWN,2025
10631,TOYOTA,GR86,2023
10632,TOYOTA,GR86,2024
10633,TOYOTA,GR COROLLA,2023
10634,TOYOTA,GR COROLLA,2024
10635,TOYOTA,GR SUPRA,2023
10636,TOYOTA,HIGHLANDER HYBRID,2024
10637,TOYOTA,LAND CRUISER,2024
10638,TOYOTA,TACOMA,2024
10639,TOYOTA,TACOMA HYBRID,2024
10640,TOYOTA,VENZA HYBRID,2023
10641,TOYOTA,VENZA HYBRID,2024
10642,INDIAN,CHALLENGER,2024
10643,INDIAN,CHALLENGER DARK HORSE,2024
10644,INDIAN,CHALLENGER LIMITED,2024
10645,INDIAN,PURSUIT DARK HORSE,2024
10646,INDIAN,PURSUIT LIMITED,2024
10647,STORYTELLER OVERLAND,GXV NEXT,2024
10648,THOMAS BUILT BUSES,MINOTOUR DRW,2019
10649,THOMAS BUILT BUSES,MINOTOUR DRW,2020
10650,THOMAS BUILT BUSES,MINOTOUR DRW,2021
10651,THOMAS BUILT BUSES,MINOTOUR DRW,2022
10652,INTERNATIONAL,RH,2025
10653,BMW,R 1300 GS,2024
10654,HYUNDAI,SANTA FE HYBRID,2024
10655,HYUNDAI,GENESIS COUPE,2010
10656,TIFFIN,ALLEGRO BUS,2025
10657,TIFFIN,PHAETON,2024
10658,TIFFIN,PHAETON,2025
10659,TIFFIN,ZEPHYR,2025
10660,CADILLAC,XT4,2024
10661,CHEVROLET,MALIBU,2024
10662,BMW,340XI,2020
10663,BMW,740XI,2020
10664,BMW,740XI,2021
10665,BMW,840XI,2020
10666,BMW,M340XI,2020
10667,DOOSAN,PORTABLE AIR COMPRESSOR,2023
10668,TAXA,MANTIS,2021
10669,TAXA,MANTIS,2022
10670,TAXA,MANTIS,2023
10671,TAXA,MANTIS,2024
10672,FOREST RIVER,FREELANDER,2025
10673,HYUNDAI,SONATA,2024
10674,GENESIS,GV60,2025
10675,GENESIS,GV80,2025
10676,LEXUS,UX HYBRID,2025
10677,MERCEDES-BENZ,AMG GLB35,2024
10678,FORD,MUSTANG MACH E,2023
10679,FORD,MUSTANG MACH E,2024
10680,TRIPLE E,UNITY,2024
10681,FORD,RANGER,2024
10682,LINCOLN,NAUTILUS,2024
10683,LIVEWIRE,S2 MULHOLLAND,2024
10684,MOTIV,EPIC4 E450 BEV SCHOOL BUS,2021
10685,MOTIV,EPIC4 E450 BEV SCHOOL BUS,2022
10686,MOTIV,EPIC4 E450 BEV SCHOOL BUS,2023
10687,MOTIV,F-59 SCHOOL BUS,2020
10688,HEARTLAND,TORQUE,2025
10689,CRUISER,STRYKER,2025
10690,FLEETWOOD,FLAIR,2018
10691,FLEETWOOD,FLAIR,2019
10692,FLEETWOOD,FLAIR,2024
10693,FLEETWOOD,FLAIR,2025
10694,FLEETWOOD,FLEX,2024
10695,FLEETWOOD,FLEX,2025
10696,FLEETWOOD,FORTIS,2024
10697,FLEETWOOD,PACE ARROW,2018
10698,FLEETWOOD,STORM,2018
10699,HOLIDAY RAMBLER,ADMIRAL,2019
10700,HOLIDAY RAMBLER,ADMIRAL,2024
10701,HOLIDAY RAMBLER,ADMIRAL,2025
10702,HOLIDAY RAMBLER,ADMIRAL XE,2018
10703,HOLIDAY RAMBLER,ECLIPSE,2024
10704,HOLIDAY RAMBLER,ECLIPSE,2025
10705,HOLIDAY RAMBLER,INVICTA,2024
10706,HOLIDAY RAMBLER,INVICTA,2025
10707,HOLIDAY RAMBLER,VACATIONER XE,2018
10708,HOLIDAY RAMBLER,VACATIONER XE,2019
10709,BMW,228I,2016
10710,BMW,228XI,2014
10711,BMW,228XI,2015
10712,BMW,228XI,2016
10713,BMW,328I,2016
10714,BMW,328XI,2013
10715,BMW,328XI,2014
10716,BMW,328XI,2015
10717,BMW,328XI,2016
10718,BMW,428I,2016
10719,BMW,428XI,2015
10720,BMW,428XI,2016
10721,BMW,528I,2012
10722,BMW,528I,2013
10723,BMW,528I,2015
10724,BMW,528I,2016
10725,BMW,X1,2012
10726,BMW,X4,2016
10727,BMW,X4,2017
10728,BMW,X4,2018
10729,BMW,Z4,2012
10730,BMW,Z4,2013
10731,BMW,Z4,2014
10732,BMW,Z4,2015
10733,BMW,Z4,2016
10734,CFMOTO,IBEX800-S,2023
10735,CFMOTO,IBEX800-T,2023
10736,ACURA,ZDX,2024
10737,FOREST RIVER,R-POD,2025
10738,FOREST RIVER,PUMA,2025
10739,ESCAPE,ESCAPE 17,2024
10740,ESCAPE,ESCAPE 19,2024
10741,ESCAPE,ESCAPE 21,2024
10742,ESCAPE,ESCAPE 23,2024
10743,ESCAPE,ESCAPE 5.0,2024
10744,MCI,D45CRTELE,2021
10745,MORBARK,EEGER BEEVER 1821,2018
10746,MORBARK,EEGER BEEVER 1821,2019
10747,MORBARK,EEGER BEEVER 1821,2020
10748,MORBARK,EEGER BEEVER 1821,2021
10749,MORBARK,EEGER BEEVER 1821,2022
10750,MORBARK,EEGER BEEVER 2131,2018
10751,MORBARK,EEGER BEEVER 2131,2019
10752,MORBARK,EEGER BEEVER 2131,2020
10753,MORBARK,EEGER BEEVER 2131,2021
10754,MORBARK,EEGER BEEVER 2131,2022
10755,MORBARK,EEGER BEEVER 2230,2018
10756,MORBARK,EEGER BEEVER 2230,2019
10757,MORBARK,EEGER BEEVER 2230,2020
10758,MORBARK,EEGER BEEVER 2230,2021
10759,MORBARK,EEGER BEEVER 2230,2022
10760,MORBARK,EEGER BEEVER 2230,2023
10761,MORBARK,EEGER BEEVER 2230,2024
10762,MORBARK,M20,2018
10763,MORBARK,M20,2019
10764,MORBARK,M20,2020
10765,MORBARK,M20,2021
10766,MORBARK,M20,2022
10767,MORBARK,M20,2023
10768,MORBARK,M20,2024
10769,FORD,EXPLORER,2025
10770,LINCOLN,NAUTILUS,2021
10771,LINCOLN,NAUTILUS,2022
10772,GREAT DANE,EVEREST SS,2025
10773,ATC,COMMERCIAL OFFICE,2021
10774,ATC,COMMERCIAL OFFICE,2022
10775,ATC,COMMERCIAL OFFICE,2023
10776,KENTUCKY TRAILER,MV,2022
10777,KENTUCKY TRAILER,MV,2023
10778,KENTUCKY TRAILER,MV,2024
10779,KENTUCKY TRAILER,PV,2022
10780,KENTUCKY TRAILER,PV,2023
10781,KENTUCKY TRAILER,PV,2024
10782,ALTEC,AT SERIES,2024
10783,ALTEC,ST SPRAYERS,2024
10784,ALTEC,TA CLASS,2024
10785,JEEP,GLADIATOR,2024
10786,AIRSTREAM,TRADE WIND,2024
10787,MERCEDES-BENZ,AMG GLC43,2024
10788,AIRSTREAM,CLASSIC,2025
10789,THOR MOTOR COACH,PALLADIUM,2024
10790,THOR MOTOR COACH,TALAVERA,2024
10791,FREIGHTLINER,108SD,2024
10792,FREIGHTLINER,EM2,2025
10793,WESTERN STAR,47X,2024
10794,WESTERN STAR,57X,2024
10795,TIFFIN,ALLEGRO BAY,2025
10796,STORYTELLER OVERLAND,GXV HILT,2024
10797,HARLEY-DAVIDSON,FLHX,2024
10798,HARLEY-DAVIDSON,FLHXSE,2024
10799,HARLEY-DAVIDSON,FLTRX,2024
10800,HARLEY-DAVIDSON,FLTRXSE,2024
10801,HARLEY-DAVIDSON,FLTRXSTSE,2024
10802,CADILLAC,ESCALADE,2024
10803,CADILLAC,ESCALADE ESV,2024
10804,CHEVROLET,SUBURBAN 1500,2023
10805,CHEVROLET,SUBURBAN 1500,2024
10806,CHEVROLET,TAHOE,2024
10807,GMC,YUKON,2024
10808,GMC,YUKON XL,2024
10809,LAND ROVER,RANGE ROVER EVOQUE,2024
10810,MASERATI,GRANTURISMO,2024
10811,MASERATI,NUOVA GRANCABRIO,2024
10812,KAWASAKI,NINJA 7 HYBRID,2024
10813,KAWASAKI,Z7 HYBRID,2024
10814,ALTEC,DIGGER DERRICK,2024
10815,ALTEC,PRESSURE DIGGER,2023
10816,ALTEC,PRESSURE DIGGER,2024
10817,FORD,EXPLORER,2024
10818,RIVIAN,R1S,2025
10819,MERCEDES-BENZ,AMG CLE53,2024
10820,HYUNDAI,TUCSON,2025
10821,FIAT,124 SPIDER,2017
10822,FIAT,124 SPIDER,2018
10823,FIAT,124 SPIDER,2020
10824,BMW,540I,2024
10825,MINI,COUNTRYMAN S ALL4,2025
10826,MINI,JCW COUNTRYMAN ALL4,2025
10827,LAMBORGHINI,HURACAN SPYDER,2024
10828,GMC,SAVANA CUTAWAY VAN,2013
10829,GMC,SAVANA CUTAWAY VAN,2014
10830,GMC,SAVANA CUTAWAY VAN,2015
10831,GMC,SAVANA CUTAWAY VAN,2016
10832,GMC,SAVANA CUTAWAY VAN,2017
10833,GMC,SAVANA CUTAWAY VAN,2018
10834,GMC,SAVANA CUTAWAY VAN,2019
10835,TOYOTA,COROLLA HYBRID,2023
10836,TOYOTA,COROLLA HYBRID,2024
10837,TOYOTA,COROLLA HYBRID,2025
10838,BUICK,ENVISION,2024
10839,BMW,228I,2023
10840,BMW,228I,2024
10841,BMW,228I XDRIVE,2023
10842,BMW,228I XDRIVE,2024
10843,ASTON MARTIN,DB12,2024
10844,ASTON MARTIN,DB12,2025
10845,ASTON MARTIN,DBX707,2024
10846,ASTON MARTIN,DBX707,2025
10847,ASTON MARTIN,VANTAGE,2025
10848,ROYAL ENFIELD,CLASSIC 350,2023
10849,ROYAL ENFIELD,CONTINENTAL GT 650,2023
10850,ROYAL ENFIELD,HIMALAYAN,2023
10851,ROYAL ENFIELD,HUNTER 350,2023
10852,ROYAL ENFIELD,INT 650,2023
10853,ROYAL ENFIELD,METEOR 350,2023
10854,ROYAL ENFIELD,SUPER METEOR 650,2023
10855,BMW,530I XDRIVE,2024
10856,BMW,530I XDRIVE,2025
10857,BMW,540I XDRIVE,2024
10858,BMW,540I XDRIVE,2025
10859,BMW,740I XDRIVE,2024
10860,BMW,750E XDRIVE,2024
10861,BMW,760I XDRIVE,2024
10862,BMW,I5 EDRIVE40,2024
10863,BMW,I5 EDRIVE40,2025
10864,BMW,I5 M60 XDRIVE,2024
10865,BMW,I5 M60 XDRIVE,2025
10866,BMW,I5 XDRIVE40,2025
10867,BMW,I7 EDRIVE50,2024
10868,BMW,I7 M70 XDRIVE,2024
10869,BMW,I7 XDRIVE60,2024
10870,RAM,PROMASTER BEV,2024
10871,BMW,R 18,2021
10872,BMW,R 18,2022
10873,BMW,R 18,2023
10874,BMW,R 18,2024
10875,BRINKLEY RV,MODEL Z,2025
10876,HARLEY-DAVIDSON,FXBB,2018
10877,HARLEY-DAVIDSON,FXBB,2019
10878,HARLEY-DAVIDSON,FXLR,2018
10879,HARLEY-DAVIDSON,FXLR,2019
10880,JEEP,GRAND CHEROKEE 4XE,2023
10881,JEEP,GRAND CHEROKEE 4XE,2024
10882,JEEP,WRANGLER 4XE,2020
10883,JEEP,WRANGLER 4XE,2022
10884,JEEP,WRANGLER 4XE,2023
10885,JEEP,WRANGLER 4XE,2024
10886,FOREST RIVER,CLIPPER CAMPING TRAILER,2024
10887,FOREST RIVER,CLIPPER CAMPING TRAILER,2025
10888,VIKING TRAVEL TRAILERS,VIKING,2024
10889,VIKING TRAVEL TRAILERS,VIKING,2025
10890,FORD,F-53,2024
10891,FORD,F-59,2024
10892,CHEVROLET,BLAZER,2025
10893,CHEVROLET,BLAZER EV,2025
10894,CHEVROLET,EQUINOX EV,2025
10895,CHEVROLET,SILVERADO 4500,2024
10896,CHEVROLET,SILVERADO 5500,2024
10897,CHEVROLET,SILVERADO 6500,2025
10898,BMW,760I XDRIVE,2023
10899,BMW,I7 XDRIVE60,2023
10900,TEREX,TL-SERIES,2023
10901,TEREX,TL-SERIES,2024
10902,TEREX,TM-SERIES,2024
10903,ACURA,INTEGRA,2024
10904,ACURA,INTEGRA,2025
10905,ACURA,INTEGRA TYPE S,2024
10906,ACURA,INTEGRA TYPE S,2025
10907,HONDA,CIVIC,2025
10908,HONDA,CIVIC HATCHBACK,2022
10909,HONDA,CIVIC HATCHBACK,2023
10910,HONDA,CIVIC HATCHBACK,2024
10911,HONDA,CIVIC HATCHBACK,2026
10912,HONDA,CIVIC HATCHBACK HYBRID,2025
10913,HONDA,CIVIC HYBRID,2025
10914,HONDA,CIVIC TYPE-R,2024
10915,HONDA,CIVIC TYPE-R,2025
10916,HONDA,CR-V,2025
10917,HONDA,CR-V FUEL CELL EV,2025
10918,HONDA,CR-V HYBRID,2024
10919,HONDA,CR-V HYBRID,2025
10920,HONDA,HR-V,2025
10921,CATALINA,CAT243RBSLE,2025
10922,INFINITI,QX80,2025
10923,NISSAN,ROGUE,2024
10924,NISSAN,ROGUE,2025
10925,IC BUS,EVSB,2025
10926,ALFA ROMEO,TONALE,2025
10927,DODGE,HORNET,2025
10928,HARLEY-DAVIDSON,FXLRST,2024
10929,KIA,EV9,2025
10930,HYUNDAI,NEXO,2022
10931,HYUNDAI,NEXO,2023
10932,HYUNDAI,NEXO,2024
10933,HONDA,ACCORD HYBRID,2024
10934,LAMBORGHINI,REVUELTO,2024
10935,MULTIQUIP,TRLR-55164,2012
10936,MULTIQUIP,TRLR-55164,2013
10937,MULTIQUIP,TRLR-55164,2014
10938,MULTIQUIP,TRLR-55164,2015
10939,MULTIQUIP,TRLR-55348,2010
10940,MULTIQUIP,TRLR-55348,2011
10941,MULTIQUIP,TRLR-55348,2012
10942,MULTIQUIP,TRLR-55348,2013
10943,MULTIQUIP,TRLR-55348,2014
10944,MULTIQUIP,TRLR-55348,2015
10945,MULTIQUIP,TRLR-55348,2016
10946,MULTIQUIP,TRLR-57615,2013
10947,SUZUKI,GSX1300R,2022
10948,SUZUKI,GSX1300R,2023
10949,FORD,BRONCO,2025
10950,EAST TO WEST,ENTRADA,2024
10951,FOREST RIVER,AHARA TRAVEL TRAILER,2024
10952,FOREST RIVER,ENCORE,2021
10953,FOREST RIVER,ENCORE,2022
10954,FOREST RIVER,ENCORE,2023
10955,FOREST RIVER,ENCORE,2024
10956,FOREST RIVER,ENCORE,2025
10957,FOREST RIVER,FR3,2025
10958,FOREST RIVER,GEORGETOWN,2025
10959,FOREST RIVER,MIRADA,2021
10960,FOREST RIVER,MIRADA,2022
10961,FOREST RIVER,MIRADA,2023
10962,FOREST RIVER,MIRADA,2024
10963,FOREST RIVER,MIRADA,2025
10964,FOREST RIVER,PURSUIT,2021
10965,FOREST RIVER,PURSUIT,2022
10966,FOREST RIVER,PURSUIT,2023
10967,FOREST RIVER,PURSUIT,2024
10968,FOREST RIVER,PURSUIT,2025
10969,FOREST RIVER,SPORTSCOACH,2025
10970,FOREST RIVER,V-CRUISE,2025
10971,FOREST RIVER,V-RV,2024
10972,FOREST RIVER,V-RV,2025
10973,FOREST RIVER,V-SPORT,2025
10974,FOREST RIVER,V-TOUR,2025
10975,BMW,X3,2025
10976,FOREST RIVER,RIVERSTONE,2023
10977,FOREST RIVER,RIVERSTONE,2024
10978,AURORA,ART26BHS,2025
10979,CATALINA,CAT261BHS,2024
10980,CATALINA,CAT261BHS,2025
10981,FOREST RIVER BUS,COLLINS SCHOOL BUS,2025
10982,FOREST RIVER BUS,COLLINS SCHOOL BUS,2026
10983,FOREST RIVER BUS,MAGELLAN SCHOOL BUS,2025
10984,FOREST RIVER BUS,MID BUS SCHOOL BUS,2026
10985,ATC,CAR HAULER,2013
10986,ATC,CAR HAULER,2014
10987,ATC,CAR HAULER,2015
10988,ATC,CAR HAULER,2016
10989,ATC,CAR HAULER,2017
10990,ATC,CAR HAULER,2018
10991,ATC,CAR HAULER,2019
10992,ATC,CAR HAULER,2020
10993,ATC,CAR HAULER,2021
10994,ATC,CAR HAULER,2022
10995,ATC,CAR HAULER,2023
10996,ATC,CAR HAULER,2024
10997,ATC,CAR HAULER,2025
10998,ATC,STACKER,2017
10999,ATC,STACKER,2018
11000,ATC,STACKER,2019
11001,ATC,STACKER,2020
11002,ATC,STACKER,2021
11003,ATC,STACKER,2022
11004,ATC,STACKER,2023
11005,ATC,STACKER,2024
11006,ATC,STACKER,2025
11007,MERCEDES-BENZ,AMG GLB35,2025
11008,MERCEDES-BENZ,GLB 250,2025
11009,BRINKLEY RV,MODEL G,2025
11010,NEWMAR,SUPER STAR,2024
11011,NEWMAR,SUPER STAR,2025
11012,VOLVO,S60PHEV,2020
11013,VOLVO,S90PHEV,2020
11014,VOLVO,V60PHEV,2020
11015,VOLVO,XC60PHEV,2020
11016,VOLVO,XC90PHEV,2020
11017,KENWORTH,C500,2025
11018,KENWORTH,T800,2025
11019,VOLVO,VAH,2025
11020,MACK,PINNACLE (PI/PN),2023
11021,MACK,PINNACLE (PI/PN),2025
11022,MACK,TERRAPRO (TE),2020
11023,MACK,TERRAPRO (TE),2021
11024,MACK,TERRAPRO (TE),2025
11025,CHRYSLER,VOYAGER,2020
11026,RAM,1500,2025
11027,CADILLAC,XT4,2025
11028,SPARTAN FIRE,FC-94,2025
11029,LINCOLN,AVIATOR,2025
11030,FOREST RIVER,PALOMINO,2025
11031,FORD,F-250 SD,2024
11032,FORD,F-350 SD,2024
11033,FORD,F-450 SD,2024
11034,PORSCHE,718 CAYMAN GT4 RS,2024
11035,PORSCHE,718 SPYDER RS,2024
11036,FERRARI,F8 SPIDER,2023
11037,FERRARI,PORTOFINO M,2023
11038,FERRARI,ROMA SPIDER,2024
11039,MAZDA,CX-70,2025
11040,MAZDA,CX-90,2024
11041,MAZDA,CX-90,2025
11042,INTERNATIONAL,PROSTAR,2022
11043,AUTOCAR,XSPOTTER,2024
11044,AUTOCAR,XSPOTTER,2025
11045,ALTEC,CRANE,2022
11046,ALTEC,CRANE,2023
11047,ALTEC,CRANE,2024
11048,EAST TO WEST,ALTA,2025
11049,FOREST RIVER,VIBE,2025
11050,HONDA,METROPOLITAN,2016
11051,HONDA,METROPOLITAN,2017
11052,HONDA,METROPOLITAN,2018
11053,HONDA,METROPOLITAN,2019
11054,HONDA,METROPOLITAN,2020
11055,HONDA,METROPOLITAN,2021
11056,HONDA,METROPOLITAN,2022
11057,HONDA,METROPOLITAN,2023
11058,HONDA,METROPOLITAN,2024
11059,HONDA,METROPOLITAN,2025
11060,RIVIAN,R 1 T,2025
11061,KZRV,SPORTSMEN,2025
11062,JAYCO,NORTH POINT,2024
11063,JAYCO,PINNACLE,2024
11064,VOLKSWAGEN,BEETLE CONVERTIBLE,2017
11065,VOLKSWAGEN,BEETLE CONVERTIBLE,2018
11066,VOLKSWAGEN,BEETLE CONVERTIBLE,2019
11067,VOLKSWAGEN,PASSAT,2006
11068,VOLKSWAGEN,PASSAT,2007
11069,VOLKSWAGEN,PASSAT,2012
11070,VOLKSWAGEN,PASSAT,2013
11071,VOLKSWAGEN,PASSAT,2014
11072,LUCID,AIR,2025
11073,CHEVROLET,EXPRESS,2022
11074,CHEVROLET,EXPRESS,2023
11075,MICRO BIRD,CT-SERIES,2023
11076,AURORA,ART24RBS,2025
11077,AURORA,ART26ATH-300,2025
11078,AURORA,ART28BHS-300,2024
11079,AURORA,ART28BHS-300,2025
11080,CATALINA,CAT263BHSCKLE-300,2024
11081,CATALINA,CAT263BHSCKLE-300,2025
11082,CATALINA,CAT26TH-300,2025
11083,CATALINA,CAT283EPIC-300,2024
11084,CATALINA,CAT283EPIC-300,2025
11085,CATALINA,CAT293QBCKLE-300,2024
11086,CATALINA,CAT293QBCKLE-300,2025
11087,FOREST RIVER,IMPRESSION,2021
11088,FOREST RIVER,IMPRESSION,2022
11089,FOREST RIVER,IMPRESSION,2023
11090,FOREST RIVER,IMPRESSION,2024
11091,FOREST RIVER,IMPRESSION,2025
11092,VANCRAFT,VANCRAFT CAMPERVAN,2002
11093,VANCRAFT,VANCRAFT CAMPERVAN,2003
11094,VANCRAFT,VANCRAFT CAMPERVAN,2004
11095,VANCRAFT,VANCRAFT CAMPERVAN,2005
11096,VANCRAFT,VANCRAFT CAMPERVAN,2006
11097,FORD,ESCAPE,2025
11098,FORD,EXPEDITION,2024
11099,FORD,F-150,2025
11100,LINCOLN,NAVIGATOR,2024
11101,LINCOLN,CORSAIR,2024
11102,VANCRAFT,ALLTREK,2023
11103,VANCRAFT,ALLTREK,2024
11104,VANCRAFT,LWB,2014
11105,VANCRAFT,LWB,2015
11106,VANCRAFT,LWB,2016
11107,VANCRAFT,LWB,2017
11108,VANCRAFT,LWB,2018
11109,VANCRAFT,LWB,2019
11110,VANCRAFT,LWB,2020
11111,VANCRAFT,LWB,2021
11112,VANCRAFT,LWB,2022
11113,VANCRAFT,LWB,2023
11114,VANCRAFT,LWB XL,2023
11115,VANCRAFT,ROVER,2023
11116,VANCRAFT,ROVER,2024
11117,VANCRAFT,ROVER XL,2023
11118,VANCRAFT,ROVER XL,2024
11119,VANCRAFT,SWB,2014
11120,VANCRAFT,SWB,2015
11121,VANCRAFT,SWB,2016
11122,VANCRAFT,SWB,2017
11123,VANCRAFT,SWB,2018
11124,VANCRAFT,SWB,2019
11125,VANCRAFT,SWB,2020
11126,VANCRAFT,SWB,2021
11127,VANCRAFT,SWB,2022
11128,VANCRAFT,SWB,2023
11129,CHEVROLET,EXPRESS CUTAWAY VAN,2024
11130,GMC,SAVANA CUTAWAY VAN,2024
11131,HONDA,CBR1000RR,2008
11132,HONDA,CBR1000RR,2009
11133,HONDA,CBR1000RR,2010
11134,HONDA,CBR1000RR,2011
11135,HONDA,CBR1000RR,2012
11136,HONDA,CBR1000RR,2013
11137,HONDA,CBR1000RR,2014
11138,HONDA,CBR1000RR,2015
11139,HONDA,CBR1000RR,2016
11140,HONDA,CBR1000RR,2017
11141,HONDA,CBR600RR,2007
11142,HONDA,CBR600RR,2009
11143,HONDA,CBR600RR,2010
11144,HONDA,CBR600RR,2011
11145,HONDA,CBR600RR,2012
11146,HONDA,CBR600RR,2013
11147,HONDA,CBR600RR,2014
11148,HONDA,CBR600RR,2015
11149,HONDA,CBR600RR,2016
11150,HONDA,CBR600RR,2017
11151,HONDA,VFR1200F,2010
11152,HONDA,VFR1200F,2012
11153,HONDA,VFR1200F,2013
11154,HONDA,VFR1200FD,2010
11155,HONDA,VFR1200FD,2012
11156,HONDA,VFR1200FD,2013
11157,TRAIL KING,TKHT,2020
11158,TRAIL KING,TKHT,2021
11159,TRAIL KING,TKHT,2022
11160,TRAIL KING,TKHT,2023
11161,TRAIL KING,TKHT,2024
11162,GENESIS,GV70 ELECTRIFIED,2025
11163,HYUNDAI,IONIQ 6,2025
11164,VOLVO,EX90,2025
11165,JEEP,GRAND CHEROKEE L,2024
11166,MERCEDES BENZ,AMG E53,2007
11167,MERCEDES BENZ,AMG E53,2008
11168,MERCEDES BENZ,AMG E53,2009
11169,MERCEDES BENZ,CLK500,2007
11170,MERCEDES BENZ,E320,2003
11171,MERCEDES BENZ,E320,2004
11172,OLIVER TRAVEL TRAILERS,LEGACY ELITE,2016
11173,OLIVER TRAVEL TRAILERS,LEGACY ELITE,2017
11174,OLIVER TRAVEL TRAILERS,LEGACY ELITE,2018
11175,OLIVER TRAVEL TRAILERS,LEGACY ELITE,2019
11176,OLIVER TRAVEL TRAILERS,LEGACY ELITE,2020
11177,OLIVER TRAVEL TRAILERS,LEGACY ELITE,2021
11178,OLIVER TRAVEL TRAILERS,LEGACY ELITE,2022
11179,OLIVER TRAVEL TRAILERS,LEGACY ELITE,2023
11180,OLIVER TRAVEL TRAILERS,LEGACY ELITE,2024
11181,HYUNDAI,SANTA CRUZ,2025
11182,ALTEC,AM,1995
11183,ALTEC,AM,1996
11184,ALTEC,AN,1995
11185,ALTEC,AN,1996
11186,HONDA,CRF1100,2020
11187,HONDA,CRF1100,2021
11188,HONDA,CRF1100,2022
11189,HONDA,CRF1100,2024
11190,HONDA,CRF1100,2025
11191,FOREST RIVER,CEDAR CREEK,2025
11192,MITSUBISHI FUSO,FEC52,2016
11193,MITSUBISHI FUSO,FEC52,2017
11194,MITSUBISHI FUSO,FEC52,2018
11195,MITSUBISHI FUSO,FEC52,2019
11196,MITSUBISHI FUSO,FEC52,2020
11197,MITSUBISHI FUSO,FEC72,2016
11198,MITSUBISHI FUSO,FEC72,2017
11199,MITSUBISHI FUSO,FEC72,2018
11200,MITSUBISHI FUSO,FEC72,2019
11201,MITSUBISHI FUSO,FEC72,2020
11202,MITSUBISHI FUSO,FEC92,2016
11203,MITSUBISHI FUSO,FEC92,2017
11204,MITSUBISHI FUSO,FEC92,2018
11205,MITSUBISHI FUSO,FEC92,2019
11206,MITSUBISHI FUSO,FEC92,2020
11207,PORSCHE,MACAN ELECTRIC,2024
11208,PORSCHE,MACAN ELECTRIC,2025
11209,PAGANI,UTOPIA,2024
11210,MASERATI,GRECALE,2023
11211,MASERATI,GRECALE,2024
11212,FOREST RIVER,CONCORD,2025
11213,FOREST RIVER,ENTOURAGE,2025
11214,FOREST RIVER,LEPRECHAUN,2025
11215,RAM,2500,2017
11216,RAM,2500,2018
11217,JEEP,GRAND CHEROKEE L,2021
11218,JEEP,GRAND CHEROKEE L,2022
11219,JEEP,GRAND CHEROKEE L,2023
11220,KEYSTONE,ARCADIA,2025
11221,KEYSTONE,COUGAR,2025
11222,HONDA,PASSPORT,2024
11223,HONDA,PILOT,2025
11224,RICH SPECIALITY TRAILERS,OFFICE,2023
11225,RICH SPECIALITY TRAILERS,OFFICE,2024
11226,RICH SPECIALITY TRAILERS,SANITATION,2023
11227,RICH SPECIALITY TRAILERS,SANITATION,2024
11228,PIERCE,ENFORCER,2024
11229,PIERCE,QUANTUM,2023
11230,PIERCE,QUANTUM,2024
11231,PIERCE,VELOCITY,2024
11232,INTERNATIONAL,EMV,2025
11233,BMW,X4,2025
11234,TOYOTA,RAV4,2024
11235,FOREST RIVER,GEORGETOWN,2009
11236,FOREST RIVER,GEORGETOWN,2010
11237,FOREST RIVER,GEORGETOWN,2011
11238,FOREST RIVER,GEORGETOWN,2012
11239,FOREST RIVER,GEORGETOWN,2013
11240,FOREST RIVER,GEORGETOWN,2014
11241,FOREST RIVER,GEORGETOWN,2015
11242,FOREST RIVER,GEORGETOWN,2016
11243,FOREST RIVER,GEORGETOWN,2017
11244,KENWORTH,C500B,2024
11245,KENWORTH,C500B,2025
11246,KENWORTH,T800B,2024
11247,KENWORTH,T800B,2025
11248,KENWORTH,W900B,2021
11249,KENWORTH,W900B,2022
11250,KENWORTH,W900B,2023
11251,KENWORTH,W900B,2024
11252,KENWORTH,W900B,2025
11253,PETERBILT,365,2025
11254,PETERBILT,367,2025
11255,KIA,SORENTO PHEV,2025
11256,SUZUKI,AN400,2023
11257,SUZUKI,AN400,2024
11258,SUZUKI,AN400,2025
11259,OSHKOSH,DEFENSE NGDV ICE,2025
11260,VINFAST,VF 8,2025
11261,CUMMINS POWER GENERATION,GENERATOR SET,2023
11262,CUMMINS POWER GENERATION,GENERATOR SET,2024
11263,CHEVROLET,SILVERADO EV,2025
11264,VOLVO,C40BEV,2024
11265,POLESTAR,POLESTAR 3,2025
11266,MERCEDES-BENZ,E 350,2025
11267,MERCEDES-BENZ,E 350 4MATIC,2025
11268,MERCEDES-BENZ,E 450 4MATIC,2025
11269,MERCEDES-BENZ,E 450 4MATIC ALL-TERRAIN,2025
11270,FORD,F-150 LIGHTNING BEV,2024
11271,ACURA,TLX,2023
11272,FORD,FIESTA,2019
11273,FORD,FLEX,2019
11274,LINCOLN,MKT,2019
11275,ALTEC,AT200A,2023
11276,ALTEC,AT200A,2024
11277,LINCOLN,NAUTILUS,2025
11278,FORD,F-600 SD,2020
11279,FORD,F-650,2022
11280,FORD,F-750,2022
11281,MERCEDES-BENZ,EQS 450+,2023
11282,STORYTELLER OVERLAND,BEAST MODE,2024
11283,STORYTELLER OVERLAND,CLASSIC,2024
11284,STORYTELLER OVERLAND,MYSTIC,2024
11285,STORYTELLER OVERLAND,STEALTH,2024
11286,STORYTELLER OVERLAND,GXV HILT,2023
11287,NISSAN,KICKS,2025
11288,INDIAN,SCOUT,2025
11289,INDIAN,SCOUT SIXTY,2025